{"level":"info","message":"🚀 Server running on port 5001","timestamp":"2025-12-17T19:55:30.657Z"}
{"level":"info","message":"📊 Environment: development","timestamp":"2025-12-17T19:55:30.659Z"}
{"level":"info","message":"🔗 Frontend URL: http://localhost:3000","timestamp":"2025-12-17T19:55:30.659Z"}
{"level":"info","message":"SIGTERM received, shutting down gracefully","timestamp":"2025-12-17T19:58:41.189Z"}
{"level":"info","message":"🚀 Server running on port 5001","timestamp":"2025-12-17T19:58:42.050Z"}
{"level":"info","message":"📊 Environment: development","timestamp":"2025-12-17T19:58:42.052Z"}
{"level":"info","message":"🔗 Frontend URL: http://localhost:3000","timestamp":"2025-12-17T19:58:42.053Z"}
{"level":"info","message":"SIGTERM received, shutting down gracefully","timestamp":"2025-12-17T19:58:45.537Z"}
{"level":"info","message":"🚀 Server running on port 5001","timestamp":"2025-12-17T20:00:26.329Z"}
{"level":"info","message":"📊 Environment: development","timestamp":"2025-12-17T20:00:26.333Z"}
{"level":"info","message":"🔗 Frontend URL: http://localhost:3000","timestamp":"2025-12-17T20:00:26.333Z"}
{"level":"info","message":"SIGTERM received, shutting down gracefully","timestamp":"2025-12-17T20:00:30.307Z"}
{"level":"info","message":"🚀 Server running on port 5001","timestamp":"2025-12-17T20:00:31.055Z"}
{"level":"info","message":"📊 Environment: development","timestamp":"2025-12-17T20:00:31.056Z"}
{"level":"info","message":"🔗 Frontend URL: http://localhost:3000","timestamp":"2025-12-17T20:00:31.056Z"}
{"level":"info","message":"SIGTERM received, shutting down gracefully","timestamp":"2025-12-17T20:00:47.773Z"}
{"level":"info","message":"🚀 Server running on port 5001","timestamp":"2025-12-17T20:00:48.554Z"}
{"level":"info","message":"📊 Environment: development","timestamp":"2025-12-17T20:00:48.556Z"}
{"level":"info","message":"🔗 Frontend URL: http://localhost:3000","timestamp":"2025-12-17T20:00:48.556Z"}
{"duration":"2ms","ip":"127.0.0.1","level":"info","message":"Request completed","method":"GET","statusCode":200,"timestamp":"2025-12-17T20:01:02.463Z","url":"/health","userAgent":"curl/8.7.1"}
{"level":"info","message":"SIGTERM received, shutting down gracefully","timestamp":"2025-12-17T20:29:19.416Z"}
{"level":"info","message":"🚀 Server running on port 5001","timestamp":"2025-12-17T20:29:20.326Z"}
{"level":"info","message":"📊 Environment: development","timestamp":"2025-12-17T20:29:20.330Z"}
{"level":"info","message":"🔗 Frontend URL: http://localhost:3000","timestamp":"2025-12-17T20:29:20.330Z"}
{"level":"info","message":"SIGTERM received, shutting down gracefully","timestamp":"2025-12-17T20:29:23.911Z"}
{"level":"info","message":"🚀 Server running on port 5001","timestamp":"2025-12-17T20:29:24.577Z"}
{"level":"info","message":"📊 Environment: development","timestamp":"2025-12-17T20:29:24.579Z"}
{"level":"info","message":"🔗 Frontend URL: http://localhost:3000","timestamp":"2025-12-17T20:29:24.579Z"}
{"level":"info","message":"SIGTERM received, shutting down gracefully","timestamp":"2025-12-17T20:31:33.026Z"}
{"level":"info","message":"🚀 Server running on port 5001","timestamp":"2025-12-17T20:31:34.164Z"}
{"level":"info","message":"📊 Environment: development","timestamp":"2025-12-17T20:31:34.168Z"}
{"level":"info","message":"🔗 Frontend URL: http://localhost:3000","timestamp":"2025-12-17T20:31:34.168Z"}
{"level":"info","message":"SIGTERM received, shutting down gracefully","timestamp":"2025-12-17T20:31:37.498Z"}
{"level":"info","message":"🚀 Server running on port 5001","timestamp":"2025-12-17T20:31:38.194Z"}
{"level":"info","message":"📊 Environment: development","timestamp":"2025-12-17T20:31:38.196Z"}
{"level":"info","message":"🔗 Frontend URL: http://localhost:3000","timestamp":"2025-12-17T20:31:38.196Z"}
{"level":"info","message":"SIGTERM received, shutting down gracefully","timestamp":"2025-12-17T20:31:42.262Z"}
{"level":"info","message":"🚀 Server running on port 5001","timestamp":"2025-12-17T20:31:43.076Z"}
{"level":"info","message":"📊 Environment: development","timestamp":"2025-12-17T20:31:43.078Z"}
{"level":"info","message":"🔗 Frontend URL: http://localhost:3000","timestamp":"2025-12-17T20:31:43.078Z"}
{"level":"info","message":"SIGTERM received, shutting down gracefully","timestamp":"2025-12-17T20:31:47.115Z"}
{"level":"info","message":"🚀 Server running on port 5001","timestamp":"2025-12-17T20:31:47.778Z"}
{"level":"info","message":"📊 Environment: development","timestamp":"2025-12-17T20:31:47.781Z"}
{"level":"info","message":"🔗 Frontend URL: http://localhost:3000","timestamp":"2025-12-17T20:31:47.781Z"}
{"level":"info","message":"SIGTERM received, shutting down gracefully","timestamp":"2025-12-17T20:31:50.871Z"}
{"level":"info","message":"🚀 Server running on port 5001","timestamp":"2025-12-17T20:31:51.511Z"}
{"level":"info","message":"📊 Environment: development","timestamp":"2025-12-17T20:31:51.513Z"}
{"level":"info","message":"🔗 Frontend URL: http://localhost:3000","timestamp":"2025-12-17T20:31:51.513Z"}
{"level":"info","message":"SIGTERM received, shutting down gracefully","timestamp":"2025-12-17T20:31:56.437Z"}
{"level":"info","message":"🚀 Server running on port 5001","timestamp":"2025-12-17T20:31:57.203Z"}
{"level":"info","message":"📊 Environment: development","timestamp":"2025-12-17T20:31:57.205Z"}
{"level":"info","message":"🔗 Frontend URL: http://localhost:3000","timestamp":"2025-12-17T20:31:57.205Z"}
{"level":"info","message":"SIGTERM received, shutting down gracefully","timestamp":"2025-12-17T20:32:21.128Z"}
{"level":"info","message":"🚀 Server running on port 5001","timestamp":"2025-12-17T20:32:22.373Z"}
{"level":"info","message":"📊 Environment: development","timestamp":"2025-12-17T20:32:22.376Z"}
{"level":"info","message":"🔗 Frontend URL: http://localhost:3000","timestamp":"2025-12-17T20:32:22.376Z"}
{"level":"info","message":"SIGTERM received, shutting down gracefully","timestamp":"2025-12-17T20:32:28.696Z"}
{"level":"info","message":"🚀 Server running on port 5001","timestamp":"2025-12-17T20:32:29.544Z"}
{"level":"info","message":"📊 Environment: development","timestamp":"2025-12-17T20:32:29.545Z"}
{"level":"info","message":"🔗 Frontend URL: http://localhost:3000","timestamp":"2025-12-17T20:32:29.545Z"}
{"duration":"2ms","ip":"127.0.0.1","level":"info","message":"Request completed","method":"GET","statusCode":200,"timestamp":"2025-12-17T20:33:03.110Z","url":"/health","userAgent":"curl/8.7.1"}
{"level":"info","message":"SIGTERM received, shutting down gracefully","timestamp":"2025-12-17T20:36:10.238Z"}
{"level":"info","message":"🚀 Server running on port 5001","timestamp":"2025-12-17T20:36:11.211Z"}
{"level":"info","message":"📊 Environment: development","timestamp":"2025-12-17T20:36:11.216Z"}
{"level":"info","message":"🔗 Frontend URL: http://localhost:3000","timestamp":"2025-12-17T20:36:11.216Z"}
{"level":"info","message":"SIGTERM received, shutting down gracefully","timestamp":"2025-12-17T20:36:14.825Z"}
{"level":"info","message":"🚀 Server running on port 5001","timestamp":"2025-12-17T20:36:15.409Z"}
{"level":"info","message":"📊 Environment: development","timestamp":"2025-12-17T20:36:15.411Z"}
{"level":"info","message":"🔗 Frontend URL: http://localhost:3000","timestamp":"2025-12-17T20:36:15.412Z"}
{"duration":"3ms","ip":"127.0.0.1","level":"info","message":"Request completed","method":"GET","statusCode":200,"timestamp":"2025-12-17T20:36:22.715Z","url":"/health","userAgent":"curl/8.7.1"}
{"level":"info","message":"SIGTERM received, shutting down gracefully","timestamp":"2025-12-17T21:01:54.610Z"}
{"level":"info","message":"🚀 Server running on port 5001","timestamp":"2025-12-17T21:01:55.654Z"}
{"level":"info","message":"📊 Environment: development","timestamp":"2025-12-17T21:01:55.658Z"}
{"level":"info","message":"🔗 Frontend URL: http://localhost:3000","timestamp":"2025-12-17T21:01:55.658Z"}
{"level":"info","message":"SIGTERM received, shutting down gracefully","timestamp":"2025-12-17T21:01:59.624Z"}
{"level":"info","message":"🚀 Server running on port 5001","timestamp":"2025-12-17T21:02:00.344Z"}
{"level":"info","message":"📊 Environment: development","timestamp":"2025-12-17T21:02:00.347Z"}
{"level":"info","message":"🔗 Frontend URL: http://localhost:3000","timestamp":"2025-12-17T21:02:00.347Z"}
{"level":"info","message":"SIGTERM received, shutting down gracefully","timestamp":"2025-12-17T21:02:15.260Z"}
{"level":"info","message":"🚀 Server running on port 5001","timestamp":"2025-12-17T21:02:16.050Z"}
{"level":"info","message":"📊 Environment: development","timestamp":"2025-12-17T21:02:16.052Z"}
{"level":"info","message":"🔗 Frontend URL: http://localhost:3000","timestamp":"2025-12-17T21:02:16.052Z"}
{"duration":"7ms","ip":"127.0.0.1","level":"info","message":"Request completed","method":"GET","statusCode":200,"timestamp":"2025-12-17T21:04:13.768Z","url":"/health","userAgent":"curl/8.7.1"}
{"level":"info","message":"🚀 Server running on port 5001","timestamp":"2025-12-17T21:15:47.788Z"}
{"level":"info","message":"📊 Environment: development","timestamp":"2025-12-17T21:15:47.789Z"}
{"level":"info","message":"🔗 Frontend URL: http://localhost:3000","timestamp":"2025-12-17T21:15:47.790Z"}
{"duration":"3ms","ip":"127.0.0.1","level":"info","message":"Request completed","method":"GET","statusCode":200,"timestamp":"2025-12-17T21:15:51.971Z","url":"/health","userAgent":"curl/8.7.1"}
{"level":"info","message":"SIGINT received, shutting down gracefully","timestamp":"2025-12-17T21:18:33.805Z"}
{"level":"info","message":"🚀 Server running on port 5001","timestamp":"2025-12-17T23:53:24.650Z"}
{"level":"info","message":"📊 Environment: development","timestamp":"2025-12-17T23:53:24.652Z"}
{"level":"info","message":"🔗 Frontend URL: http://localhost:3000","timestamp":"2025-12-17T23:53:24.652Z"}
{"duration":"3ms","ip":"127.0.0.1","level":"info","message":"Request completed","method":"GET","statusCode":200,"timestamp":"2025-12-17T23:53:49.586Z","url":"/health","userAgent":"curl/8.7.1"}
{"level":"info","message":"SIGTERM received, shutting down gracefully","timestamp":"2025-12-18T00:07:03.971Z"}
{"level":"info","message":"🚀 Server running on port 5001","timestamp":"2025-12-18T00:07:05.037Z"}
{"level":"info","message":"📊 Environment: development","timestamp":"2025-12-18T00:07:05.040Z"}
{"level":"info","message":"🔗 Frontend URL: http://localhost:3000","timestamp":"2025-12-18T00:07:05.040Z"}
{"level":"info","message":"SIGTERM received, shutting down gracefully","timestamp":"2025-12-18T00:07:08.215Z"}
{"level":"info","message":"🚀 Server running on port 5001","timestamp":"2025-12-18T00:09:39.812Z"}
{"level":"info","message":"📊 Environment: development","timestamp":"2025-12-18T00:09:39.825Z"}
{"level":"info","message":"🔗 Frontend URL: http://localhost:3000","timestamp":"2025-12-18T00:09:39.826Z"}
{"duration":"3ms","ip":"127.0.0.1","level":"info","message":"Request completed","method":"GET","statusCode":200,"timestamp":"2025-12-18T00:09:47.830Z","url":"/health","userAgent":"curl/8.7.1"}
{"error":"Access token required","ip":"127.0.0.1","level":"error","message":"Error occurred:","method":"GET","stack":"Error: Access token required\n    at new UnauthorizedError (/Users/pedrodivino/Dev/home_finances/backend/src/core/errors/app-error.ts:27:5)\n    at authenticate (/Users/pedrodivino/Dev/home_finances/backend/src/api/middlewares/auth.ts:40:13)\n    at Layer.handle [as handle_request] (/Users/pedrodivino/Dev/home_finances/backend/node_modules/express/lib/router/layer.js:95:5)\n    at trim_prefix (/Users/pedrodivino/Dev/home_finances/backend/node_modules/express/lib/router/index.js:328:13)\n    at /Users/pedrodivino/Dev/home_finances/backend/node_modules/express/lib/router/index.js:286:9\n    at router.process_params (/Users/pedrodivino/Dev/home_finances/backend/node_modules/express/lib/router/index.js:346:12)\n    at next (/Users/pedrodivino/Dev/home_finances/backend/node_modules/express/lib/router/index.js:280:10)\n    at router.handle (/Users/pedrodivino/Dev/home_finances/backend/node_modules/express/lib/router/index.js:175:3)\n    at router (/Users/pedrodivino/Dev/home_finances/backend/node_modules/express/lib/router/index.js:47:12)\n    at Layer.handle [as handle_request] (/Users/pedrodivino/Dev/home_finances/backend/node_modules/express/lib/router/layer.js:95:5)","timestamp":"2025-12-18T00:09:53.202Z","url":"/api/loans","userAgent":"curl/8.7.1"}
{"duration":"5ms","ip":"127.0.0.1","level":"info","message":"Request completed","method":"GET","statusCode":401,"timestamp":"2025-12-18T00:09:53.203Z","url":"/api/loans","userAgent":"curl/8.7.1"}
{"level":"info","message":"SIGTERM received, shutting down gracefully","timestamp":"2025-12-18T00:13:20.361Z"}
{"level":"info","message":"🚀 Server running on port 5001","timestamp":"2025-12-18T00:16:46.501Z"}
{"level":"info","message":"📊 Environment: development","timestamp":"2025-12-18T00:16:46.504Z"}
{"level":"info","message":"🔗 Frontend URL: http://localhost:3000","timestamp":"2025-12-18T00:16:46.504Z"}
{"level":"info","message":"Iniciando job de transações recorrentes","timestamp":"2025-12-18T00:16:46.504Z"}
{"level":"info","message":"Executando job de transações recorrentes","timestamp":"2025-12-18T00:16:46.504Z"}
{"level":"info","message":"Iniciando processamento de transações recorrentes","timestamp":"2025-12-18T00:16:46.504Z"}
{"level":"info","message":"Job agendado para executar a cada 24 horas","timestamp":"2025-12-18T00:16:46.505Z"}
{"level":"info","message":"⏰ Jobs iniciados","timestamp":"2025-12-18T00:16:46.505Z"}
{"level":"error","message":"Erro no processamento de transações recorrentes: Error connecting to database: fetch failed","name":"NeonDbError","sourceError":{},"stack":"NeonDbError: Error connecting to database: fetch failed\n    at execute (file:///Users/pedrodivino/Dev/home_finances/backend/node_modules/@neondatabase/serverless/index.mjs:1549:24)\n    at process.processTicksAndRejections (node:internal/process/task_queues:105:5)\n    at async NeonHttpPreparedQuery.execute (/Users/pedrodivino/Dev/home_finances/backend/node_modules/src/neon-http/session.ts:68:18)\n    at async TransactionRepository.findRecurring (/Users/pedrodivino/Dev/home_finances/backend/src/domain/repositories/transaction.repository.ts:145:12)\n    at async RecurringTransactionService.processRecurringTransactions (/Users/pedrodivino/Dev/home_finances/backend/src/domain/services/recurring-transaction.service.ts:22:37)\n    at async RecurringTransactionsJob.executeJob (/Users/pedrodivino/Dev/home_finances/backend/src/core/jobs/recurring-transactions.job.ts:47:7)","timestamp":"2025-12-18T00:16:46.550Z"}
{"level":"info","message":"Job de transações recorrentes concluído com sucesso","timestamp":"2025-12-18T00:16:46.550Z"}
{"duration":"3ms","ip":"127.0.0.1","level":"info","message":"Request completed","method":"GET","statusCode":200,"timestamp":"2025-12-18T00:16:54.702Z","url":"/health","userAgent":"curl/8.7.1"}
{"level":"info","message":"SIGTERM received, shutting down gracefully","timestamp":"2025-12-18T00:20:37.703Z"}
{"level":"info","message":"🚀 Server running on port 5001","timestamp":"2025-12-18T00:20:38.781Z"}
{"level":"info","message":"📊 Environment: development","timestamp":"2025-12-18T00:20:38.788Z"}
{"level":"info","message":"🔗 Frontend URL: http://localhost:3000","timestamp":"2025-12-18T00:20:38.788Z"}
{"level":"info","message":"Iniciando job de transações recorrentes","timestamp":"2025-12-18T00:20:38.788Z"}
{"level":"info","message":"Executando job de transações recorrentes","timestamp":"2025-12-18T00:20:38.788Z"}
{"level":"info","message":"Iniciando processamento de transações recorrentes","timestamp":"2025-12-18T00:20:38.788Z"}
{"level":"info","message":"Job agendado para executar a cada 24 horas","timestamp":"2025-12-18T00:20:38.789Z"}
{"level":"info","message":"⏰ Jobs iniciados","timestamp":"2025-12-18T00:20:38.789Z"}
{"level":"error","message":"Erro no processamento de transações recorrentes: Error connecting to database: fetch failed","name":"NeonDbError","sourceError":{},"stack":"NeonDbError: Error connecting to database: fetch failed\n    at execute (file:///Users/pedrodivino/Dev/home_finances/backend/node_modules/@neondatabase/serverless/index.mjs:1549:24)\n    at process.processTicksAndRejections (node:internal/process/task_queues:105:5)\n    at async NeonHttpPreparedQuery.execute (/Users/pedrodivino/Dev/home_finances/backend/node_modules/src/neon-http/session.ts:68:18)\n    at async TransactionRepository.findRecurring (/Users/pedrodivino/Dev/home_finances/backend/src/domain/repositories/transaction.repository.ts:145:12)\n    at async RecurringTransactionService.processRecurringTransactions (/Users/pedrodivino/Dev/home_finances/backend/src/domain/services/recurring-transaction.service.ts:22:37)\n    at async RecurringTransactionsJob.executeJob (/Users/pedrodivino/Dev/home_finances/backend/src/core/jobs/recurring-transactions.job.ts:47:7)","timestamp":"2025-12-18T00:20:38.849Z"}
{"level":"info","message":"Job de transações recorrentes concluído com sucesso","timestamp":"2025-12-18T00:20:38.850Z"}
{"level":"info","message":"SIGTERM received, shutting down gracefully","timestamp":"2025-12-18T00:20:42.363Z"}
{"level":"info","message":"🚀 Server running on port 5001","timestamp":"2025-12-18T00:20:43.158Z"}
{"level":"info","message":"📊 Environment: development","timestamp":"2025-12-18T00:20:43.160Z"}
{"level":"info","message":"🔗 Frontend URL: http://localhost:3000","timestamp":"2025-12-18T00:20:43.160Z"}
{"level":"info","message":"Iniciando job de transações recorrentes","timestamp":"2025-12-18T00:20:43.161Z"}
{"level":"info","message":"Executando job de transações recorrentes","timestamp":"2025-12-18T00:20:43.161Z"}
{"level":"info","message":"Iniciando processamento de transações recorrentes","timestamp":"2025-12-18T00:20:43.161Z"}
{"level":"info","message":"Job agendado para executar a cada 24 horas","timestamp":"2025-12-18T00:20:43.161Z"}
{"level":"info","message":"⏰ Jobs iniciados","timestamp":"2025-12-18T00:20:43.161Z"}
{"level":"error","message":"Erro no processamento de transações recorrentes: Error connecting to database: fetch failed","name":"NeonDbError","sourceError":{},"stack":"NeonDbError: Error connecting to database: fetch failed\n    at execute (file:///Users/pedrodivino/Dev/home_finances/backend/node_modules/@neondatabase/serverless/index.mjs:1549:24)\n    at process.processTicksAndRejections (node:internal/process/task_queues:105:5)\n    at async NeonHttpPreparedQuery.execute (/Users/pedrodivino/Dev/home_finances/backend/node_modules/src/neon-http/session.ts:68:18)\n    at async TransactionRepository.findRecurring (/Users/pedrodivino/Dev/home_finances/backend/src/domain/repositories/transaction.repository.ts:145:12)\n    at async RecurringTransactionService.processRecurringTransactions (/Users/pedrodivino/Dev/home_finances/backend/src/domain/services/recurring-transaction.service.ts:22:37)\n    at async RecurringTransactionsJob.executeJob (/Users/pedrodivino/Dev/home_finances/backend/src/core/jobs/recurring-transactions.job.ts:47:7)","timestamp":"2025-12-18T00:20:43.194Z"}
{"level":"info","message":"Job de transações recorrentes concluído com sucesso","timestamp":"2025-12-18T00:20:43.194Z"}
{"level":"info","message":"SIGTERM received, shutting down gracefully","timestamp":"2025-12-18T00:21:40.860Z"}
{"level":"info","message":"🚀 Server running on port 5001","timestamp":"2025-12-18T00:21:41.698Z"}
{"level":"info","message":"📊 Environment: development","timestamp":"2025-12-18T00:21:41.700Z"}
{"level":"info","message":"🔗 Frontend URL: http://localhost:3000","timestamp":"2025-12-18T00:21:41.701Z"}
{"level":"info","message":"Iniciando job de transações recorrentes","timestamp":"2025-12-18T00:21:41.701Z"}
{"level":"info","message":"Executando job de transações recorrentes","timestamp":"2025-12-18T00:21:41.701Z"}
{"level":"info","message":"Iniciando processamento de transações recorrentes","timestamp":"2025-12-18T00:21:41.701Z"}
{"level":"info","message":"Job agendado para executar a cada 24 horas","timestamp":"2025-12-18T00:21:41.701Z"}
{"level":"info","message":"⏰ Jobs iniciados","timestamp":"2025-12-18T00:21:41.701Z"}
{"level":"error","message":"Erro no processamento de transações recorrentes: Error connecting to database: fetch failed","name":"NeonDbError","sourceError":{},"stack":"NeonDbError: Error connecting to database: fetch failed\n    at execute (file:///Users/pedrodivino/Dev/home_finances/backend/node_modules/@neondatabase/serverless/index.mjs:1549:24)\n    at process.processTicksAndRejections (node:internal/process/task_queues:105:5)\n    at async NeonHttpPreparedQuery.execute (/Users/pedrodivino/Dev/home_finances/backend/node_modules/src/neon-http/session.ts:68:18)\n    at async TransactionRepository.findRecurring (/Users/pedrodivino/Dev/home_finances/backend/src/domain/repositories/transaction.repository.ts:145:12)\n    at async RecurringTransactionService.processRecurringTransactions (/Users/pedrodivino/Dev/home_finances/backend/src/domain/services/recurring-transaction.service.ts:22:37)\n    at async RecurringTransactionsJob.executeJob (/Users/pedrodivino/Dev/home_finances/backend/src/core/jobs/recurring-transactions.job.ts:47:7)","timestamp":"2025-12-18T00:21:41.735Z"}
{"level":"info","message":"Job de transações recorrentes concluído com sucesso","timestamp":"2025-12-18T00:21:41.736Z"}
{"level":"info","message":"SIGTERM received, shutting down gracefully","timestamp":"2025-12-18T00:21:46.334Z"}
{"level":"info","message":"🚀 Server running on port 5001","timestamp":"2025-12-18T00:21:47.193Z"}
{"level":"info","message":"📊 Environment: development","timestamp":"2025-12-18T00:21:47.195Z"}
{"level":"info","message":"🔗 Frontend URL: http://localhost:3000","timestamp":"2025-12-18T00:21:47.195Z"}
{"level":"info","message":"Iniciando job de transações recorrentes","timestamp":"2025-12-18T00:21:47.195Z"}
{"level":"info","message":"Executando job de transações recorrentes","timestamp":"2025-12-18T00:21:47.195Z"}
{"level":"info","message":"Iniciando processamento de transações recorrentes","timestamp":"2025-12-18T00:21:47.195Z"}
{"level":"info","message":"Job agendado para executar a cada 24 horas","timestamp":"2025-12-18T00:21:47.196Z"}
{"level":"info","message":"⏰ Jobs iniciados","timestamp":"2025-12-18T00:21:47.196Z"}
{"level":"error","message":"Erro no processamento de transações recorrentes: Error connecting to database: fetch failed","name":"NeonDbError","sourceError":{},"stack":"NeonDbError: Error connecting to database: fetch failed\n    at execute (file:///Users/pedrodivino/Dev/home_finances/backend/node_modules/@neondatabase/serverless/index.mjs:1549:24)\n    at process.processTicksAndRejections (node:internal/process/task_queues:105:5)\n    at async NeonHttpPreparedQuery.execute (/Users/pedrodivino/Dev/home_finances/backend/node_modules/src/neon-http/session.ts:68:18)\n    at async TransactionRepository.findRecurring (/Users/pedrodivino/Dev/home_finances/backend/src/domain/repositories/transaction.repository.ts:145:12)\n    at async RecurringTransactionService.processRecurringTransactions (/Users/pedrodivino/Dev/home_finances/backend/src/domain/services/recurring-transaction.service.ts:22:37)\n    at async RecurringTransactionsJob.executeJob (/Users/pedrodivino/Dev/home_finances/backend/src/core/jobs/recurring-transactions.job.ts:47:7)","timestamp":"2025-12-18T00:21:47.226Z"}
{"level":"info","message":"Job de transações recorrentes concluído com sucesso","timestamp":"2025-12-18T00:21:47.227Z"}
{"duration":"4ms","ip":"127.0.0.1","level":"info","message":"Request completed","method":"GET","statusCode":200,"timestamp":"2025-12-18T00:22:27.327Z","url":"/health","userAgent":"curl/8.7.1"}
{"duration":"10ms","ip":"127.0.0.1","level":"info","message":"Request completed","method":"GET","statusCode":200,"timestamp":"2025-12-18T00:23:49.548Z","url":"/health","userAgent":"curl/8.7.1"}
{"level":"info","message":"SIGTERM received, shutting down gracefully","timestamp":"2025-12-18T01:06:49.722Z"}
{"level":"info","message":"🚀 Server running on port 5001","timestamp":"2025-12-18T01:06:50.871Z"}
{"level":"info","message":"📊 Environment: development","timestamp":"2025-12-18T01:06:50.875Z"}
{"level":"info","message":"🔗 Frontend URL: http://localhost:3000","timestamp":"2025-12-18T01:06:50.876Z"}
{"level":"info","message":"Iniciando job de transações recorrentes","timestamp":"2025-12-18T01:06:50.876Z"}
{"level":"info","message":"Executando job de transações recorrentes","timestamp":"2025-12-18T01:06:50.876Z"}
{"level":"info","message":"Iniciando processamento de transações recorrentes","timestamp":"2025-12-18T01:06:50.876Z"}
{"level":"info","message":"Job agendado para executar a cada 24 horas","timestamp":"2025-12-18T01:06:50.876Z"}
{"level":"info","message":"⏰ Jobs iniciados","timestamp":"2025-12-18T01:06:50.876Z"}
{"level":"error","message":"Erro no processamento de transações recorrentes: Error connecting to database: fetch failed","name":"NeonDbError","sourceError":{},"stack":"NeonDbError: Error connecting to database: fetch failed\n    at execute (file:///Users/pedrodivino/Dev/home_finances/backend/node_modules/@neondatabase/serverless/index.mjs:1549:24)\n    at process.processTicksAndRejections (node:internal/process/task_queues:105:5)\n    at async NeonHttpPreparedQuery.execute (/Users/pedrodivino/Dev/home_finances/backend/node_modules/src/neon-http/session.ts:68:18)\n    at async TransactionRepository.findRecurring (/Users/pedrodivino/Dev/home_finances/backend/src/domain/repositories/transaction.repository.ts:145:12)\n    at async RecurringTransactionService.processRecurringTransactions (/Users/pedrodivino/Dev/home_finances/backend/src/domain/services/recurring-transaction.service.ts:22:37)\n    at async RecurringTransactionsJob.executeJob (/Users/pedrodivino/Dev/home_finances/backend/src/core/jobs/recurring-transactions.job.ts:47:7)","timestamp":"2025-12-18T01:06:50.944Z"}
{"level":"info","message":"Job de transações recorrentes concluído com sucesso","timestamp":"2025-12-18T01:06:50.945Z"}
{"level":"info","message":"SIGTERM received, shutting down gracefully","timestamp":"2025-12-18T01:06:54.706Z"}
{"level":"info","message":"🚀 Server running on port 5001","timestamp":"2025-12-18T01:09:29.868Z"}
{"level":"info","message":"📊 Environment: development","timestamp":"2025-12-18T01:09:29.872Z"}
{"level":"info","message":"🔗 Frontend URL: http://localhost:3000","timestamp":"2025-12-18T01:09:29.872Z"}
{"level":"info","message":"Iniciando job de transações recorrentes","timestamp":"2025-12-18T01:09:29.872Z"}
{"level":"info","message":"Executando job de transações recorrentes","timestamp":"2025-12-18T01:09:29.872Z"}
{"level":"info","message":"Iniciando processamento de transações recorrentes","timestamp":"2025-12-18T01:09:29.872Z"}
{"level":"info","message":"Job agendado para executar a cada 24 horas","timestamp":"2025-12-18T01:09:29.872Z"}
{"level":"info","message":"⏰ Jobs iniciados","timestamp":"2025-12-18T01:09:29.872Z"}
{"level":"error","message":"Erro no processamento de transações recorrentes: Error connecting to database: fetch failed","name":"NeonDbError","sourceError":{},"stack":"NeonDbError: Error connecting to database: fetch failed\n    at execute (file:///Users/pedrodivino/Dev/home_finances/backend/node_modules/@neondatabase/serverless/index.mjs:1549:24)\n    at process.processTicksAndRejections (node:internal/process/task_queues:105:5)\n    at async NeonHttpPreparedQuery.execute (/Users/pedrodivino/Dev/home_finances/backend/node_modules/src/neon-http/session.ts:68:18)\n    at async TransactionRepository.findRecurring (/Users/pedrodivino/Dev/home_finances/backend/src/domain/repositories/transaction.repository.ts:145:12)\n    at async RecurringTransactionService.processRecurringTransactions (/Users/pedrodivino/Dev/home_finances/backend/src/domain/services/recurring-transaction.service.ts:22:37)\n    at async RecurringTransactionsJob.executeJob (/Users/pedrodivino/Dev/home_finances/backend/src/core/jobs/recurring-transactions.job.ts:47:7)","timestamp":"2025-12-18T01:09:29.917Z"}
{"level":"info","message":"Job de transações recorrentes concluído com sucesso","timestamp":"2025-12-18T01:09:29.917Z"}
{"level":"info","message":"SIGTERM received, shutting down gracefully","timestamp":"2025-12-18T01:09:34.262Z"}
{"level":"info","message":"🚀 Server running on port 5001","timestamp":"2025-12-18T01:09:35.164Z"}
{"level":"info","message":"📊 Environment: development","timestamp":"2025-12-18T01:09:35.166Z"}
{"level":"info","message":"🔗 Frontend URL: http://localhost:3000","timestamp":"2025-12-18T01:09:35.166Z"}
{"level":"info","message":"Iniciando job de transações recorrentes","timestamp":"2025-12-18T01:09:35.166Z"}
{"level":"info","message":"Executando job de transações recorrentes","timestamp":"2025-12-18T01:09:35.167Z"}
{"level":"info","message":"Iniciando processamento de transações recorrentes","timestamp":"2025-12-18T01:09:35.167Z"}
{"level":"info","message":"Job agendado para executar a cada 24 horas","timestamp":"2025-12-18T01:09:35.167Z"}
{"level":"info","message":"⏰ Jobs iniciados","timestamp":"2025-12-18T01:09:35.167Z"}
{"level":"error","message":"Erro no processamento de transações recorrentes: Error connecting to database: fetch failed","name":"NeonDbError","sourceError":{},"stack":"NeonDbError: Error connecting to database: fetch failed\n    at execute (file:///Users/pedrodivino/Dev/home_finances/backend/node_modules/@neondatabase/serverless/index.mjs:1549:24)\n    at process.processTicksAndRejections (node:internal/process/task_queues:105:5)\n    at async NeonHttpPreparedQuery.execute (/Users/pedrodivino/Dev/home_finances/backend/node_modules/src/neon-http/session.ts:68:18)\n    at async TransactionRepository.findRecurring (/Users/pedrodivino/Dev/home_finances/backend/src/domain/repositories/transaction.repository.ts:145:12)\n    at async RecurringTransactionService.processRecurringTransactions (/Users/pedrodivino/Dev/home_finances/backend/src/domain/services/recurring-transaction.service.ts:22:37)\n    at async RecurringTransactionsJob.executeJob (/Users/pedrodivino/Dev/home_finances/backend/src/core/jobs/recurring-transactions.job.ts:47:7)","timestamp":"2025-12-18T01:09:35.200Z"}
{"level":"info","message":"Job de transações recorrentes concluído com sucesso","timestamp":"2025-12-18T01:09:35.201Z"}
{"duration":"8ms","ip":"127.0.0.1","level":"info","message":"Request completed","method":"GET","statusCode":200,"timestamp":"2025-12-18T01:09:43.766Z","url":"/health","userAgent":"curl/8.7.1"}
{"error":"Error connecting to database: fetch failed","ip":"127.0.0.1","level":"error","message":"Error occurred:","method":"GET","stack":"NeonDbError: Error connecting to database: fetch failed\n    at execute (file:///Users/pedrodivino/Dev/home_finances/backend/node_modules/@neondatabase/serverless/index.mjs:1549:24)\n    at process.processTicksAndRejections (node:internal/process/task_queues:105:5)\n    at async NeonHttpPreparedQuery.execute (/Users/pedrodivino/Dev/home_finances/backend/node_modules/src/neon-http/session.ts:68:18)\n    at async AdminRepository.getAllPlans (/Users/pedrodivino/Dev/home_finances/backend/src/domain/repositories/admin.repository.ts:42:12)\n    at async getPublicPlans (/Users/pedrodivino/Dev/home_finances/backend/src/api/controllers/public.controller.ts:36:24)","timestamp":"2025-12-18T01:09:49.377Z","url":"/api/public/plans","userAgent":"curl/8.7.1"}
{"duration":"15ms","ip":"127.0.0.1","level":"info","message":"Request completed","method":"GET","statusCode":500,"timestamp":"2025-12-18T01:09:49.378Z","url":"/api/public/plans","userAgent":"curl/8.7.1"}
{"level":"info","message":"SIGTERM received, shutting down gracefully","timestamp":"2025-12-18T01:40:04.445Z"}
{"level":"info","message":"🚀 Server running on port 5001","timestamp":"2025-12-18T01:40:05.624Z"}
{"level":"info","message":"📊 Environment: development","timestamp":"2025-12-18T01:40:05.628Z"}
{"level":"info","message":"🔗 Frontend URL: http://localhost:3000","timestamp":"2025-12-18T01:40:05.628Z"}
{"level":"info","message":"Iniciando job de transações recorrentes","timestamp":"2025-12-18T01:40:05.628Z"}
{"level":"info","message":"Executando job de transações recorrentes","timestamp":"2025-12-18T01:40:05.628Z"}
{"level":"info","message":"Iniciando processamento de transações recorrentes","timestamp":"2025-12-18T01:40:05.628Z"}
{"level":"info","message":"Job agendado para executar a cada 24 horas","timestamp":"2025-12-18T01:40:05.629Z"}
{"level":"info","message":"⏰ Jobs iniciados","timestamp":"2025-12-18T01:40:05.629Z"}
{"level":"error","message":"Erro no processamento de transações recorrentes: Error connecting to database: fetch failed","name":"NeonDbError","sourceError":{},"stack":"NeonDbError: Error connecting to database: fetch failed\n    at execute (file:///Users/pedrodivino/Dev/home_finances/backend/node_modules/@neondatabase/serverless/index.mjs:1549:24)\n    at process.processTicksAndRejections (node:internal/process/task_queues:105:5)\n    at async NeonHttpPreparedQuery.execute (/Users/pedrodivino/Dev/home_finances/backend/node_modules/src/neon-http/session.ts:68:18)\n    at async TransactionRepository.findRecurring (/Users/pedrodivino/Dev/home_finances/backend/src/domain/repositories/transaction.repository.ts:145:12)\n    at async RecurringTransactionService.processRecurringTransactions (/Users/pedrodivino/Dev/home_finances/backend/src/domain/services/recurring-transaction.service.ts:22:37)\n    at async RecurringTransactionsJob.executeJob (/Users/pedrodivino/Dev/home_finances/backend/src/core/jobs/recurring-transactions.job.ts:47:7)","timestamp":"2025-12-18T01:40:05.671Z"}
{"level":"info","message":"Job de transações recorrentes concluído com sucesso","timestamp":"2025-12-18T01:40:05.672Z"}
{"level":"info","message":"SIGTERM received, shutting down gracefully","timestamp":"2025-12-18T01:40:08.328Z"}
{"level":"info","message":"🚀 Server running on port 5001","timestamp":"2025-12-18T01:40:08.927Z"}
{"level":"info","message":"📊 Environment: development","timestamp":"2025-12-18T01:40:08.929Z"}
{"level":"info","message":"🔗 Frontend URL: http://localhost:3000","timestamp":"2025-12-18T01:40:08.929Z"}
{"level":"info","message":"Iniciando job de transações recorrentes","timestamp":"2025-12-18T01:40:08.929Z"}
{"level":"info","message":"Executando job de transações recorrentes","timestamp":"2025-12-18T01:40:08.929Z"}
{"level":"info","message":"Iniciando processamento de transações recorrentes","timestamp":"2025-12-18T01:40:08.929Z"}
{"level":"info","message":"Job agendado para executar a cada 24 horas","timestamp":"2025-12-18T01:40:08.930Z"}
{"level":"info","message":"⏰ Jobs iniciados","timestamp":"2025-12-18T01:40:08.930Z"}
{"level":"error","message":"Erro no processamento de transações recorrentes: Error connecting to database: fetch failed","name":"NeonDbError","sourceError":{},"stack":"NeonDbError: Error connecting to database: fetch failed\n    at execute (file:///Users/pedrodivino/Dev/home_finances/backend/node_modules/@neondatabase/serverless/index.mjs:1549:24)\n    at process.processTicksAndRejections (node:internal/process/task_queues:105:5)\n    at async NeonHttpPreparedQuery.execute (/Users/pedrodivino/Dev/home_finances/backend/node_modules/src/neon-http/session.ts:68:18)\n    at async TransactionRepository.findRecurring (/Users/pedrodivino/Dev/home_finances/backend/src/domain/repositories/transaction.repository.ts:145:12)\n    at async RecurringTransactionService.processRecurringTransactions (/Users/pedrodivino/Dev/home_finances/backend/src/domain/services/recurring-transaction.service.ts:22:37)\n    at async RecurringTransactionsJob.executeJob (/Users/pedrodivino/Dev/home_finances/backend/src/core/jobs/recurring-transactions.job.ts:47:7)","timestamp":"2025-12-18T01:40:08.955Z"}
{"level":"info","message":"Job de transações recorrentes concluído com sucesso","timestamp":"2025-12-18T01:40:08.955Z"}
{"level":"info","message":"SIGTERM received, shutting down gracefully","timestamp":"2025-12-18T01:40:17.845Z"}
{"level":"info","message":"🚀 Server running on port 5001","timestamp":"2025-12-18T01:40:18.562Z"}
{"level":"info","message":"📊 Environment: development","timestamp":"2025-12-18T01:40:18.564Z"}
{"level":"info","message":"🔗 Frontend URL: http://localhost:3000","timestamp":"2025-12-18T01:40:18.564Z"}
{"level":"info","message":"Iniciando job de transações recorrentes","timestamp":"2025-12-18T01:40:18.564Z"}
{"level":"info","message":"Executando job de transações recorrentes","timestamp":"2025-12-18T01:40:18.565Z"}
{"level":"info","message":"Iniciando processamento de transações recorrentes","timestamp":"2025-12-18T01:40:18.565Z"}
{"level":"info","message":"Job agendado para executar a cada 24 horas","timestamp":"2025-12-18T01:40:18.565Z"}
{"level":"info","message":"⏰ Jobs iniciados","timestamp":"2025-12-18T01:40:18.565Z"}
{"level":"error","message":"Erro no processamento de transações recorrentes: Error connecting to database: fetch failed","name":"NeonDbError","sourceError":{},"stack":"NeonDbError: Error connecting to database: fetch failed\n    at execute (file:///Users/pedrodivino/Dev/home_finances/backend/node_modules/@neondatabase/serverless/index.mjs:1549:24)\n    at process.processTicksAndRejections (node:internal/process/task_queues:105:5)\n    at async NeonHttpPreparedQuery.execute (/Users/pedrodivino/Dev/home_finances/backend/node_modules/src/neon-http/session.ts:68:18)\n    at async TransactionRepository.findRecurring (/Users/pedrodivino/Dev/home_finances/backend/src/domain/repositories/transaction.repository.ts:145:12)\n    at async RecurringTransactionService.processRecurringTransactions (/Users/pedrodivino/Dev/home_finances/backend/src/domain/services/recurring-transaction.service.ts:22:37)\n    at async RecurringTransactionsJob.executeJob (/Users/pedrodivino/Dev/home_finances/backend/src/core/jobs/recurring-transactions.job.ts:47:7)","timestamp":"2025-12-18T01:40:18.595Z"}
{"level":"info","message":"Job de transações recorrentes concluído com sucesso","timestamp":"2025-12-18T01:40:18.595Z"}
{"level":"info","message":"SIGTERM received, shutting down gracefully","timestamp":"2025-12-18T01:40:22.178Z"}
{"level":"info","message":"🚀 Server running on port 5001","timestamp":"2025-12-18T01:40:23.045Z"}
{"level":"info","message":"📊 Environment: development","timestamp":"2025-12-18T01:40:23.047Z"}
{"level":"info","message":"🔗 Frontend URL: http://localhost:3000","timestamp":"2025-12-18T01:40:23.047Z"}
{"level":"info","message":"Iniciando job de transações recorrentes","timestamp":"2025-12-18T01:40:23.047Z"}
{"level":"info","message":"Executando job de transações recorrentes","timestamp":"2025-12-18T01:40:23.047Z"}
{"level":"info","message":"Iniciando processamento de transações recorrentes","timestamp":"2025-12-18T01:40:23.048Z"}
{"level":"info","message":"Job agendado para executar a cada 24 horas","timestamp":"2025-12-18T01:40:23.048Z"}
{"level":"info","message":"⏰ Jobs iniciados","timestamp":"2025-12-18T01:40:23.048Z"}
{"level":"error","message":"Erro no processamento de transações recorrentes: Error connecting to database: fetch failed","name":"NeonDbError","sourceError":{},"stack":"NeonDbError: Error connecting to database: fetch failed\n    at execute (file:///Users/pedrodivino/Dev/home_finances/backend/node_modules/@neondatabase/serverless/index.mjs:1549:24)\n    at process.processTicksAndRejections (node:internal/process/task_queues:105:5)\n    at async NeonHttpPreparedQuery.execute (/Users/pedrodivino/Dev/home_finances/backend/node_modules/src/neon-http/session.ts:68:18)\n    at async TransactionRepository.findRecurring (/Users/pedrodivino/Dev/home_finances/backend/src/domain/repositories/transaction.repository.ts:145:12)\n    at async RecurringTransactionService.processRecurringTransactions (/Users/pedrodivino/Dev/home_finances/backend/src/domain/services/recurring-transaction.service.ts:22:37)\n    at async RecurringTransactionsJob.executeJob (/Users/pedrodivino/Dev/home_finances/backend/src/core/jobs/recurring-transactions.job.ts:47:7)","timestamp":"2025-12-18T01:40:23.077Z"}
{"level":"info","message":"Job de transações recorrentes concluído com sucesso","timestamp":"2025-12-18T01:40:23.077Z"}
{"level":"info","message":"SIGTERM received, shutting down gracefully","timestamp":"2025-12-18T01:40:27.080Z"}
{"level":"info","message":"🚀 Server running on port 5001","timestamp":"2025-12-18T01:40:28.134Z"}
{"level":"info","message":"📊 Environment: development","timestamp":"2025-12-18T01:40:28.137Z"}
{"level":"info","message":"🔗 Frontend URL: http://localhost:3000","timestamp":"2025-12-18T01:40:28.137Z"}
{"level":"info","message":"Iniciando job de transações recorrentes","timestamp":"2025-12-18T01:40:28.138Z"}
{"level":"info","message":"Executando job de transações recorrentes","timestamp":"2025-12-18T01:40:28.138Z"}
{"level":"info","message":"Iniciando processamento de transações recorrentes","timestamp":"2025-12-18T01:40:28.138Z"}
{"level":"info","message":"Job agendado para executar a cada 24 horas","timestamp":"2025-12-18T01:40:28.139Z"}
{"level":"info","message":"⏰ Jobs iniciados","timestamp":"2025-12-18T01:40:28.139Z"}
{"level":"error","message":"Erro no processamento de transações recorrentes: Error connecting to database: fetch failed","name":"NeonDbError","sourceError":{},"stack":"NeonDbError: Error connecting to database: fetch failed\n    at execute (file:///Users/pedrodivino/Dev/home_finances/backend/node_modules/@neondatabase/serverless/index.mjs:1549:24)\n    at process.processTicksAndRejections (node:internal/process/task_queues:105:5)\n    at async NeonHttpPreparedQuery.execute (/Users/pedrodivino/Dev/home_finances/backend/node_modules/src/neon-http/session.ts:68:18)\n    at async TransactionRepository.findRecurring (/Users/pedrodivino/Dev/home_finances/backend/src/domain/repositories/transaction.repository.ts:145:12)\n    at async RecurringTransactionService.processRecurringTransactions (/Users/pedrodivino/Dev/home_finances/backend/src/domain/services/recurring-transaction.service.ts:22:37)\n    at async RecurringTransactionsJob.executeJob (/Users/pedrodivino/Dev/home_finances/backend/src/core/jobs/recurring-transactions.job.ts:47:7)","timestamp":"2025-12-18T01:40:28.193Z"}
{"level":"info","message":"Job de transações recorrentes concluído com sucesso","timestamp":"2025-12-18T01:40:28.194Z"}
{"level":"info","message":"WhatsApp webhook verificado com sucesso","timestamp":"2025-12-18T01:41:09.348Z"}
{"duration":"12ms","ip":"127.0.0.1","level":"info","message":"Request completed","method":"GET","statusCode":200,"timestamp":"2025-12-18T01:41:09.358Z","url":"/webhook?hub.mode=subscribe&hub.verify_token=financecontrol_webhook_token&hub.challenge=test123","userAgent":"curl/8.7.1"}
{"error":"Access token required","ip":"127.0.0.1","level":"error","message":"Error occurred:","method":"POST","stack":"Error: Access token required\n    at new UnauthorizedError (/Users/pedrodivino/Dev/home_finances/backend/src/core/errors/app-error.ts:27:5)\n    at authenticate (/Users/pedrodivino/Dev/home_finances/backend/src/api/middlewares/auth.ts:40:13)\n    at Layer.handle [as handle_request] (/Users/pedrodivino/Dev/home_finances/backend/node_modules/express/lib/router/layer.js:95:5)\n    at trim_prefix (/Users/pedrodivino/Dev/home_finances/backend/node_modules/express/lib/router/index.js:328:13)\n    at /Users/pedrodivino/Dev/home_finances/backend/node_modules/express/lib/router/index.js:286:9\n    at router.process_params (/Users/pedrodivino/Dev/home_finances/backend/node_modules/express/lib/router/index.js:346:12)\n    at next (/Users/pedrodivino/Dev/home_finances/backend/node_modules/express/lib/router/index.js:280:10)\n    at router.handle (/Users/pedrodivino/Dev/home_finances/backend/node_modules/express/lib/router/index.js:175:3)\n    at router (/Users/pedrodivino/Dev/home_finances/backend/node_modules/express/lib/router/index.js:47:12)\n    at Layer.handle [as handle_request] (/Users/pedrodivino/Dev/home_finances/backend/node_modules/express/lib/router/layer.js:95:5)","timestamp":"2025-12-18T01:41:14.182Z","url":"/api/whatsapp/simulate","userAgent":"curl/8.7.1"}
{"duration":"5ms","ip":"127.0.0.1","level":"info","message":"Request completed","method":"POST","statusCode":401,"timestamp":"2025-12-18T01:41:14.184Z","url":"/api/whatsapp/simulate","userAgent":"curl/8.7.1"}
{"level":"info","message":"WhatsApp message from 244912345678: menu","timestamp":"2025-12-18T01:41:19.381Z"}
{"level":"error","message":"Erro no WhatsApp Bot para 244912345678: Error connecting to database: fetch failed","name":"NeonDbError","sourceError":{},"stack":"NeonDbError: Error connecting to database: fetch failed\n    at execute (file:///Users/pedrodivino/Dev/home_finances/backend/node_modules/@neondatabase/serverless/index.mjs:1549:24)\n    at process.processTicksAndRejections (node:internal/process/task_queues:105:5)\n    at async NeonHttpPreparedQuery.execute (/Users/pedrodivino/Dev/home_finances/backend/node_modules/src/neon-http/session.ts:68:18)\n    at async UserRepository.findByPhone (/Users/pedrodivino/Dev/home_finances/backend/src/domain/repositories/user.repository.ts:27:20)\n    at async WhatsAppBotService.processMessage (/Users/pedrodivino/Dev/home_finances/backend/src/domain/services/whatsapp-bot.service.ts:37:20)\n    at async receiveMessage (/Users/pedrodivino/Dev/home_finances/backend/src/api/controllers/whatsapp.controller.ts:21:24)","timestamp":"2025-12-18T01:41:19.397Z"}
{"level":"info","message":"WhatsApp response to 244912345678: ❌ Ocorreu um erro. Tente novamente mais tarde ou digite *ajuda* para ver os comandos disponíveis.","timestamp":"2025-12-18T01:41:19.398Z"}
{"duration":"18ms","ip":"127.0.0.1","level":"info","message":"Request completed","method":"POST","statusCode":200,"timestamp":"2025-12-18T01:41:19.398Z","url":"/webhook","userAgent":"curl/8.7.1"}
{"error":"Error connecting to database: fetch failed","ip":"127.0.0.1","level":"error","message":"Error occurred:","method":"POST","stack":"NeonDbError: Error connecting to database: fetch failed\n    at execute (file:///Users/pedrodivino/Dev/home_finances/backend/node_modules/@neondatabase/serverless/index.mjs:1549:24)\n    at process.processTicksAndRejections (node:internal/process/task_queues:105:5)\n    at async NeonHttpPreparedQuery.execute (/Users/pedrodivino/Dev/home_finances/backend/node_modules/src/neon-http/session.ts:68:18)\n    at async UserRepository.findByEmail (/Users/pedrodivino/Dev/home_finances/backend/src/domain/repositories/user.repository.ts:17:20)\n    at async AuthService.register (/Users/pedrodivino/Dev/home_finances/backend/src/domain/services/auth.service.ts:97:28)\n    at async register (/Users/pedrodivino/Dev/home_finances/backend/src/api/controllers/auth.controller.ts:20:22)","timestamp":"2025-12-18T01:42:43.851Z","url":"/api/auth/register","userAgent":"curl/8.7.1"}
{"duration":"39ms","ip":"127.0.0.1","level":"info","message":"Request completed","method":"POST","statusCode":500,"timestamp":"2025-12-18T01:42:43.856Z","url":"/api/auth/register","userAgent":"curl/8.7.1"}
{"level":"info","message":"🚀 Server running on port 5001","timestamp":"2025-12-18T15:02:11.092Z"}
{"level":"info","message":"📊 Environment: development","timestamp":"2025-12-18T15:02:11.093Z"}
{"level":"info","message":"🔗 Frontend URL: http://localhost:3000","timestamp":"2025-12-18T15:02:11.094Z"}
{"level":"info","message":"Iniciando job de transações recorrentes","timestamp":"2025-12-18T15:02:11.094Z"}
{"level":"info","message":"Executando job de transações recorrentes","timestamp":"2025-12-18T15:02:11.094Z"}
{"level":"info","message":"Iniciando processamento de transações recorrentes","timestamp":"2025-12-18T15:02:11.094Z"}
{"level":"info","message":"Job agendado para executar a cada 24 horas","timestamp":"2025-12-18T15:02:11.094Z"}
{"level":"info","message":"⏰ Jobs iniciados","timestamp":"2025-12-18T15:02:11.094Z"}
{"level":"error","message":"Erro no processamento de transações recorrentes: Error connecting to database: fetch failed","name":"NeonDbError","sourceError":{},"stack":"NeonDbError: Error connecting to database: fetch failed\n    at execute (file:///Users/pedrodivino/Dev/home_finances/backend/node_modules/@neondatabase/serverless/index.mjs:1549:24)\n    at process.processTicksAndRejections (node:internal/process/task_queues:105:5)\n    at async NeonHttpPreparedQuery.execute (/Users/pedrodivino/Dev/home_finances/backend/node_modules/src/neon-http/session.ts:68:18)\n    at async TransactionRepository.findRecurring (/Users/pedrodivino/Dev/home_finances/backend/src/domain/repositories/transaction.repository.ts:145:12)\n    at async RecurringTransactionService.processRecurringTransactions (/Users/pedrodivino/Dev/home_finances/backend/src/domain/services/recurring-transaction.service.ts:22:37)\n    at async RecurringTransactionsJob.executeJob (/Users/pedrodivino/Dev/home_finances/backend/src/core/jobs/recurring-transactions.job.ts:47:7)","timestamp":"2025-12-18T15:02:11.134Z"}
{"level":"info","message":"Job de transações recorrentes concluído com sucesso","timestamp":"2025-12-18T15:02:11.135Z"}
{"error":"Access token required","ip":"127.0.0.1","level":"error","message":"Error occurred:","method":"POST","stack":"Error: Access token required\n    at new UnauthorizedError (/Users/pedrodivino/Dev/home_finances/backend/src/core/errors/app-error.ts:27:5)\n    at authenticate (/Users/pedrodivino/Dev/home_finances/backend/src/api/middlewares/auth.ts:40:13)\n    at Layer.handle [as handle_request] (/Users/pedrodivino/Dev/home_finances/backend/node_modules/express/lib/router/layer.js:95:5)\n    at trim_prefix (/Users/pedrodivino/Dev/home_finances/backend/node_modules/express/lib/router/index.js:328:13)\n    at /Users/pedrodivino/Dev/home_finances/backend/node_modules/express/lib/router/index.js:286:9\n    at router.process_params (/Users/pedrodivino/Dev/home_finances/backend/node_modules/express/lib/router/index.js:346:12)\n    at next (/Users/pedrodivino/Dev/home_finances/backend/node_modules/express/lib/router/index.js:280:10)\n    at router.handle (/Users/pedrodivino/Dev/home_finances/backend/node_modules/express/lib/router/index.js:175:3)\n    at router (/Users/pedrodivino/Dev/home_finances/backend/node_modules/express/lib/router/index.js:47:12)\n    at Layer.handle [as handle_request] (/Users/pedrodivino/Dev/home_finances/backend/node_modules/express/lib/router/layer.js:95:5)","timestamp":"2025-12-18T15:02:59.061Z","url":"/api/whatsapp/simulate","userAgent":"curl/8.7.1"}
{"duration":"3ms","ip":"127.0.0.1","level":"info","message":"Request completed","method":"POST","statusCode":401,"timestamp":"2025-12-18T15:02:59.063Z","url":"/api/whatsapp/simulate","userAgent":"curl/8.7.1"}
{"level":"info","message":"WhatsApp message from 244900000000: menu (type: text)","timestamp":"2025-12-18T15:03:07.994Z"}
{"level":"error","message":"Erro no WhatsApp Bot para 244900000000: Error connecting to database: fetch failed","name":"NeonDbError","sourceError":{},"stack":"NeonDbError: Error connecting to database: fetch failed\n    at execute (file:///Users/pedrodivino/Dev/home_finances/backend/node_modules/@neondatabase/serverless/index.mjs:1549:24)\n    at process.processTicksAndRejections (node:internal/process/task_queues:105:5)\n    at async NeonHttpPreparedQuery.execute (/Users/pedrodivino/Dev/home_finances/backend/node_modules/src/neon-http/session.ts:68:18)\n    at async UserRepository.findByPhone (/Users/pedrodivino/Dev/home_finances/backend/src/domain/repositories/user.repository.ts:27:20)\n    at async WhatsAppBotService.processMessage (/Users/pedrodivino/Dev/home_finances/backend/src/domain/services/whatsapp-bot.service.ts:49:20)\n    at async receiveMessage (/Users/pedrodivino/Dev/home_finances/backend/src/api/controllers/whatsapp.controller.ts:59:24)","timestamp":"2025-12-18T15:03:07.998Z"}
{"level":"info","message":"WhatsApp response to 244900000000: ❌ Ocorreu um erro. Tente novamente mais tarde ou digite *ajuda* para ver os comandos disponíveis.","timestamp":"2025-12-18T15:03:07.998Z"}
{"duration":"5ms","ip":"127.0.0.1","level":"info","message":"Request completed","method":"POST","statusCode":200,"timestamp":"2025-12-18T15:03:07.999Z","url":"/webhook","userAgent":"curl/8.7.1"}
{"level":"info","message":"SIGINT received, shutting down gracefully","timestamp":"2025-12-18T15:07:39.941Z"}
{"level":"info","message":"🚀 Server running on port 5001","timestamp":"2025-12-18T15:07:48.207Z"}
{"level":"info","message":"📊 Environment: development","timestamp":"2025-12-18T15:07:48.208Z"}
{"level":"info","message":"🔗 Frontend URL: http://localhost:3000","timestamp":"2025-12-18T15:07:48.208Z"}
{"level":"info","message":"Iniciando job de transações recorrentes","timestamp":"2025-12-18T15:07:48.209Z"}
{"level":"info","message":"Executando job de transações recorrentes","timestamp":"2025-12-18T15:07:48.209Z"}
{"level":"info","message":"Iniciando processamento de transações recorrentes","timestamp":"2025-12-18T15:07:48.209Z"}
{"level":"info","message":"Job agendado para executar a cada 24 horas","timestamp":"2025-12-18T15:07:48.209Z"}
{"level":"info","message":"⏰ Jobs iniciados","timestamp":"2025-12-18T15:07:48.209Z"}
{"level":"error","message":"Erro no processamento de transações recorrentes: Error connecting to database: fetch failed","name":"NeonDbError","sourceError":{},"stack":"NeonDbError: Error connecting to database: fetch failed\n    at execute (file:///Users/pedrodivino/Dev/home_finances/backend/node_modules/@neondatabase/serverless/index.mjs:1549:24)\n    at process.processTicksAndRejections (node:internal/process/task_queues:105:5)\n    at async NeonHttpPreparedQuery.execute (/Users/pedrodivino/Dev/home_finances/backend/node_modules/src/neon-http/session.ts:68:18)\n    at async TransactionRepository.findRecurring (/Users/pedrodivino/Dev/home_finances/backend/src/domain/repositories/transaction.repository.ts:145:12)\n    at async RecurringTransactionService.processRecurringTransactions (/Users/pedrodivino/Dev/home_finances/backend/src/domain/services/recurring-transaction.service.ts:22:37)\n    at async RecurringTransactionsJob.executeJob (/Users/pedrodivino/Dev/home_finances/backend/src/core/jobs/recurring-transactions.job.ts:47:7)","timestamp":"2025-12-18T15:07:48.249Z"}
{"level":"info","message":"Job de transações recorrentes concluído com sucesso","timestamp":"2025-12-18T15:07:48.250Z"}
{"level":"info","message":"WhatsApp message from 244900000000: menu (type: text)","timestamp":"2025-12-18T15:11:00.469Z"}
{"level":"error","message":"Erro no WhatsApp Bot para 244900000000: Error connecting to database: fetch failed","name":"NeonDbError","sourceError":{},"stack":"NeonDbError: Error connecting to database: fetch failed\n    at execute (file:///Users/pedrodivino/Dev/home_finances/backend/node_modules/@neondatabase/serverless/index.mjs:1549:24)\n    at process.processTicksAndRejections (node:internal/process/task_queues:105:5)\n    at async NeonHttpPreparedQuery.execute (/Users/pedrodivino/Dev/home_finances/backend/node_modules/src/neon-http/session.ts:68:18)\n    at async UserRepository.findByPhone (/Users/pedrodivino/Dev/home_finances/backend/src/domain/repositories/user.repository.ts:27:20)\n    at async WhatsAppBotService.processMessage (/Users/pedrodivino/Dev/home_finances/backend/src/domain/services/whatsapp-bot.service.ts:49:20)\n    at async receiveMessage (/Users/pedrodivino/Dev/home_finances/backend/src/api/controllers/whatsapp.controller.ts:59:24)","timestamp":"2025-12-18T15:11:00.542Z"}
{"level":"info","message":"WhatsApp response to 244900000000: ❌ Ocorreu um erro. Tente novamente mais tarde ou digite *ajuda* para ver os comandos disponíveis.","timestamp":"2025-12-18T15:11:00.543Z"}
{"duration":"101ms","ip":"127.0.0.1","level":"info","message":"Request completed","method":"POST","statusCode":200,"timestamp":"2025-12-18T15:11:00.563Z","url":"/webhook","userAgent":"curl/8.7.1"}
{"level":"info","message":"WhatsApp message from 244900000000: menu (type: text)","timestamp":"2025-12-18T15:28:01.572Z"}
{"level":"error","message":"Erro no WhatsApp Bot para 244900000000: Error connecting to database: fetch failed","name":"NeonDbError","sourceError":{},"stack":"NeonDbError: Error connecting to database: fetch failed\n    at execute (file:///Users/pedrodivino/Dev/home_finances/backend/node_modules/@neondatabase/serverless/index.mjs:1549:24)\n    at process.processTicksAndRejections (node:internal/process/task_queues:105:5)\n    at async NeonHttpPreparedQuery.execute (/Users/pedrodivino/Dev/home_finances/backend/node_modules/src/neon-http/session.ts:68:18)\n    at async UserRepository.findByPhone (/Users/pedrodivino/Dev/home_finances/backend/src/domain/repositories/user.repository.ts:27:20)\n    at async WhatsAppBotService.processMessage (/Users/pedrodivino/Dev/home_finances/backend/src/domain/services/whatsapp-bot.service.ts:49:20)\n    at async receiveMessage (/Users/pedrodivino/Dev/home_finances/backend/src/api/controllers/whatsapp.controller.ts:59:24)","timestamp":"2025-12-18T15:28:01.614Z"}
{"level":"info","message":"WhatsApp response to 244900000000: ❌ Ocorreu um erro. Tente novamente mais tarde ou digite *ajuda* para ver os comandos disponíveis.","timestamp":"2025-12-18T15:28:01.615Z"}
{"duration":"44ms","ip":"127.0.0.1","level":"info","message":"Request completed","method":"POST","statusCode":200,"timestamp":"2025-12-18T15:28:01.615Z","url":"/webhook","userAgent":"curl/8.7.1"}
{"level":"info","message":"WhatsApp message from 244900000000: saldo (type: text)","timestamp":"2025-12-18T15:28:13.386Z"}
{"level":"error","message":"Erro no WhatsApp Bot para 244900000000: Error connecting to database: fetch failed","name":"NeonDbError","sourceError":{},"stack":"NeonDbError: Error connecting to database: fetch failed\n    at execute (file:///Users/pedrodivino/Dev/home_finances/backend/node_modules/@neondatabase/serverless/index.mjs:1549:24)\n    at process.processTicksAndRejections (node:internal/process/task_queues:105:5)\n    at async NeonHttpPreparedQuery.execute (/Users/pedrodivino/Dev/home_finances/backend/node_modules/src/neon-http/session.ts:68:18)\n    at async UserRepository.findByPhone (/Users/pedrodivino/Dev/home_finances/backend/src/domain/repositories/user.repository.ts:27:20)\n    at async WhatsAppBotService.processMessage (/Users/pedrodivino/Dev/home_finances/backend/src/domain/services/whatsapp-bot.service.ts:49:20)\n    at async receiveMessage (/Users/pedrodivino/Dev/home_finances/backend/src/api/controllers/whatsapp.controller.ts:59:24)","timestamp":"2025-12-18T15:28:13.391Z"}
{"level":"info","message":"WhatsApp response to 244900000000: ❌ Ocorreu um erro. Tente novamente mais tarde ou digite *ajuda* para ver os comandos disponíveis.","timestamp":"2025-12-18T15:28:13.391Z"}
{"duration":"5ms","ip":"127.0.0.1","level":"info","message":"Request completed","method":"POST","statusCode":200,"timestamp":"2025-12-18T15:28:13.391Z","url":"/webhook","userAgent":"curl/8.7.1"}
{"error":"Access token required","ip":"127.0.0.1","level":"error","message":"Error occurred:","method":"GET","stack":"Error: Access token required\n    at new UnauthorizedError (/Users/pedrodivino/Dev/home_finances/backend/src/core/errors/app-error.ts:27:5)\n    at authenticate (/Users/pedrodivino/Dev/home_finances/backend/src/api/middlewares/auth.ts:40:13)\n    at Layer.handle [as handle_request] (/Users/pedrodivino/Dev/home_finances/backend/node_modules/express/lib/router/layer.js:95:5)\n    at trim_prefix (/Users/pedrodivino/Dev/home_finances/backend/node_modules/express/lib/router/index.js:328:13)\n    at /Users/pedrodivino/Dev/home_finances/backend/node_modules/express/lib/router/index.js:286:9\n    at router.process_params (/Users/pedrodivino/Dev/home_finances/backend/node_modules/express/lib/router/index.js:346:12)\n    at next (/Users/pedrodivino/Dev/home_finances/backend/node_modules/express/lib/router/index.js:280:10)\n    at router.handle (/Users/pedrodivino/Dev/home_finances/backend/node_modules/express/lib/router/index.js:175:3)\n    at router (/Users/pedrodivino/Dev/home_finances/backend/node_modules/express/lib/router/index.js:47:12)\n    at Layer.handle [as handle_request] (/Users/pedrodivino/Dev/home_finances/backend/node_modules/express/lib/router/layer.js:95:5)","timestamp":"2025-12-18T15:28:29.792Z","url":"/api/whatsapp/status","userAgent":"curl/8.7.1"}
{"duration":"11ms","ip":"127.0.0.1","level":"info","message":"Request completed","method":"GET","statusCode":401,"timestamp":"2025-12-18T15:28:29.794Z","url":"/api/whatsapp/status","userAgent":"curl/8.7.1"}
{"level":"info","message":"WhatsApp webhook verificado com sucesso","timestamp":"2025-12-18T15:28:38.902Z"}
{"duration":"1ms","ip":"127.0.0.1","level":"info","message":"Request completed","method":"GET","statusCode":200,"timestamp":"2025-12-18T15:28:38.903Z","url":"/webhook?hub.mode=subscribe&hub.verify_token=financecontrol_webhook_token&hub.challenge=test123","userAgent":"curl/8.7.1"}
{"level":"info","message":"WhatsApp message from 244900000000: ajuda (type: text)","timestamp":"2025-12-18T15:28:48.836Z"}
{"level":"error","message":"Erro no WhatsApp Bot para 244900000000: Error connecting to database: fetch failed","name":"NeonDbError","sourceError":{},"stack":"NeonDbError: Error connecting to database: fetch failed\n    at execute (file:///Users/pedrodivino/Dev/home_finances/backend/node_modules/@neondatabase/serverless/index.mjs:1549:24)\n    at process.processTicksAndRejections (node:internal/process/task_queues:105:5)\n    at async NeonHttpPreparedQuery.execute (/Users/pedrodivino/Dev/home_finances/backend/node_modules/src/neon-http/session.ts:68:18)\n    at async UserRepository.findByPhone (/Users/pedrodivino/Dev/home_finances/backend/src/domain/repositories/user.repository.ts:27:20)\n    at async WhatsAppBotService.processMessage (/Users/pedrodivino/Dev/home_finances/backend/src/domain/services/whatsapp-bot.service.ts:49:20)\n    at async receiveMessage (/Users/pedrodivino/Dev/home_finances/backend/src/api/controllers/whatsapp.controller.ts:59:24)","timestamp":"2025-12-18T15:28:48.841Z"}
{"level":"info","message":"WhatsApp response to 244900000000: ❌ Ocorreu um erro. Tente novamente mais tarde ou digite *ajuda* para ver os comandos disponíveis.","timestamp":"2025-12-18T15:28:48.841Z"}
{"duration":"5ms","ip":"127.0.0.1","level":"info","message":"Request completed","method":"POST","statusCode":200,"timestamp":"2025-12-18T15:28:48.841Z","url":"/webhook","userAgent":"curl/8.7.1"}
{"level":"info","message":"WhatsApp message from 244900000000: despesa 50 teste (type: image)","timestamp":"2025-12-18T15:28:58.686Z"}
{"level":"error","message":"Erro no WhatsApp Bot para 244900000000: Error connecting to database: fetch failed","name":"NeonDbError","sourceError":{},"stack":"NeonDbError: Error connecting to database: fetch failed\n    at execute (file:///Users/pedrodivino/Dev/home_finances/backend/node_modules/@neondatabase/serverless/index.mjs:1549:24)\n    at process.processTicksAndRejections (node:internal/process/task_queues:105:5)\n    at async NeonHttpPreparedQuery.execute (/Users/pedrodivino/Dev/home_finances/backend/node_modules/src/neon-http/session.ts:68:18)\n    at async UserRepository.findByPhone (/Users/pedrodivino/Dev/home_finances/backend/src/domain/repositories/user.repository.ts:27:20)\n    at async WhatsAppBotService.processMessage (/Users/pedrodivino/Dev/home_finances/backend/src/domain/services/whatsapp-bot.service.ts:49:20)\n    at async receiveMessage (/Users/pedrodivino/Dev/home_finances/backend/src/api/controllers/whatsapp.controller.ts:59:24)","timestamp":"2025-12-18T15:28:58.697Z"}
{"level":"info","message":"WhatsApp response to 244900000000: ❌ Ocorreu um erro. Tente novamente mais tarde ou digite *ajuda* para ver os comandos disponíveis.","timestamp":"2025-12-18T15:28:58.697Z"}
{"duration":"13ms","ip":"127.0.0.1","level":"info","message":"Request completed","method":"POST","statusCode":200,"timestamp":"2025-12-18T15:28:58.699Z","url":"/webhook","userAgent":"curl/8.7.1"}
{"level":"info","message":"SIGINT received, shutting down gracefully","timestamp":"2025-12-18T15:29:43.166Z"}
{"level":"info","message":"🚀 Server running on port 5001","timestamp":"2025-12-18T15:29:51.409Z"}
{"level":"info","message":"📊 Environment: development","timestamp":"2025-12-18T15:29:51.411Z"}
{"level":"info","message":"🔗 Frontend URL: http://localhost:3000","timestamp":"2025-12-18T15:29:51.411Z"}
{"level":"info","message":"Iniciando job de transações recorrentes","timestamp":"2025-12-18T15:29:51.411Z"}
{"level":"info","message":"Executando job de transações recorrentes","timestamp":"2025-12-18T15:29:51.411Z"}
{"level":"info","message":"Iniciando processamento de transações recorrentes","timestamp":"2025-12-18T15:29:51.411Z"}
{"level":"info","message":"Job agendado para executar a cada 24 horas","timestamp":"2025-12-18T15:29:51.412Z"}
{"level":"info","message":"⏰ Jobs iniciados","timestamp":"2025-12-18T15:29:51.412Z"}
{"level":"error","message":"Erro no processamento de transações recorrentes: Error connecting to database: fetch failed","name":"NeonDbError","sourceError":{},"stack":"NeonDbError: Error connecting to database: fetch failed\n    at execute (file:///Users/pedrodivino/Dev/home_finances/backend/node_modules/@neondatabase/serverless/index.mjs:1549:24)\n    at process.processTicksAndRejections (node:internal/process/task_queues:105:5)\n    at async NeonHttpPreparedQuery.execute (/Users/pedrodivino/Dev/home_finances/backend/node_modules/src/neon-http/session.ts:68:18)\n    at async TransactionRepository.findRecurring (/Users/pedrodivino/Dev/home_finances/backend/src/domain/repositories/transaction.repository.ts:145:12)\n    at async RecurringTransactionService.processRecurringTransactions (/Users/pedrodivino/Dev/home_finances/backend/src/domain/services/recurring-transaction.service.ts:22:37)\n    at async RecurringTransactionsJob.executeJob (/Users/pedrodivino/Dev/home_finances/backend/src/core/jobs/recurring-transactions.job.ts:47:7)","timestamp":"2025-12-18T15:29:51.451Z"}
{"level":"info","message":"Job de transações recorrentes concluído com sucesso","timestamp":"2025-12-18T15:29:51.452Z"}
{"level":"info","message":"WhatsApp message from 244900000000: menu (type: text)","timestamp":"2025-12-18T15:30:17.337Z"}
{"level":"error","message":"Erro no WhatsApp Bot para 244900000000: Error connecting to database: fetch failed","name":"NeonDbError","sourceError":{},"stack":"NeonDbError: Error connecting to database: fetch failed\n    at execute (file:///Users/pedrodivino/Dev/home_finances/backend/node_modules/@neondatabase/serverless/index.mjs:1549:24)\n    at process.processTicksAndRejections (node:internal/process/task_queues:105:5)\n    at async NeonHttpPreparedQuery.execute (/Users/pedrodivino/Dev/home_finances/backend/node_modules/src/neon-http/session.ts:68:18)\n    at async UserRepository.findByPhone (/Users/pedrodivino/Dev/home_finances/backend/src/domain/repositories/user.repository.ts:27:20)\n    at async WhatsAppBotService.processMessage (/Users/pedrodivino/Dev/home_finances/backend/src/domain/services/whatsapp-bot.service.ts:49:20)\n    at async receiveMessage (/Users/pedrodivino/Dev/home_finances/backend/src/api/controllers/whatsapp.controller.ts:59:24)","timestamp":"2025-12-18T15:30:17.346Z"}
{"level":"info","message":"WhatsApp response to 244900000000: ❌ Ocorreu um erro. Tente novamente mais tarde ou digite *ajuda* para ver os comandos disponíveis.","timestamp":"2025-12-18T15:30:17.347Z"}
{"duration":"13ms","ip":"127.0.0.1","level":"info","message":"Request completed","method":"POST","statusCode":200,"timestamp":"2025-12-18T15:30:17.349Z","url":"/webhook","userAgent":"curl/8.7.1"}
{"level":"info","message":"SIGTERM received, shutting down gracefully","timestamp":"2025-12-18T15:30:46.830Z"}
{"level":"info","message":"🚀 Server running on port 5001","timestamp":"2025-12-18T15:31:46.579Z"}
{"level":"info","message":"📊 Environment: development","timestamp":"2025-12-18T15:31:46.582Z"}
{"level":"info","message":"🔗 Frontend URL: http://localhost:3000","timestamp":"2025-12-18T15:31:46.582Z"}
{"level":"info","message":"Iniciando job de transações recorrentes","timestamp":"2025-12-18T15:31:46.582Z"}
{"level":"info","message":"Executando job de transações recorrentes","timestamp":"2025-12-18T15:31:46.582Z"}
{"level":"info","message":"Iniciando processamento de transações recorrentes","timestamp":"2025-12-18T15:31:46.583Z"}
{"level":"info","message":"Job agendado para executar a cada 24 horas","timestamp":"2025-12-18T15:31:46.583Z"}
{"level":"info","message":"⏰ Jobs iniciados","timestamp":"2025-12-18T15:31:46.583Z"}
{"level":"info","message":"Processamento concluído: 0 transações criadas","timestamp":"2025-12-18T15:31:47.009Z"}
{"level":"info","message":"Job de transações recorrentes concluído com sucesso","timestamp":"2025-12-18T15:31:47.009Z"}
{"level":"info","message":"WhatsApp message from 244900000000: menu (type: text)","timestamp":"2025-12-18T15:32:05.932Z"}
{"level":"info","message":"WhatsApp response to 244900000000: 🏦 *FinanceControl - Menu Principal*\n\n💰 *saldo* - Ver saldo das contas\n📊 *movimentos* - Últimas transações\n📈 *receita 1000 salario* - Registrar receita\n📉 *despesa 500 alimentacao* - Registrar despesa\n📎 *Envie foto/PDF* - Despesa com recibo\n💸 *emprestimos* - Ver empréstimos\n💳 *dividas* - Ver dívidas\n🎯 *metas* - Ver metas de poupança\n📋 *relatorio* - Resumo financeiro\n❓ *ajuda* - Ver este menu\n\n💡 *Novidade:* Envie foto do recibo ou PDF para registrar despesas com comprovante!","timestamp":"2025-12-18T15:32:05.958Z"}
{"duration":"28ms","ip":"127.0.0.1","level":"info","message":"Request completed","method":"POST","statusCode":200,"timestamp":"2025-12-18T15:32:05.960Z","url":"/webhook","userAgent":"curl/8.7.1"}
{"level":"info","message":"WhatsApp message from 244900000000: saldo (type: text)","timestamp":"2025-12-18T15:32:15.375Z"}
{"level":"info","message":"WhatsApp response to 244900000000: 🏦 *Suas Contas*\n\n💳 *Conta Principal*\n   10 000,00 Kz\n\n💰 *Total Geral:* 10 000,00 Kz","timestamp":"2025-12-18T15:32:15.400Z"}
{"duration":"27ms","ip":"127.0.0.1","level":"info","message":"Request completed","method":"POST","statusCode":200,"timestamp":"2025-12-18T15:32:15.401Z","url":"/webhook","userAgent":"curl/8.7.1"}
{"level":"info","message":"WhatsApp message from 244900000000: despesa 100 alimentacao (type: text)","timestamp":"2025-12-18T15:32:23.906Z"}
{"level":"info","message":"WhatsApp response to 244900000000: ✅ *Despesa Registrada!*\n\n📉 100,00 Kz\n🏷️ alimentacao\n💳 Conta Principal\n💰 Novo saldo: 9 900,00 Kz","timestamp":"2025-12-18T15:32:23.939Z"}
{"duration":"34ms","ip":"127.0.0.1","level":"info","message":"Request completed","method":"POST","statusCode":200,"timestamp":"2025-12-18T15:32:23.939Z","url":"/webhook","userAgent":"curl/8.7.1"}
{"level":"info","message":"WhatsApp message from 244900000000: despesa 50 cafe (type: image)","timestamp":"2025-12-18T15:32:33.069Z"}
{"level":"info","message":"Processando recibo de 244900000000: image/jpeg","timestamp":"2025-12-18T15:32:33.070Z"}
{"level":"info","message":"Baixando mídia WhatsApp: test123","timestamp":"2025-12-18T15:32:33.070Z"}
{"level":"error","message":"Erro ao baixar mídia test123: Erro ao obter URL da mídia: Unauthorized","stack":"Error: Erro ao obter URL da mídia: Unauthorized\n    at WhatsAppMediaService.downloadMedia (/Users/pedrodivino/Dev/home_finances/backend/src/domain/services/whatsapp-media.service.ts:46:15)\n    at process.processTicksAndRejections (node:internal/process/task_queues:105:5)\n    at async WhatsAppBotService.handleMediaExpense (/Users/pedrodivino/Dev/home_finances/backend/src/domain/services/whatsapp-bot.service.ts:93:46)\n    at async WhatsAppBotService.processMessage (/Users/pedrodivino/Dev/home_finances/backend/src/domain/services/whatsapp-bot.service.ts:57:16)\n    at async receiveMessage (/Users/pedrodivino/Dev/home_finances/backend/src/api/controllers/whatsapp.controller.ts:59:24)","timestamp":"2025-12-18T15:32:33.894Z"}
{"level":"error","message":"Erro ao processar mídia para despesa: Erro ao obter URL da mídia: Unauthorized","stack":"Error: Erro ao obter URL da mídia: Unauthorized\n    at WhatsAppMediaService.downloadMedia (/Users/pedrodivino/Dev/home_finances/backend/src/domain/services/whatsapp-media.service.ts:46:15)\n    at process.processTicksAndRejections (node:internal/process/task_queues:105:5)\n    at async WhatsAppBotService.handleMediaExpense (/Users/pedrodivino/Dev/home_finances/backend/src/domain/services/whatsapp-bot.service.ts:93:46)\n    at async WhatsAppBotService.processMessage (/Users/pedrodivino/Dev/home_finances/backend/src/domain/services/whatsapp-bot.service.ts:57:16)\n    at async receiveMessage (/Users/pedrodivino/Dev/home_finances/backend/src/api/controllers/whatsapp.controller.ts:59:24)","timestamp":"2025-12-18T15:32:33.894Z"}
{"level":"info","message":"WhatsApp response to 244900000000: ❌ Erro ao processar o arquivo.\n\n💡 Certifique-se de que é uma imagem (JPG/PNG) ou documento (PDF) válido.","timestamp":"2025-12-18T15:32:33.895Z"}
{"duration":"827ms","ip":"127.0.0.1","level":"info","message":"Request completed","method":"POST","statusCode":200,"timestamp":"2025-12-18T15:32:33.895Z","url":"/webhook","userAgent":"curl/8.7.1"}
{"level":"info","message":"WhatsApp message from 244900000000: media message (type: image)","timestamp":"2025-12-18T15:32:42.251Z"}
{"level":"info","message":"Processando recibo de 244900000000: image/jpeg","timestamp":"2025-12-18T15:32:42.272Z"}
{"level":"info","message":"Baixando mídia WhatsApp: test123","timestamp":"2025-12-18T15:32:42.273Z"}
{"level":"error","message":"Erro ao baixar mídia test123: Erro ao obter URL da mídia: Unauthorized","stack":"Error: Erro ao obter URL da mídia: Unauthorized\n    at WhatsAppMediaService.downloadMedia (/Users/pedrodivino/Dev/home_finances/backend/src/domain/services/whatsapp-media.service.ts:46:15)\n    at process.processTicksAndRejections (node:internal/process/task_queues:105:5)\n    at async WhatsAppBotService.handleMediaExpense (/Users/pedrodivino/Dev/home_finances/backend/src/domain/services/whatsapp-bot.service.ts:93:46)\n    at async WhatsAppBotService.processMessage (/Users/pedrodivino/Dev/home_finances/backend/src/domain/services/whatsapp-bot.service.ts:57:16)\n    at async receiveMessage (/Users/pedrodivino/Dev/home_finances/backend/src/api/controllers/whatsapp.controller.ts:59:24)","timestamp":"2025-12-18T15:32:43.157Z"}
{"level":"error","message":"Erro ao processar mídia para despesa: Erro ao obter URL da mídia: Unauthorized","stack":"Error: Erro ao obter URL da mídia: Unauthorized\n    at WhatsAppMediaService.downloadMedia (/Users/pedrodivino/Dev/home_finances/backend/src/domain/services/whatsapp-media.service.ts:46:15)\n    at process.processTicksAndRejections (node:internal/process/task_queues:105:5)\n    at async WhatsAppBotService.handleMediaExpense (/Users/pedrodivino/Dev/home_finances/backend/src/domain/services/whatsapp-bot.service.ts:93:46)\n    at async WhatsAppBotService.processMessage (/Users/pedrodivino/Dev/home_finances/backend/src/domain/services/whatsapp-bot.service.ts:57:16)\n    at async receiveMessage (/Users/pedrodivino/Dev/home_finances/backend/src/api/controllers/whatsapp.controller.ts:59:24)","timestamp":"2025-12-18T15:32:43.157Z"}
{"level":"info","message":"WhatsApp response to 244900000000: ❌ Erro ao processar o arquivo.\n\n💡 Certifique-se de que é uma imagem (JPG/PNG) ou documento (PDF) válido.","timestamp":"2025-12-18T15:32:43.158Z"}
{"duration":"907ms","ip":"127.0.0.1","level":"info","message":"Request completed","method":"POST","statusCode":200,"timestamp":"2025-12-18T15:32:43.158Z","url":"/webhook","userAgent":"curl/8.7.1"}
{"level":"info","message":"WhatsApp message from 244900000000: media message (type: image)","timestamp":"2025-12-18T15:32:51.988Z"}
{"level":"info","message":"WhatsApp response to 244900000000: ❌ *Tipo de arquivo não suportado!*\n\n✅ Envie:\n• Imagens (JPG, PNG)\n• Documentos (PDF, Word)\n\n💡 Tamanho máximo: 5MB para imagens, 100MB para documentos.","timestamp":"2025-12-18T15:32:52.003Z"}
{"duration":"17ms","ip":"127.0.0.1","level":"info","message":"Request completed","method":"POST","statusCode":200,"timestamp":"2025-12-18T15:32:52.004Z","url":"/webhook","userAgent":"curl/8.7.1"}
{"level":"info","message":"WhatsApp message from 244900000000: saldo (type: text)","timestamp":"2025-12-18T15:33:01.304Z"}
{"level":"info","message":"WhatsApp response to 244900000000: 🏦 *Suas Contas*\n\n💳 *Conta Principal*\n   9 900,00 Kz\n\n💰 *Total Geral:* 9 900,00 Kz","timestamp":"2025-12-18T15:33:01.309Z"}
{"duration":"6ms","ip":"127.0.0.1","level":"info","message":"Request completed","method":"POST","statusCode":200,"timestamp":"2025-12-18T15:33:01.310Z","url":"/webhook","userAgent":"curl/8.7.1"}
{"level":"info","message":"SIGINT received, shutting down gracefully","timestamp":"2025-12-18T15:35:25.062Z"}
{"level":"info","message":"🚀 Server running on port 5001","timestamp":"2025-12-18T15:35:33.397Z"}
{"level":"info","message":"📊 Environment: development","timestamp":"2025-12-18T15:35:33.399Z"}
{"level":"info","message":"🔗 Frontend URL: http://localhost:3000","timestamp":"2025-12-18T15:35:33.399Z"}
{"level":"info","message":"Iniciando job de transações recorrentes","timestamp":"2025-12-18T15:35:33.399Z"}
{"level":"info","message":"Executando job de transações recorrentes","timestamp":"2025-12-18T15:35:33.399Z"}
{"level":"info","message":"Iniciando processamento de transações recorrentes","timestamp":"2025-12-18T15:35:33.399Z"}
{"level":"info","message":"Job agendado para executar a cada 24 horas","timestamp":"2025-12-18T15:35:33.400Z"}
{"level":"info","message":"⏰ Jobs iniciados","timestamp":"2025-12-18T15:35:33.400Z"}
{"level":"info","message":"Processamento concluído: 0 transações criadas","timestamp":"2025-12-18T15:35:33.446Z"}
{"level":"info","message":"Job de transações recorrentes concluído com sucesso","timestamp":"2025-12-18T15:35:33.446Z"}
{"duration":"13ms","ip":"127.0.0.1","level":"info","message":"Request completed","method":"GET","statusCode":404,"timestamp":"2025-12-18T15:40:11.378Z","url":"/","userAgent":"curl/8.7.1"}
{"level":"info","message":"WhatsApp webhook verificado com sucesso","timestamp":"2025-12-18T15:40:21.314Z"}
{"duration":"4ms","ip":"127.0.0.1","level":"info","message":"Request completed","method":"GET","statusCode":200,"timestamp":"2025-12-18T15:40:21.316Z","url":"/webhook?hub.mode=subscribe&hub.verify_token=financecontrol_webhook_token&hub.challenge=test","userAgent":"curl/8.7.1"}
{"level":"info","message":"SIGTERM received, shutting down gracefully","timestamp":"2025-12-18T21:24:13.114Z"}
{"level":"info","message":"🚀 Server running on port 5001","timestamp":"2025-12-18T21:24:34.100Z"}
{"level":"info","message":"📊 Environment: development","timestamp":"2025-12-18T21:24:34.101Z"}
{"level":"info","message":"🔗 Frontend URL: http://localhost:3000","timestamp":"2025-12-18T21:24:34.101Z"}
{"level":"info","message":"Iniciando job de transações recorrentes","timestamp":"2025-12-18T21:24:34.101Z"}
{"level":"info","message":"Executando job de transações recorrentes","timestamp":"2025-12-18T21:24:34.101Z"}
{"level":"info","message":"Iniciando processamento de transações recorrentes","timestamp":"2025-12-18T21:24:34.101Z"}
{"level":"info","message":"Job agendado para executar a cada 24 horas","timestamp":"2025-12-18T21:24:34.102Z"}
{"level":"info","message":"⏰ Jobs iniciados","timestamp":"2025-12-18T21:24:34.102Z"}
{"level":"info","message":"Processamento concluído: 0 transações criadas","timestamp":"2025-12-18T21:24:34.157Z"}
{"level":"info","message":"Job de transações recorrentes concluído com sucesso","timestamp":"2025-12-18T21:24:34.158Z"}
{"error":"[\n  {\n    \"code\": \"too_small\",\n    \"minimum\": 10,\n    \"type\": \"string\",\n    \"inclusive\": true,\n    \"exact\": false,\n    \"message\": \"Telefone deve ter pelo menos 10 dígitos\",\n    \"path\": [\n      \"body\",\n      \"phone\"\n    ]\n  }\n]","ip":"127.0.0.1","level":"error","message":"Error occurred:","method":"POST","stack":"ZodError: [\n  {\n    \"code\": \"too_small\",\n    \"minimum\": 10,\n    \"type\": \"string\",\n    \"inclusive\": true,\n    \"exact\": false,\n    \"message\": \"Telefone deve ter pelo menos 10 dígitos\",\n    \"path\": [\n      \"body\",\n      \"phone\"\n    ]\n  }\n]\n    at get error (file:///Users/pedrodivino/Dev/home_finances/backend/node_modules/zod/v3/types.js:39:31)\n    at ZodObject.parseAsync (file:///Users/pedrodivino/Dev/home_finances/backend/node_modules/zod/v3/types.js:177:22)\n    at process.processTicksAndRejections (node:internal/process/task_queues:105:5)\n    at async <anonymous> (/Users/pedrodivino/Dev/home_finances/backend/src/api/middlewares/validate.ts:7:7)","timestamp":"2025-12-19T00:56:11.907Z","url":"/api/auth/register","userAgent":"Mozilla/5.0 (Macintosh; Intel Mac OS X 10_15_7) AppleWebKit/537.36 (KHTML, like Gecko) Chrome/143.0.0.0 Safari/537.36"}
{"duration":"11ms","ip":"127.0.0.1","level":"info","message":"Request completed","method":"POST","statusCode":400,"timestamp":"2025-12-19T00:56:11.911Z","url":"/api/auth/register","userAgent":"Mozilla/5.0 (Macintosh; Intel Mac OS X 10_15_7) AppleWebKit/537.36 (KHTML, like Gecko) Chrome/143.0.0.0 Safari/537.36"}
{"error":"[\n  {\n    \"code\": \"too_small\",\n    \"minimum\": 10,\n    \"type\": \"string\",\n    \"inclusive\": true,\n    \"exact\": false,\n    \"message\": \"Telefone deve ter pelo menos 10 dígitos\",\n    \"path\": [\n      \"body\",\n      \"phone\"\n    ]\n  }\n]","ip":"127.0.0.1","level":"error","message":"Error occurred:","method":"POST","stack":"ZodError: [\n  {\n    \"code\": \"too_small\",\n    \"minimum\": 10,\n    \"type\": \"string\",\n    \"inclusive\": true,\n    \"exact\": false,\n    \"message\": \"Telefone deve ter pelo menos 10 dígitos\",\n    \"path\": [\n      \"body\",\n      \"phone\"\n    ]\n  }\n]\n    at get error (file:///Users/pedrodivino/Dev/home_finances/backend/node_modules/zod/v3/types.js:39:31)\n    at ZodObject.parseAsync (file:///Users/pedrodivino/Dev/home_finances/backend/node_modules/zod/v3/types.js:177:22)\n    at process.processTicksAndRejections (node:internal/process/task_queues:105:5)\n    at async <anonymous> (/Users/pedrodivino/Dev/home_finances/backend/src/api/middlewares/validate.ts:7:7)","timestamp":"2025-12-19T00:56:19.051Z","url":"/api/auth/register","userAgent":"Mozilla/5.0 (Macintosh; Intel Mac OS X 10_15_7) AppleWebKit/537.36 (KHTML, like Gecko) Chrome/143.0.0.0 Safari/537.36"}
{"duration":"5ms","ip":"127.0.0.1","level":"info","message":"Request completed","method":"POST","statusCode":400,"timestamp":"2025-12-19T00:56:19.054Z","url":"/api/auth/register","userAgent":"Mozilla/5.0 (Macintosh; Intel Mac OS X 10_15_7) AppleWebKit/537.36 (KHTML, like Gecko) Chrome/143.0.0.0 Safari/537.36"}
{"error":"[\n  {\n    \"code\": \"too_small\",\n    \"minimum\": 10,\n    \"type\": \"string\",\n    \"inclusive\": true,\n    \"exact\": false,\n    \"message\": \"Telefone deve ter pelo menos 10 dígitos\",\n    \"path\": [\n      \"body\",\n      \"phone\"\n    ]\n  }\n]","ip":"127.0.0.1","level":"error","message":"Error occurred:","method":"POST","stack":"ZodError: [\n  {\n    \"code\": \"too_small\",\n    \"minimum\": 10,\n    \"type\": \"string\",\n    \"inclusive\": true,\n    \"exact\": false,\n    \"message\": \"Telefone deve ter pelo menos 10 dígitos\",\n    \"path\": [\n      \"body\",\n      \"phone\"\n    ]\n  }\n]\n    at get error (file:///Users/pedrodivino/Dev/home_finances/backend/node_modules/zod/v3/types.js:39:31)\n    at ZodObject.parseAsync (file:///Users/pedrodivino/Dev/home_finances/backend/node_modules/zod/v3/types.js:177:22)\n    at process.processTicksAndRejections (node:internal/process/task_queues:105:5)\n    at async <anonymous> (/Users/pedrodivino/Dev/home_finances/backend/src/api/middlewares/validate.ts:7:7)","timestamp":"2025-12-19T00:56:20.072Z","url":"/api/auth/register","userAgent":"Mozilla/5.0 (Macintosh; Intel Mac OS X 10_15_7) AppleWebKit/537.36 (KHTML, like Gecko) Chrome/143.0.0.0 Safari/537.36"}
{"duration":"2ms","ip":"127.0.0.1","level":"info","message":"Request completed","method":"POST","statusCode":400,"timestamp":"2025-12-19T00:56:20.074Z","url":"/api/auth/register","userAgent":"Mozilla/5.0 (Macintosh; Intel Mac OS X 10_15_7) AppleWebKit/537.36 (KHTML, like Gecko) Chrome/143.0.0.0 Safari/537.36"}
{"error":"[\n  {\n    \"code\": \"too_small\",\n    \"minimum\": 10,\n    \"type\": \"string\",\n    \"inclusive\": true,\n    \"exact\": false,\n    \"message\": \"Telefone deve ter pelo menos 10 dígitos\",\n    \"path\": [\n      \"body\",\n      \"phone\"\n    ]\n  }\n]","ip":"127.0.0.1","level":"error","message":"Error occurred:","method":"POST","stack":"ZodError: [\n  {\n    \"code\": \"too_small\",\n    \"minimum\": 10,\n    \"type\": \"string\",\n    \"inclusive\": true,\n    \"exact\": false,\n    \"message\": \"Telefone deve ter pelo menos 10 dígitos\",\n    \"path\": [\n      \"body\",\n      \"phone\"\n    ]\n  }\n]\n    at get error (file:///Users/pedrodivino/Dev/home_finances/backend/node_modules/zod/v3/types.js:39:31)\n    at ZodObject.parseAsync (file:///Users/pedrodivino/Dev/home_finances/backend/node_modules/zod/v3/types.js:177:22)\n    at process.processTicksAndRejections (node:internal/process/task_queues:105:5)\n    at async <anonymous> (/Users/pedrodivino/Dev/home_finances/backend/src/api/middlewares/validate.ts:7:7)","timestamp":"2025-12-19T00:56:20.473Z","url":"/api/auth/register","userAgent":"Mozilla/5.0 (Macintosh; Intel Mac OS X 10_15_7) AppleWebKit/537.36 (KHTML, like Gecko) Chrome/143.0.0.0 Safari/537.36"}
{"duration":"2ms","ip":"127.0.0.1","level":"info","message":"Request completed","method":"POST","statusCode":400,"timestamp":"2025-12-19T00:56:20.474Z","url":"/api/auth/register","userAgent":"Mozilla/5.0 (Macintosh; Intel Mac OS X 10_15_7) AppleWebKit/537.36 (KHTML, like Gecko) Chrome/143.0.0.0 Safari/537.36"}
{"level":"info","message":"SIGTERM received, shutting down gracefully","timestamp":"2025-12-19T00:58:50.885Z"}
{"level":"info","message":"🚀 Server running on port 5001","timestamp":"2025-12-19T00:58:52.004Z"}
{"level":"info","message":"📊 Environment: development","timestamp":"2025-12-19T00:58:52.007Z"}
{"level":"info","message":"🔗 Frontend URL: http://localhost:3000","timestamp":"2025-12-19T00:58:52.007Z"}
{"level":"info","message":"Iniciando job de transações recorrentes","timestamp":"2025-12-19T00:58:52.008Z"}
{"level":"info","message":"Executando job de transações recorrentes","timestamp":"2025-12-19T00:58:52.008Z"}
{"level":"info","message":"Iniciando processamento de transações recorrentes","timestamp":"2025-12-19T00:58:52.008Z"}
{"level":"info","message":"Job agendado para executar a cada 24 horas","timestamp":"2025-12-19T00:58:52.008Z"}
{"level":"info","message":"⏰ Jobs iniciados","timestamp":"2025-12-19T00:58:52.009Z"}
{"level":"info","message":"Processamento concluído: 0 transações criadas","timestamp":"2025-12-19T00:58:52.590Z"}
{"level":"info","message":"Job de transações recorrentes concluído com sucesso","timestamp":"2025-12-19T00:58:52.590Z"}
{"level":"info","message":"SIGTERM received, shutting down gracefully","timestamp":"2025-12-19T00:58:55.042Z"}
{"level":"info","message":"🚀 Server running on port 5001","timestamp":"2025-12-19T00:58:55.743Z"}
{"level":"info","message":"📊 Environment: development","timestamp":"2025-12-19T00:58:55.745Z"}
{"level":"info","message":"🔗 Frontend URL: http://localhost:3000","timestamp":"2025-12-19T00:58:55.745Z"}
{"level":"info","message":"Iniciando job de transações recorrentes","timestamp":"2025-12-19T00:58:55.745Z"}
{"level":"info","message":"Executando job de transações recorrentes","timestamp":"2025-12-19T00:58:55.745Z"}
{"level":"info","message":"Iniciando processamento de transações recorrentes","timestamp":"2025-12-19T00:58:55.745Z"}
{"level":"info","message":"Job agendado para executar a cada 24 horas","timestamp":"2025-12-19T00:58:55.745Z"}
{"level":"info","message":"⏰ Jobs iniciados","timestamp":"2025-12-19T00:58:55.746Z"}
{"level":"info","message":"Processamento concluído: 0 transações criadas","timestamp":"2025-12-19T00:58:55.764Z"}
{"level":"info","message":"Job de transações recorrentes concluído com sucesso","timestamp":"2025-12-19T00:58:55.764Z"}
{"level":"info","message":"SIGTERM received, shutting down gracefully","timestamp":"2025-12-19T00:59:05.357Z"}
{"level":"info","message":"🚀 Server running on port 5001","timestamp":"2025-12-19T00:59:06.064Z"}
{"level":"info","message":"📊 Environment: development","timestamp":"2025-12-19T00:59:06.066Z"}
{"level":"info","message":"🔗 Frontend URL: http://localhost:3000","timestamp":"2025-12-19T00:59:06.066Z"}
{"level":"info","message":"Iniciando job de transações recorrentes","timestamp":"2025-12-19T00:59:06.067Z"}
{"level":"info","message":"Executando job de transações recorrentes","timestamp":"2025-12-19T00:59:06.067Z"}
{"level":"info","message":"Iniciando processamento de transações recorrentes","timestamp":"2025-12-19T00:59:06.067Z"}
{"level":"info","message":"Job agendado para executar a cada 24 horas","timestamp":"2025-12-19T00:59:06.067Z"}
{"level":"info","message":"⏰ Jobs iniciados","timestamp":"2025-12-19T00:59:06.067Z"}
{"level":"info","message":"Processamento concluído: 0 transações criadas","timestamp":"2025-12-19T00:59:06.261Z"}
{"level":"info","message":"Job de transações recorrentes concluído com sucesso","timestamp":"2025-12-19T00:59:06.261Z"}
{"duration":"330ms","ip":"127.0.0.1","level":"info","message":"Request completed","method":"POST","statusCode":201,"timestamp":"2025-12-19T01:00:23.080Z","url":"/register","userAgent":"Mozilla/5.0 (Macintosh; Intel Mac OS X 10_15_7) AppleWebKit/537.36 (KHTML, like Gecko) Chrome/143.0.0.0 Safari/537.36"}
{"duration":"6ms","ip":"127.0.0.1","level":"info","message":"Request completed","method":"GET","statusCode":200,"timestamp":"2025-12-19T01:00:23.388Z","url":"/me","userAgent":"Mozilla/5.0 (Macintosh; Intel Mac OS X 10_15_7) AppleWebKit/537.36 (KHTML, like Gecko) Chrome/143.0.0.0 Safari/537.36"}
{"duration":"22ms","ip":"127.0.0.1","level":"info","message":"Request completed","method":"GET","statusCode":200,"timestamp":"2025-12-19T01:00:23.408Z","url":"/summary","userAgent":"Mozilla/5.0 (Macintosh; Intel Mac OS X 10_15_7) AppleWebKit/537.36 (KHTML, like Gecko) Chrome/143.0.0.0 Safari/537.36"}
{"duration":"36ms","ip":"127.0.0.1","level":"info","message":"Request completed","method":"GET","statusCode":200,"timestamp":"2025-12-19T01:00:23.423Z","url":"/summary","userAgent":"Mozilla/5.0 (Macintosh; Intel Mac OS X 10_15_7) AppleWebKit/537.36 (KHTML, like Gecko) Chrome/143.0.0.0 Safari/537.36"}
{"duration":"41ms","ip":"127.0.0.1","level":"info","message":"Request completed","method":"GET","statusCode":200,"timestamp":"2025-12-19T01:00:23.426Z","url":"/summary","userAgent":"Mozilla/5.0 (Macintosh; Intel Mac OS X 10_15_7) AppleWebKit/537.36 (KHTML, like Gecko) Chrome/143.0.0.0 Safari/537.36"}
{"duration":"256ms","ip":"127.0.0.1","level":"info","message":"Request completed","method":"GET","statusCode":304,"timestamp":"2025-12-19T01:33:42.061Z","url":"/me","userAgent":"Mozilla/5.0 (Macintosh; Intel Mac OS X 10_15_7) AppleWebKit/537.36 (KHTML, like Gecko) Chrome/143.0.0.0 Safari/537.36"}
{"duration":"229ms","ip":"127.0.0.1","level":"info","message":"Request completed","method":"GET","statusCode":304,"timestamp":"2025-12-19T01:33:42.066Z","url":"/summary","userAgent":"Mozilla/5.0 (Macintosh; Intel Mac OS X 10_15_7) AppleWebKit/537.36 (KHTML, like Gecko) Chrome/143.0.0.0 Safari/537.36"}
{"duration":"232ms","ip":"127.0.0.1","level":"info","message":"Request completed","method":"GET","statusCode":304,"timestamp":"2025-12-19T01:33:42.067Z","url":"/summary","userAgent":"Mozilla/5.0 (Macintosh; Intel Mac OS X 10_15_7) AppleWebKit/537.36 (KHTML, like Gecko) Chrome/143.0.0.0 Safari/537.36"}
{"duration":"228ms","ip":"127.0.0.1","level":"info","message":"Request completed","method":"GET","statusCode":304,"timestamp":"2025-12-19T01:33:42.069Z","url":"/summary","userAgent":"Mozilla/5.0 (Macintosh; Intel Mac OS X 10_15_7) AppleWebKit/537.36 (KHTML, like Gecko) Chrome/143.0.0.0 Safari/537.36"}
{"duration":"186ms","ip":"127.0.0.1","level":"info","message":"Request completed","method":"GET","statusCode":304,"timestamp":"2025-12-19T06:47:59.432Z","url":"/me","userAgent":"Mozilla/5.0 (Macintosh; Intel Mac OS X 10_15_7) AppleWebKit/537.36 (KHTML, like Gecko) Chrome/143.0.0.0 Safari/537.36"}
{"duration":"223ms","ip":"127.0.0.1","level":"info","message":"Request completed","method":"GET","statusCode":304,"timestamp":"2025-12-19T06:47:59.495Z","url":"/summary","userAgent":"Mozilla/5.0 (Macintosh; Intel Mac OS X 10_15_7) AppleWebKit/537.36 (KHTML, like Gecko) Chrome/143.0.0.0 Safari/537.36"}
{"duration":"229ms","ip":"127.0.0.1","level":"info","message":"Request completed","method":"GET","statusCode":304,"timestamp":"2025-12-19T06:47:59.496Z","url":"/summary","userAgent":"Mozilla/5.0 (Macintosh; Intel Mac OS X 10_15_7) AppleWebKit/537.36 (KHTML, like Gecko) Chrome/143.0.0.0 Safari/537.36"}
{"duration":"231ms","ip":"127.0.0.1","level":"info","message":"Request completed","method":"GET","statusCode":304,"timestamp":"2025-12-19T06:47:59.497Z","url":"/summary","userAgent":"Mozilla/5.0 (Macintosh; Intel Mac OS X 10_15_7) AppleWebKit/537.36 (KHTML, like Gecko) Chrome/143.0.0.0 Safari/537.36"}
{"duration":"149ms","ip":"127.0.0.1","level":"info","message":"Request completed","method":"GET","statusCode":304,"timestamp":"2025-12-19T07:14:19.689Z","url":"/me","userAgent":"Mozilla/5.0 (Macintosh; Intel Mac OS X 10_15_7) AppleWebKit/537.36 (KHTML, like Gecko) Chrome/143.0.0.0 Safari/537.36"}
{"duration":"136ms","ip":"127.0.0.1","level":"info","message":"Request completed","method":"GET","statusCode":304,"timestamp":"2025-12-19T07:14:19.711Z","url":"/summary","userAgent":"Mozilla/5.0 (Macintosh; Intel Mac OS X 10_15_7) AppleWebKit/537.36 (KHTML, like Gecko) Chrome/143.0.0.0 Safari/537.36"}
{"duration":"151ms","ip":"127.0.0.1","level":"info","message":"Request completed","method":"GET","statusCode":304,"timestamp":"2025-12-19T07:14:19.712Z","url":"/summary","userAgent":"Mozilla/5.0 (Macintosh; Intel Mac OS X 10_15_7) AppleWebKit/537.36 (KHTML, like Gecko) Chrome/143.0.0.0 Safari/537.36"}
{"duration":"158ms","ip":"127.0.0.1","level":"info","message":"Request completed","method":"GET","statusCode":304,"timestamp":"2025-12-19T07:14:19.714Z","url":"/summary","userAgent":"Mozilla/5.0 (Macintosh; Intel Mac OS X 10_15_7) AppleWebKit/537.36 (KHTML, like Gecko) Chrome/143.0.0.0 Safari/537.36"}
{"duration":"34ms","ip":"127.0.0.1","level":"info","message":"Request completed","method":"GET","statusCode":304,"timestamp":"2025-12-19T07:14:51.638Z","url":"/me","userAgent":"Mozilla/5.0 (Macintosh; Intel Mac OS X 10_15_7) AppleWebKit/537.36 (KHTML, like Gecko) Chrome/143.0.0.0 Safari/537.36"}
{"duration":"31ms","ip":"127.0.0.1","level":"info","message":"Request completed","method":"GET","statusCode":304,"timestamp":"2025-12-19T07:14:51.641Z","url":"/summary","userAgent":"Mozilla/5.0 (Macintosh; Intel Mac OS X 10_15_7) AppleWebKit/537.36 (KHTML, like Gecko) Chrome/143.0.0.0 Safari/537.36"}
{"duration":"32ms","ip":"127.0.0.1","level":"info","message":"Request completed","method":"GET","statusCode":304,"timestamp":"2025-12-19T07:14:51.642Z","url":"/summary","userAgent":"Mozilla/5.0 (Macintosh; Intel Mac OS X 10_15_7) AppleWebKit/537.36 (KHTML, like Gecko) Chrome/143.0.0.0 Safari/537.36"}
{"duration":"31ms","ip":"127.0.0.1","level":"info","message":"Request completed","method":"GET","statusCode":304,"timestamp":"2025-12-19T07:14:51.642Z","url":"/summary","userAgent":"Mozilla/5.0 (Macintosh; Intel Mac OS X 10_15_7) AppleWebKit/537.36 (KHTML, like Gecko) Chrome/143.0.0.0 Safari/537.36"}
{"duration":"69ms","ip":"127.0.0.1","level":"info","message":"Request completed","method":"GET","statusCode":304,"timestamp":"2025-12-19T08:25:54.939Z","url":"/me","userAgent":"Mozilla/5.0 (Macintosh; Intel Mac OS X 10_15_7) AppleWebKit/537.36 (KHTML, like Gecko) Chrome/143.0.0.0 Safari/537.36"}
{"duration":"79ms","ip":"127.0.0.1","level":"info","message":"Request completed","method":"GET","statusCode":304,"timestamp":"2025-12-19T08:25:54.956Z","url":"/summary","userAgent":"Mozilla/5.0 (Macintosh; Intel Mac OS X 10_15_7) AppleWebKit/537.36 (KHTML, like Gecko) Chrome/143.0.0.0 Safari/537.36"}
{"duration":"81ms","ip":"127.0.0.1","level":"info","message":"Request completed","method":"GET","statusCode":304,"timestamp":"2025-12-19T08:25:54.956Z","url":"/summary","userAgent":"Mozilla/5.0 (Macintosh; Intel Mac OS X 10_15_7) AppleWebKit/537.36 (KHTML, like Gecko) Chrome/143.0.0.0 Safari/537.36"}
{"duration":"82ms","ip":"127.0.0.1","level":"info","message":"Request completed","method":"GET","statusCode":304,"timestamp":"2025-12-19T08:25:54.957Z","url":"/summary","userAgent":"Mozilla/5.0 (Macintosh; Intel Mac OS X 10_15_7) AppleWebKit/537.36 (KHTML, like Gecko) Chrome/143.0.0.0 Safari/537.36"}
{"duration":"104ms","ip":"127.0.0.1","level":"info","message":"Request completed","method":"GET","statusCode":304,"timestamp":"2025-12-19T10:12:39.301Z","url":"/me","userAgent":"Mozilla/5.0 (Macintosh; Intel Mac OS X 10_15_7) AppleWebKit/537.36 (KHTML, like Gecko) Chrome/143.0.0.0 Safari/537.36"}
{"duration":"108ms","ip":"127.0.0.1","level":"info","message":"Request completed","method":"GET","statusCode":304,"timestamp":"2025-12-19T10:12:39.306Z","url":"/summary","userAgent":"Mozilla/5.0 (Macintosh; Intel Mac OS X 10_15_7) AppleWebKit/537.36 (KHTML, like Gecko) Chrome/143.0.0.0 Safari/537.36"}
{"duration":"109ms","ip":"127.0.0.1","level":"info","message":"Request completed","method":"GET","statusCode":304,"timestamp":"2025-12-19T10:12:39.306Z","url":"/summary","userAgent":"Mozilla/5.0 (Macintosh; Intel Mac OS X 10_15_7) AppleWebKit/537.36 (KHTML, like Gecko) Chrome/143.0.0.0 Safari/537.36"}
{"duration":"120ms","ip":"127.0.0.1","level":"info","message":"Request completed","method":"GET","statusCode":304,"timestamp":"2025-12-19T10:12:39.307Z","url":"/summary","userAgent":"Mozilla/5.0 (Macintosh; Intel Mac OS X 10_15_7) AppleWebKit/537.36 (KHTML, like Gecko) Chrome/143.0.0.0 Safari/537.36"}
{"duration":"77ms","ip":"127.0.0.1","level":"info","message":"Request completed","method":"GET","statusCode":304,"timestamp":"2025-12-19T10:51:23.268Z","url":"/me","userAgent":"Mozilla/5.0 (Macintosh; Intel Mac OS X 10_15_7) AppleWebKit/537.36 (KHTML, like Gecko) Chrome/143.0.0.0 Safari/537.36"}
{"duration":"69ms","ip":"127.0.0.1","level":"info","message":"Request completed","method":"GET","statusCode":304,"timestamp":"2025-12-19T10:51:23.273Z","url":"/summary","userAgent":"Mozilla/5.0 (Macintosh; Intel Mac OS X 10_15_7) AppleWebKit/537.36 (KHTML, like Gecko) Chrome/143.0.0.0 Safari/537.36"}
{"duration":"72ms","ip":"127.0.0.1","level":"info","message":"Request completed","method":"GET","statusCode":304,"timestamp":"2025-12-19T10:51:23.274Z","url":"/summary","userAgent":"Mozilla/5.0 (Macintosh; Intel Mac OS X 10_15_7) AppleWebKit/537.36 (KHTML, like Gecko) Chrome/143.0.0.0 Safari/537.36"}
{"duration":"75ms","ip":"127.0.0.1","level":"info","message":"Request completed","method":"GET","statusCode":304,"timestamp":"2025-12-19T10:51:23.275Z","url":"/summary","userAgent":"Mozilla/5.0 (Macintosh; Intel Mac OS X 10_15_7) AppleWebKit/537.36 (KHTML, like Gecko) Chrome/143.0.0.0 Safari/537.36"}
{"duration":"65ms","ip":"127.0.0.1","level":"info","message":"Request completed","method":"GET","statusCode":304,"timestamp":"2025-12-19T11:16:35.297Z","url":"/me","userAgent":"Mozilla/5.0 (Macintosh; Intel Mac OS X 10_15_7) AppleWebKit/537.36 (KHTML, like Gecko) Chrome/143.0.0.0 Safari/537.36"}
{"duration":"55ms","ip":"127.0.0.1","level":"info","message":"Request completed","method":"GET","statusCode":304,"timestamp":"2025-12-19T11:16:35.305Z","url":"/summary","userAgent":"Mozilla/5.0 (Macintosh; Intel Mac OS X 10_15_7) AppleWebKit/537.36 (KHTML, like Gecko) Chrome/143.0.0.0 Safari/537.36"}
{"duration":"58ms","ip":"127.0.0.1","level":"info","message":"Request completed","method":"GET","statusCode":304,"timestamp":"2025-12-19T11:16:35.305Z","url":"/summary","userAgent":"Mozilla/5.0 (Macintosh; Intel Mac OS X 10_15_7) AppleWebKit/537.36 (KHTML, like Gecko) Chrome/143.0.0.0 Safari/537.36"}
{"duration":"60ms","ip":"127.0.0.1","level":"info","message":"Request completed","method":"GET","statusCode":304,"timestamp":"2025-12-19T11:16:35.306Z","url":"/summary","userAgent":"Mozilla/5.0 (Macintosh; Intel Mac OS X 10_15_7) AppleWebKit/537.36 (KHTML, like Gecko) Chrome/143.0.0.0 Safari/537.36"}
{"duration":"74ms","ip":"127.0.0.1","level":"info","message":"Request completed","method":"GET","statusCode":304,"timestamp":"2025-12-19T11:28:34.820Z","url":"/me","userAgent":"Mozilla/5.0 (Macintosh; Intel Mac OS X 10_15_7) AppleWebKit/537.36 (KHTML, like Gecko) Chrome/143.0.0.0 Safari/537.36"}
{"duration":"67ms","ip":"127.0.0.1","level":"info","message":"Request completed","method":"GET","statusCode":304,"timestamp":"2025-12-19T11:28:34.827Z","url":"/summary","userAgent":"Mozilla/5.0 (Macintosh; Intel Mac OS X 10_15_7) AppleWebKit/537.36 (KHTML, like Gecko) Chrome/143.0.0.0 Safari/537.36"}
{"duration":"235ms","ip":"127.0.0.1","level":"info","message":"Request completed","method":"GET","statusCode":304,"timestamp":"2025-12-19T11:33:40.030Z","url":"/me","userAgent":"Mozilla/5.0 (Macintosh; Intel Mac OS X 10_15_7) AppleWebKit/537.36 (KHTML, like Gecko) Chrome/143.0.0.0 Safari/537.36"}
{"duration":"206ms","ip":"127.0.0.1","level":"info","message":"Request completed","method":"GET","statusCode":304,"timestamp":"2025-12-19T11:33:40.041Z","url":"/summary","userAgent":"Mozilla/5.0 (Macintosh; Intel Mac OS X 10_15_7) AppleWebKit/537.36 (KHTML, like Gecko) Chrome/143.0.0.0 Safari/537.36"}
{"duration":"211ms","ip":"127.0.0.1","level":"info","message":"Request completed","method":"GET","statusCode":200,"timestamp":"2025-12-19T11:33:40.052Z","url":"/?limit=5","userAgent":"Mozilla/5.0 (Macintosh; Intel Mac OS X 10_15_7) AppleWebKit/537.36 (KHTML, like Gecko) Chrome/143.0.0.0 Safari/537.36"}
{"duration":"209ms","ip":"127.0.0.1","level":"info","message":"Request completed","method":"GET","statusCode":304,"timestamp":"2025-12-19T11:33:40.054Z","url":"/summary","userAgent":"Mozilla/5.0 (Macintosh; Intel Mac OS X 10_15_7) AppleWebKit/537.36 (KHTML, like Gecko) Chrome/143.0.0.0 Safari/537.36"}
{"duration":"47ms","ip":"127.0.0.1","level":"info","message":"Request completed","method":"GET","statusCode":200,"timestamp":"2025-12-19T11:35:01.689Z","url":"/","userAgent":"Mozilla/5.0 (Macintosh; Intel Mac OS X 10_15_7) AppleWebKit/537.36 (KHTML, like Gecko) Chrome/143.0.0.0 Safari/537.36"}
{"duration":"210ms","ip":"127.0.0.1","level":"info","message":"Request completed","method":"GET","statusCode":304,"timestamp":"2025-12-19T11:37:18.561Z","url":"/me","userAgent":"Mozilla/5.0 (Macintosh; Intel Mac OS X 10_15_7) AppleWebKit/537.36 (KHTML, like Gecko) Chrome/143.0.0.0 Safari/537.36"}
{"duration":"188ms","ip":"127.0.0.1","level":"info","message":"Request completed","method":"GET","statusCode":304,"timestamp":"2025-12-19T11:37:18.574Z","url":"/summary","userAgent":"Mozilla/5.0 (Macintosh; Intel Mac OS X 10_15_7) AppleWebKit/537.36 (KHTML, like Gecko) Chrome/143.0.0.0 Safari/537.36"}
{"duration":"197ms","ip":"127.0.0.1","level":"info","message":"Request completed","method":"GET","statusCode":304,"timestamp":"2025-12-19T11:37:18.575Z","url":"/","userAgent":"Mozilla/5.0 (Macintosh; Intel Mac OS X 10_15_7) AppleWebKit/537.36 (KHTML, like Gecko) Chrome/143.0.0.0 Safari/537.36"}
{"duration":"199ms","ip":"127.0.0.1","level":"info","message":"Request completed","method":"GET","statusCode":304,"timestamp":"2025-12-19T11:37:18.575Z","url":"/summary","userAgent":"Mozilla/5.0 (Macintosh; Intel Mac OS X 10_15_7) AppleWebKit/537.36 (KHTML, like Gecko) Chrome/143.0.0.0 Safari/537.36"}
{"duration":"99ms","ip":"127.0.0.1","level":"info","message":"Request completed","method":"GET","statusCode":304,"timestamp":"2025-12-19T11:42:23.503Z","url":"/me","userAgent":"Mozilla/5.0 (Macintosh; Intel Mac OS X 10_15_7) AppleWebKit/537.36 (KHTML, like Gecko) Chrome/143.0.0.0 Safari/537.36"}
{"duration":"101ms","ip":"127.0.0.1","level":"info","message":"Request completed","method":"GET","statusCode":304,"timestamp":"2025-12-19T11:42:23.509Z","url":"/summary","userAgent":"Mozilla/5.0 (Macintosh; Intel Mac OS X 10_15_7) AppleWebKit/537.36 (KHTML, like Gecko) Chrome/143.0.0.0 Safari/537.36"}
{"duration":"101ms","ip":"127.0.0.1","level":"info","message":"Request completed","method":"GET","statusCode":304,"timestamp":"2025-12-19T11:42:23.510Z","url":"/","userAgent":"Mozilla/5.0 (Macintosh; Intel Mac OS X 10_15_7) AppleWebKit/537.36 (KHTML, like Gecko) Chrome/143.0.0.0 Safari/537.36"}
{"duration":"101ms","ip":"127.0.0.1","level":"info","message":"Request completed","method":"GET","statusCode":304,"timestamp":"2025-12-19T11:42:23.510Z","url":"/summary","userAgent":"Mozilla/5.0 (Macintosh; Intel Mac OS X 10_15_7) AppleWebKit/537.36 (KHTML, like Gecko) Chrome/143.0.0.0 Safari/537.36"}
{"level":"info","message":"🚀 Server running on port 5001","timestamp":"2025-12-19T12:27:07.684Z"}
{"level":"info","message":"📊 Environment: development","timestamp":"2025-12-19T12:27:07.686Z"}
{"level":"info","message":"🔗 Frontend URL: http://localhost:3000","timestamp":"2025-12-19T12:27:07.686Z"}
{"level":"info","message":"Iniciando job de transações recorrentes","timestamp":"2025-12-19T12:27:07.686Z"}
{"level":"info","message":"Executando job de transações recorrentes","timestamp":"2025-12-19T12:27:07.686Z"}
{"level":"info","message":"Iniciando processamento de transações recorrentes","timestamp":"2025-12-19T12:27:07.686Z"}
{"level":"info","message":"Job agendado para executar a cada 24 horas","timestamp":"2025-12-19T12:27:07.686Z"}
{"level":"info","message":"⏰ Jobs iniciados","timestamp":"2025-12-19T12:27:07.686Z"}
{"level":"info","message":"Processamento concluído: 0 transações criadas","timestamp":"2025-12-19T12:27:07.793Z"}
{"level":"info","message":"Job de transações recorrentes concluído com sucesso","timestamp":"2025-12-19T12:27:07.793Z"}
{"duration":"47ms","ip":"127.0.0.1","level":"info","message":"Request completed","method":"GET","statusCode":304,"timestamp":"2025-12-19T12:27:20.139Z","url":"/me","userAgent":"Mozilla/5.0 (Macintosh; Intel Mac OS X 10_15_7) AppleWebKit/537.36 (KHTML, like Gecko) Chrome/143.0.0.0 Safari/537.36"}
{"duration":"46ms","ip":"127.0.0.1","level":"info","message":"Request completed","method":"GET","statusCode":304,"timestamp":"2025-12-19T12:27:20.140Z","url":"/","userAgent":"Mozilla/5.0 (Macintosh; Intel Mac OS X 10_15_7) AppleWebKit/537.36 (KHTML, like Gecko) Chrome/143.0.0.0 Safari/537.36"}
{"duration":"57ms","ip":"127.0.0.1","level":"info","message":"Request completed","method":"GET","statusCode":304,"timestamp":"2025-12-19T12:27:20.150Z","url":"/summary","userAgent":"Mozilla/5.0 (Macintosh; Intel Mac OS X 10_15_7) AppleWebKit/537.36 (KHTML, like Gecko) Chrome/143.0.0.0 Safari/537.36"}
{"duration":"66ms","ip":"127.0.0.1","level":"info","message":"Request completed","method":"GET","statusCode":304,"timestamp":"2025-12-19T12:27:20.152Z","url":"/summary","userAgent":"Mozilla/5.0 (Macintosh; Intel Mac OS X 10_15_7) AppleWebKit/537.36 (KHTML, like Gecko) Chrome/143.0.0.0 Safari/537.36"}
{"duration":"8ms","ip":"127.0.0.1","level":"info","message":"Request completed","method":"GET","statusCode":304,"timestamp":"2025-12-19T12:27:22.318Z","url":"/me","userAgent":"Mozilla/5.0 (Macintosh; Intel Mac OS X 10_15_7) AppleWebKit/537.36 (KHTML, like Gecko) Chrome/143.0.0.0 Safari/537.36"}
{"duration":"8ms","ip":"127.0.0.1","level":"info","message":"Request completed","method":"GET","statusCode":304,"timestamp":"2025-12-19T12:27:22.319Z","url":"/summary","userAgent":"Mozilla/5.0 (Macintosh; Intel Mac OS X 10_15_7) AppleWebKit/537.36 (KHTML, like Gecko) Chrome/143.0.0.0 Safari/537.36"}
{"duration":"7ms","ip":"127.0.0.1","level":"info","message":"Request completed","method":"GET","statusCode":304,"timestamp":"2025-12-19T12:27:22.319Z","url":"/summary","userAgent":"Mozilla/5.0 (Macintosh; Intel Mac OS X 10_15_7) AppleWebKit/537.36 (KHTML, like Gecko) Chrome/143.0.0.0 Safari/537.36"}
{"duration":"6ms","ip":"127.0.0.1","level":"info","message":"Request completed","method":"GET","statusCode":304,"timestamp":"2025-12-19T12:27:22.319Z","url":"/","userAgent":"Mozilla/5.0 (Macintosh; Intel Mac OS X 10_15_7) AppleWebKit/537.36 (KHTML, like Gecko) Chrome/143.0.0.0 Safari/537.36"}
{"duration":"45ms","ip":"127.0.0.1","level":"info","message":"Request completed","method":"GET","statusCode":304,"timestamp":"2025-12-19T12:32:35.603Z","url":"/me","userAgent":"Mozilla/5.0 (Macintosh; Intel Mac OS X 10_15_7) AppleWebKit/537.36 (KHTML, like Gecko) Chrome/143.0.0.0 Safari/537.36"}
{"duration":"37ms","ip":"127.0.0.1","level":"info","message":"Request completed","method":"GET","statusCode":304,"timestamp":"2025-12-19T12:32:35.607Z","url":"/summary","userAgent":"Mozilla/5.0 (Macintosh; Intel Mac OS X 10_15_7) AppleWebKit/537.36 (KHTML, like Gecko) Chrome/143.0.0.0 Safari/537.36"}
{"duration":"37ms","ip":"127.0.0.1","level":"info","message":"Request completed","method":"GET","statusCode":304,"timestamp":"2025-12-19T12:32:35.608Z","url":"/","userAgent":"Mozilla/5.0 (Macintosh; Intel Mac OS X 10_15_7) AppleWebKit/537.36 (KHTML, like Gecko) Chrome/143.0.0.0 Safari/537.36"}
{"duration":"38ms","ip":"127.0.0.1","level":"info","message":"Request completed","method":"GET","statusCode":304,"timestamp":"2025-12-19T12:32:35.609Z","url":"/summary","userAgent":"Mozilla/5.0 (Macintosh; Intel Mac OS X 10_15_7) AppleWebKit/537.36 (KHTML, like Gecko) Chrome/143.0.0.0 Safari/537.36"}
{"duration":"6ms","ip":"127.0.0.1","level":"info","message":"Request completed","method":"GET","statusCode":304,"timestamp":"2025-12-19T12:32:43.825Z","url":"/me","userAgent":"Mozilla/5.0 (Macintosh; Intel Mac OS X 10_15_7) AppleWebKit/537.36 (KHTML, like Gecko) Chrome/143.0.0.0 Safari/537.36"}
{"duration":"8ms","ip":"127.0.0.1","level":"info","message":"Request completed","method":"GET","statusCode":304,"timestamp":"2025-12-19T12:32:43.827Z","url":"/summary","userAgent":"Mozilla/5.0 (Macintosh; Intel Mac OS X 10_15_7) AppleWebKit/537.36 (KHTML, like Gecko) Chrome/143.0.0.0 Safari/537.36"}
{"duration":"7ms","ip":"127.0.0.1","level":"info","message":"Request completed","method":"GET","statusCode":304,"timestamp":"2025-12-19T12:32:43.828Z","url":"/","userAgent":"Mozilla/5.0 (Macintosh; Intel Mac OS X 10_15_7) AppleWebKit/537.36 (KHTML, like Gecko) Chrome/143.0.0.0 Safari/537.36"}
{"duration":"6ms","ip":"127.0.0.1","level":"info","message":"Request completed","method":"GET","statusCode":304,"timestamp":"2025-12-19T12:32:43.829Z","url":"/summary","userAgent":"Mozilla/5.0 (Macintosh; Intel Mac OS X 10_15_7) AppleWebKit/537.36 (KHTML, like Gecko) Chrome/143.0.0.0 Safari/537.36"}
{"duration":"60ms","ip":"127.0.0.1","level":"info","message":"Request completed","method":"GET","statusCode":200,"timestamp":"2025-12-19T12:34:39.994Z","url":"/","userAgent":"Mozilla/5.0 (Macintosh; Intel Mac OS X 10_15_7) AppleWebKit/537.36 (KHTML, like Gecko) Chrome/143.0.0.0 Safari/537.36"}
{"duration":"142ms","ip":"127.0.0.1","level":"info","message":"Request completed","method":"GET","statusCode":304,"timestamp":"2025-12-19T12:38:53.391Z","url":"/summary","userAgent":"Mozilla/5.0 (Macintosh; Intel Mac OS X 10_15_7) AppleWebKit/537.36 (KHTML, like Gecko) Chrome/143.0.0.0 Safari/537.36"}
{"duration":"154ms","ip":"127.0.0.1","level":"info","message":"Request completed","method":"GET","statusCode":304,"timestamp":"2025-12-19T12:38:53.393Z","url":"/","userAgent":"Mozilla/5.0 (Macintosh; Intel Mac OS X 10_15_7) AppleWebKit/537.36 (KHTML, like Gecko) Chrome/143.0.0.0 Safari/537.36"}
{"duration":"140ms","ip":"127.0.0.1","level":"info","message":"Request completed","method":"GET","statusCode":304,"timestamp":"2025-12-19T12:47:42.764Z","url":"/","userAgent":"Mozilla/5.0 (Macintosh; Intel Mac OS X 10_15_7) AppleWebKit/537.36 (KHTML, like Gecko) Chrome/143.0.0.0 Safari/537.36"}
{"duration":"141ms","ip":"127.0.0.1","level":"info","message":"Request completed","method":"GET","statusCode":304,"timestamp":"2025-12-19T12:47:42.765Z","url":"/summary","userAgent":"Mozilla/5.0 (Macintosh; Intel Mac OS X 10_15_7) AppleWebKit/537.36 (KHTML, like Gecko) Chrome/143.0.0.0 Safari/537.36"}
{"duration":"149ms","ip":"127.0.0.1","level":"info","message":"Request completed","method":"GET","statusCode":304,"timestamp":"2025-12-19T12:47:42.765Z","url":"/","userAgent":"Mozilla/5.0 (Macintosh; Intel Mac OS X 10_15_7) AppleWebKit/537.36 (KHTML, like Gecko) Chrome/143.0.0.0 Safari/537.36"}
{"duration":"48ms","ip":"127.0.0.1","level":"info","message":"Request completed","method":"GET","statusCode":304,"timestamp":"2025-12-19T12:47:57.306Z","url":"/me","userAgent":"Mozilla/5.0 (Macintosh; Intel Mac OS X 10_15_7) AppleWebKit/537.36 (KHTML, like Gecko) Chrome/143.0.0.0 Safari/537.36"}
{"duration":"47ms","ip":"127.0.0.1","level":"info","message":"Request completed","method":"GET","statusCode":304,"timestamp":"2025-12-19T12:47:57.307Z","url":"/summary","userAgent":"Mozilla/5.0 (Macintosh; Intel Mac OS X 10_15_7) AppleWebKit/537.36 (KHTML, like Gecko) Chrome/143.0.0.0 Safari/537.36"}
{"duration":"7ms","ip":"127.0.0.1","level":"info","message":"Request completed","method":"GET","statusCode":304,"timestamp":"2025-12-19T12:48:02.041Z","url":"/me","userAgent":"Mozilla/5.0 (Macintosh; Intel Mac OS X 10_15_7) AppleWebKit/537.36 (KHTML, like Gecko) Chrome/143.0.0.0 Safari/537.36"}
{"duration":"9ms","ip":"127.0.0.1","level":"info","message":"Request completed","method":"GET","statusCode":304,"timestamp":"2025-12-19T12:48:02.044Z","url":"/","userAgent":"Mozilla/5.0 (Macintosh; Intel Mac OS X 10_15_7) AppleWebKit/537.36 (KHTML, like Gecko) Chrome/143.0.0.0 Safari/537.36"}
{"duration":"4ms","ip":"127.0.0.1","level":"info","message":"Request completed","method":"GET","statusCode":304,"timestamp":"2025-12-19T12:48:02.046Z","url":"/summary","userAgent":"Mozilla/5.0 (Macintosh; Intel Mac OS X 10_15_7) AppleWebKit/537.36 (KHTML, like Gecko) Chrome/143.0.0.0 Safari/537.36"}
{"duration":"16ms","ip":"127.0.0.1","level":"info","message":"Request completed","method":"GET","statusCode":304,"timestamp":"2025-12-19T12:48:02.054Z","url":"/summary","userAgent":"Mozilla/5.0 (Macintosh; Intel Mac OS X 10_15_7) AppleWebKit/537.36 (KHTML, like Gecko) Chrome/143.0.0.0 Safari/537.36"}
{"duration":"83ms","ip":"127.0.0.1","level":"info","message":"Request completed","method":"GET","statusCode":304,"timestamp":"2025-12-19T12:52:23.324Z","url":"/me","userAgent":"Mozilla/5.0 (Macintosh; Intel Mac OS X 10_15_7) AppleWebKit/537.36 (KHTML, like Gecko) Chrome/143.0.0.0 Safari/537.36"}
{"duration":"73ms","ip":"127.0.0.1","level":"info","message":"Request completed","method":"GET","statusCode":304,"timestamp":"2025-12-19T12:52:23.327Z","url":"/summary","userAgent":"Mozilla/5.0 (Macintosh; Intel Mac OS X 10_15_7) AppleWebKit/537.36 (KHTML, like Gecko) Chrome/143.0.0.0 Safari/537.36"}
{"duration":"101ms","ip":"127.0.0.1","level":"info","message":"Request completed","method":"GET","statusCode":304,"timestamp":"2025-12-19T12:52:23.357Z","url":"/summary","userAgent":"Mozilla/5.0 (Macintosh; Intel Mac OS X 10_15_7) AppleWebKit/537.36 (KHTML, like Gecko) Chrome/143.0.0.0 Safari/537.36"}
{"duration":"105ms","ip":"127.0.0.1","level":"info","message":"Request completed","method":"GET","statusCode":304,"timestamp":"2025-12-19T12:52:23.359Z","url":"/","userAgent":"Mozilla/5.0 (Macintosh; Intel Mac OS X 10_15_7) AppleWebKit/537.36 (KHTML, like Gecko) Chrome/143.0.0.0 Safari/537.36"}
{"duration":"39ms","ip":"127.0.0.1","level":"info","message":"Request completed","method":"GET","statusCode":304,"timestamp":"2025-12-19T12:54:19.878Z","url":"/me","userAgent":"Mozilla/5.0 (Macintosh; Intel Mac OS X 10_15_7) AppleWebKit/537.36 (KHTML, like Gecko) Chrome/143.0.0.0 Safari/537.36"}
{"duration":"38ms","ip":"127.0.0.1","level":"info","message":"Request completed","method":"GET","statusCode":304,"timestamp":"2025-12-19T12:54:19.879Z","url":"/","userAgent":"Mozilla/5.0 (Macintosh; Intel Mac OS X 10_15_7) AppleWebKit/537.36 (KHTML, like Gecko) Chrome/143.0.0.0 Safari/537.36"}
{"duration":"37ms","ip":"127.0.0.1","level":"info","message":"Request completed","method":"GET","statusCode":304,"timestamp":"2025-12-19T12:54:19.880Z","url":"/summary","userAgent":"Mozilla/5.0 (Macintosh; Intel Mac OS X 10_15_7) AppleWebKit/537.36 (KHTML, like Gecko) Chrome/143.0.0.0 Safari/537.36"}
{"duration":"39ms","ip":"127.0.0.1","level":"info","message":"Request completed","method":"GET","statusCode":304,"timestamp":"2025-12-19T12:54:19.880Z","url":"/summary","userAgent":"Mozilla/5.0 (Macintosh; Intel Mac OS X 10_15_7) AppleWebKit/537.36 (KHTML, like Gecko) Chrome/143.0.0.0 Safari/537.36"}
{"duration":"15ms","ip":"127.0.0.1","level":"info","message":"Request completed","method":"GET","statusCode":304,"timestamp":"2025-12-19T12:54:32.228Z","url":"/","userAgent":"Mozilla/5.0 (Macintosh; Intel Mac OS X 10_15_7) AppleWebKit/537.36 (KHTML, like Gecko) Chrome/143.0.0.0 Safari/537.36"}
{"duration":"18ms","ip":"127.0.0.1","level":"info","message":"Request completed","method":"GET","statusCode":304,"timestamp":"2025-12-19T12:54:32.229Z","url":"/me","userAgent":"Mozilla/5.0 (Macintosh; Intel Mac OS X 10_15_7) AppleWebKit/537.36 (KHTML, like Gecko) Chrome/143.0.0.0 Safari/537.36"}
{"duration":"18ms","ip":"127.0.0.1","level":"info","message":"Request completed","method":"GET","statusCode":304,"timestamp":"2025-12-19T12:54:32.230Z","url":"/summary","userAgent":"Mozilla/5.0 (Macintosh; Intel Mac OS X 10_15_7) AppleWebKit/537.36 (KHTML, like Gecko) Chrome/143.0.0.0 Safari/537.36"}
{"duration":"23ms","ip":"127.0.0.1","level":"info","message":"Request completed","method":"GET","statusCode":304,"timestamp":"2025-12-19T12:54:32.237Z","url":"/summary","userAgent":"Mozilla/5.0 (Macintosh; Intel Mac OS X 10_15_7) AppleWebKit/537.36 (KHTML, like Gecko) Chrome/143.0.0.0 Safari/537.36"}
{"duration":"128ms","ip":"127.0.0.1","level":"info","message":"Request completed","method":"GET","statusCode":304,"timestamp":"2025-12-19T12:55:49.749Z","url":"/me","userAgent":"Mozilla/5.0 (Macintosh; Intel Mac OS X 10_15_7) AppleWebKit/537.36 (KHTML, like Gecko) Chrome/143.0.0.0 Safari/537.36"}
{"duration":"147ms","ip":"127.0.0.1","level":"info","message":"Request completed","method":"GET","statusCode":304,"timestamp":"2025-12-19T12:55:49.774Z","url":"/summary","userAgent":"Mozilla/5.0 (Macintosh; Intel Mac OS X 10_15_7) AppleWebKit/537.36 (KHTML, like Gecko) Chrome/143.0.0.0 Safari/537.36"}
{"duration":"147ms","ip":"127.0.0.1","level":"info","message":"Request completed","method":"GET","statusCode":304,"timestamp":"2025-12-19T12:55:49.775Z","url":"/","userAgent":"Mozilla/5.0 (Macintosh; Intel Mac OS X 10_15_7) AppleWebKit/537.36 (KHTML, like Gecko) Chrome/143.0.0.0 Safari/537.36"}
{"duration":"148ms","ip":"127.0.0.1","level":"info","message":"Request completed","method":"GET","statusCode":304,"timestamp":"2025-12-19T12:55:49.776Z","url":"/summary","userAgent":"Mozilla/5.0 (Macintosh; Intel Mac OS X 10_15_7) AppleWebKit/537.36 (KHTML, like Gecko) Chrome/143.0.0.0 Safari/537.36"}
{"duration":"80ms","ip":"127.0.0.1","level":"info","message":"Request completed","method":"GET","statusCode":304,"timestamp":"2025-12-19T13:02:28.072Z","url":"/me","userAgent":"Mozilla/5.0 (Macintosh; Intel Mac OS X 10_15_7) AppleWebKit/537.36 (KHTML, like Gecko) Chrome/143.0.0.0 Safari/537.36"}
{"duration":"89ms","ip":"127.0.0.1","level":"info","message":"Request completed","method":"GET","statusCode":304,"timestamp":"2025-12-19T13:02:28.098Z","url":"/","userAgent":"Mozilla/5.0 (Macintosh; Intel Mac OS X 10_15_7) AppleWebKit/537.36 (KHTML, like Gecko) Chrome/143.0.0.0 Safari/537.36"}
{"duration":"90ms","ip":"127.0.0.1","level":"info","message":"Request completed","method":"GET","statusCode":304,"timestamp":"2025-12-19T13:02:28.098Z","url":"/summary","userAgent":"Mozilla/5.0 (Macintosh; Intel Mac OS X 10_15_7) AppleWebKit/537.36 (KHTML, like Gecko) Chrome/143.0.0.0 Safari/537.36"}
{"duration":"89ms","ip":"127.0.0.1","level":"info","message":"Request completed","method":"GET","statusCode":304,"timestamp":"2025-12-19T13:02:28.099Z","url":"/summary","userAgent":"Mozilla/5.0 (Macintosh; Intel Mac OS X 10_15_7) AppleWebKit/537.36 (KHTML, like Gecko) Chrome/143.0.0.0 Safari/537.36"}
{"duration":"5ms","ip":"127.0.0.1","level":"info","message":"Request completed","method":"GET","statusCode":304,"timestamp":"2025-12-19T13:02:30.921Z","url":"/me","userAgent":"Mozilla/5.0 (Macintosh; Intel Mac OS X 10_15_7) AppleWebKit/537.36 (KHTML, like Gecko) Chrome/143.0.0.0 Safari/537.36"}
{"duration":"4ms","ip":"127.0.0.1","level":"info","message":"Request completed","method":"GET","statusCode":304,"timestamp":"2025-12-19T13:02:30.921Z","url":"/summary","userAgent":"Mozilla/5.0 (Macintosh; Intel Mac OS X 10_15_7) AppleWebKit/537.36 (KHTML, like Gecko) Chrome/143.0.0.0 Safari/537.36"}
{"duration":"4ms","ip":"127.0.0.1","level":"info","message":"Request completed","method":"GET","statusCode":304,"timestamp":"2025-12-19T13:02:30.922Z","url":"/","userAgent":"Mozilla/5.0 (Macintosh; Intel Mac OS X 10_15_7) AppleWebKit/537.36 (KHTML, like Gecko) Chrome/143.0.0.0 Safari/537.36"}
{"duration":"5ms","ip":"127.0.0.1","level":"info","message":"Request completed","method":"GET","statusCode":304,"timestamp":"2025-12-19T13:02:30.923Z","url":"/summary","userAgent":"Mozilla/5.0 (Macintosh; Intel Mac OS X 10_15_7) AppleWebKit/537.36 (KHTML, like Gecko) Chrome/143.0.0.0 Safari/537.36"}
{"duration":"4ms","ip":"127.0.0.1","level":"info","message":"Request completed","method":"GET","statusCode":304,"timestamp":"2025-12-19T13:02:35.967Z","url":"/me","userAgent":"Mozilla/5.0 (Macintosh; Intel Mac OS X 10_15_7) AppleWebKit/537.36 (KHTML, like Gecko) Chrome/143.0.0.0 Safari/537.36"}
{"duration":"3ms","ip":"127.0.0.1","level":"info","message":"Request completed","method":"GET","statusCode":304,"timestamp":"2025-12-19T13:02:35.967Z","url":"/","userAgent":"Mozilla/5.0 (Macintosh; Intel Mac OS X 10_15_7) AppleWebKit/537.36 (KHTML, like Gecko) Chrome/143.0.0.0 Safari/537.36"}
{"duration":"3ms","ip":"127.0.0.1","level":"info","message":"Request completed","method":"GET","statusCode":304,"timestamp":"2025-12-19T13:02:35.968Z","url":"/summary","userAgent":"Mozilla/5.0 (Macintosh; Intel Mac OS X 10_15_7) AppleWebKit/537.36 (KHTML, like Gecko) Chrome/143.0.0.0 Safari/537.36"}
{"duration":"5ms","ip":"127.0.0.1","level":"info","message":"Request completed","method":"GET","statusCode":304,"timestamp":"2025-12-19T13:02:35.969Z","url":"/summary","userAgent":"Mozilla/5.0 (Macintosh; Intel Mac OS X 10_15_7) AppleWebKit/537.36 (KHTML, like Gecko) Chrome/143.0.0.0 Safari/537.36"}
{"duration":"4ms","ip":"127.0.0.1","level":"info","message":"Request completed","method":"GET","statusCode":304,"timestamp":"2025-12-19T13:02:37.419Z","url":"/me","userAgent":"Mozilla/5.0 (Macintosh; Intel Mac OS X 10_15_7) AppleWebKit/537.36 (KHTML, like Gecko) Chrome/143.0.0.0 Safari/537.36"}
{"duration":"4ms","ip":"127.0.0.1","level":"info","message":"Request completed","method":"GET","statusCode":304,"timestamp":"2025-12-19T13:02:37.420Z","url":"/summary","userAgent":"Mozilla/5.0 (Macintosh; Intel Mac OS X 10_15_7) AppleWebKit/537.36 (KHTML, like Gecko) Chrome/143.0.0.0 Safari/537.36"}
{"duration":"3ms","ip":"127.0.0.1","level":"info","message":"Request completed","method":"GET","statusCode":304,"timestamp":"2025-12-19T13:02:37.421Z","url":"/summary","userAgent":"Mozilla/5.0 (Macintosh; Intel Mac OS X 10_15_7) AppleWebKit/537.36 (KHTML, like Gecko) Chrome/143.0.0.0 Safari/537.36"}
{"duration":"5ms","ip":"127.0.0.1","level":"info","message":"Request completed","method":"GET","statusCode":304,"timestamp":"2025-12-19T13:02:37.422Z","url":"/","userAgent":"Mozilla/5.0 (Macintosh; Intel Mac OS X 10_15_7) AppleWebKit/537.36 (KHTML, like Gecko) Chrome/143.0.0.0 Safari/537.36"}
{"duration":"4ms","ip":"127.0.0.1","level":"info","message":"Request completed","method":"GET","statusCode":304,"timestamp":"2025-12-19T13:02:38.683Z","url":"/me","userAgent":"Mozilla/5.0 (Macintosh; Intel Mac OS X 10_15_7) AppleWebKit/537.36 (KHTML, like Gecko) Chrome/143.0.0.0 Safari/537.36"}
{"duration":"4ms","ip":"127.0.0.1","level":"info","message":"Request completed","method":"GET","statusCode":304,"timestamp":"2025-12-19T13:02:38.684Z","url":"/summary","userAgent":"Mozilla/5.0 (Macintosh; Intel Mac OS X 10_15_7) AppleWebKit/537.36 (KHTML, like Gecko) Chrome/143.0.0.0 Safari/537.36"}
{"duration":"4ms","ip":"127.0.0.1","level":"info","message":"Request completed","method":"GET","statusCode":304,"timestamp":"2025-12-19T13:02:38.685Z","url":"/","userAgent":"Mozilla/5.0 (Macintosh; Intel Mac OS X 10_15_7) AppleWebKit/537.36 (KHTML, like Gecko) Chrome/143.0.0.0 Safari/537.36"}
{"duration":"4ms","ip":"127.0.0.1","level":"info","message":"Request completed","method":"GET","statusCode":304,"timestamp":"2025-12-19T13:02:38.685Z","url":"/summary","userAgent":"Mozilla/5.0 (Macintosh; Intel Mac OS X 10_15_7) AppleWebKit/537.36 (KHTML, like Gecko) Chrome/143.0.0.0 Safari/537.36"}
{"duration":"6ms","ip":"127.0.0.1","level":"info","message":"Request completed","method":"GET","statusCode":304,"timestamp":"2025-12-19T13:02:39.752Z","url":"/me","userAgent":"Mozilla/5.0 (Macintosh; Intel Mac OS X 10_15_7) AppleWebKit/537.36 (KHTML, like Gecko) Chrome/143.0.0.0 Safari/537.36"}
{"duration":"5ms","ip":"127.0.0.1","level":"info","message":"Request completed","method":"GET","statusCode":304,"timestamp":"2025-12-19T13:02:39.752Z","url":"/summary","userAgent":"Mozilla/5.0 (Macintosh; Intel Mac OS X 10_15_7) AppleWebKit/537.36 (KHTML, like Gecko) Chrome/143.0.0.0 Safari/537.36"}
{"duration":"5ms","ip":"127.0.0.1","level":"info","message":"Request completed","method":"GET","statusCode":304,"timestamp":"2025-12-19T13:02:39.753Z","url":"/","userAgent":"Mozilla/5.0 (Macintosh; Intel Mac OS X 10_15_7) AppleWebKit/537.36 (KHTML, like Gecko) Chrome/143.0.0.0 Safari/537.36"}
{"duration":"4ms","ip":"127.0.0.1","level":"info","message":"Request completed","method":"GET","statusCode":304,"timestamp":"2025-12-19T13:02:39.754Z","url":"/summary","userAgent":"Mozilla/5.0 (Macintosh; Intel Mac OS X 10_15_7) AppleWebKit/537.36 (KHTML, like Gecko) Chrome/143.0.0.0 Safari/537.36"}
{"duration":"4ms","ip":"127.0.0.1","level":"info","message":"Request completed","method":"GET","statusCode":304,"timestamp":"2025-12-19T13:02:40.268Z","url":"/me","userAgent":"Mozilla/5.0 (Macintosh; Intel Mac OS X 10_15_7) AppleWebKit/537.36 (KHTML, like Gecko) Chrome/143.0.0.0 Safari/537.36"}
{"duration":"5ms","ip":"127.0.0.1","level":"info","message":"Request completed","method":"GET","statusCode":304,"timestamp":"2025-12-19T13:02:40.270Z","url":"/summary","userAgent":"Mozilla/5.0 (Macintosh; Intel Mac OS X 10_15_7) AppleWebKit/537.36 (KHTML, like Gecko) Chrome/143.0.0.0 Safari/537.36"}
{"duration":"5ms","ip":"127.0.0.1","level":"info","message":"Request completed","method":"GET","statusCode":304,"timestamp":"2025-12-19T13:02:40.270Z","url":"/summary","userAgent":"Mozilla/5.0 (Macintosh; Intel Mac OS X 10_15_7) AppleWebKit/537.36 (KHTML, like Gecko) Chrome/143.0.0.0 Safari/537.36"}
{"duration":"6ms","ip":"127.0.0.1","level":"info","message":"Request completed","method":"GET","statusCode":304,"timestamp":"2025-12-19T13:02:40.272Z","url":"/","userAgent":"Mozilla/5.0 (Macintosh; Intel Mac OS X 10_15_7) AppleWebKit/537.36 (KHTML, like Gecko) Chrome/143.0.0.0 Safari/537.36"}
{"duration":"2ms","ip":"127.0.0.1","level":"info","message":"Request completed","method":"GET","statusCode":304,"timestamp":"2025-12-19T13:02:41.295Z","url":"/summary","userAgent":"Mozilla/5.0 (Macintosh; Intel Mac OS X 10_15_7) AppleWebKit/537.36 (KHTML, like Gecko) Chrome/143.0.0.0 Safari/537.36"}
{"duration":"2ms","ip":"127.0.0.1","level":"info","message":"Request completed","method":"GET","statusCode":304,"timestamp":"2025-12-19T13:02:41.296Z","url":"/summary","userAgent":"Mozilla/5.0 (Macintosh; Intel Mac OS X 10_15_7) AppleWebKit/537.36 (KHTML, like Gecko) Chrome/143.0.0.0 Safari/537.36"}
{"duration":"2ms","ip":"127.0.0.1","level":"info","message":"Request completed","method":"GET","statusCode":304,"timestamp":"2025-12-19T13:02:41.296Z","url":"/me","userAgent":"Mozilla/5.0 (Macintosh; Intel Mac OS X 10_15_7) AppleWebKit/537.36 (KHTML, like Gecko) Chrome/143.0.0.0 Safari/537.36"}
{"duration":"2ms","ip":"127.0.0.1","level":"info","message":"Request completed","method":"GET","statusCode":304,"timestamp":"2025-12-19T13:02:41.296Z","url":"/","userAgent":"Mozilla/5.0 (Macintosh; Intel Mac OS X 10_15_7) AppleWebKit/537.36 (KHTML, like Gecko) Chrome/143.0.0.0 Safari/537.36"}
{"duration":"4ms","ip":"127.0.0.1","level":"info","message":"Request completed","method":"GET","statusCode":304,"timestamp":"2025-12-19T13:02:41.616Z","url":"/me","userAgent":"Mozilla/5.0 (Macintosh; Intel Mac OS X 10_15_7) AppleWebKit/537.36 (KHTML, like Gecko) Chrome/143.0.0.0 Safari/537.36"}
{"duration":"4ms","ip":"127.0.0.1","level":"info","message":"Request completed","method":"GET","statusCode":304,"timestamp":"2025-12-19T13:02:41.617Z","url":"/summary","userAgent":"Mozilla/5.0 (Macintosh; Intel Mac OS X 10_15_7) AppleWebKit/537.36 (KHTML, like Gecko) Chrome/143.0.0.0 Safari/537.36"}
{"duration":"6ms","ip":"127.0.0.1","level":"info","message":"Request completed","method":"GET","statusCode":304,"timestamp":"2025-12-19T13:02:41.620Z","url":"/","userAgent":"Mozilla/5.0 (Macintosh; Intel Mac OS X 10_15_7) AppleWebKit/537.36 (KHTML, like Gecko) Chrome/143.0.0.0 Safari/537.36"}
{"duration":"5ms","ip":"127.0.0.1","level":"info","message":"Request completed","method":"GET","statusCode":304,"timestamp":"2025-12-19T13:02:41.621Z","url":"/summary","userAgent":"Mozilla/5.0 (Macintosh; Intel Mac OS X 10_15_7) AppleWebKit/537.36 (KHTML, like Gecko) Chrome/143.0.0.0 Safari/537.36"}
{"duration":"4ms","ip":"127.0.0.1","level":"info","message":"Request completed","method":"GET","statusCode":304,"timestamp":"2025-12-19T13:02:42.485Z","url":"/summary","userAgent":"Mozilla/5.0 (Macintosh; Intel Mac OS X 10_15_7) AppleWebKit/537.36 (KHTML, like Gecko) Chrome/143.0.0.0 Safari/537.36"}
{"duration":"3ms","ip":"127.0.0.1","level":"info","message":"Request completed","method":"GET","statusCode":304,"timestamp":"2025-12-19T13:02:42.485Z","url":"/me","userAgent":"Mozilla/5.0 (Macintosh; Intel Mac OS X 10_15_7) AppleWebKit/537.36 (KHTML, like Gecko) Chrome/143.0.0.0 Safari/537.36"}
{"duration":"3ms","ip":"127.0.0.1","level":"info","message":"Request completed","method":"GET","statusCode":304,"timestamp":"2025-12-19T13:02:42.486Z","url":"/summary","userAgent":"Mozilla/5.0 (Macintosh; Intel Mac OS X 10_15_7) AppleWebKit/537.36 (KHTML, like Gecko) Chrome/143.0.0.0 Safari/537.36"}
{"duration":"4ms","ip":"127.0.0.1","level":"info","message":"Request completed","method":"GET","statusCode":304,"timestamp":"2025-12-19T13:02:42.487Z","url":"/","userAgent":"Mozilla/5.0 (Macintosh; Intel Mac OS X 10_15_7) AppleWebKit/537.36 (KHTML, like Gecko) Chrome/143.0.0.0 Safari/537.36"}
{"duration":"4ms","ip":"127.0.0.1","level":"info","message":"Request completed","method":"GET","statusCode":304,"timestamp":"2025-12-19T13:02:43.135Z","url":"/me","userAgent":"Mozilla/5.0 (Macintosh; Intel Mac OS X 10_15_7) AppleWebKit/537.36 (KHTML, like Gecko) Chrome/143.0.0.0 Safari/537.36"}
{"duration":"4ms","ip":"127.0.0.1","level":"info","message":"Request completed","method":"GET","statusCode":304,"timestamp":"2025-12-19T13:02:43.135Z","url":"/summary","userAgent":"Mozilla/5.0 (Macintosh; Intel Mac OS X 10_15_7) AppleWebKit/537.36 (KHTML, like Gecko) Chrome/143.0.0.0 Safari/537.36"}
{"duration":"4ms","ip":"127.0.0.1","level":"info","message":"Request completed","method":"GET","statusCode":304,"timestamp":"2025-12-19T13:02:43.136Z","url":"/","userAgent":"Mozilla/5.0 (Macintosh; Intel Mac OS X 10_15_7) AppleWebKit/537.36 (KHTML, like Gecko) Chrome/143.0.0.0 Safari/537.36"}
{"duration":"3ms","ip":"127.0.0.1","level":"info","message":"Request completed","method":"GET","statusCode":304,"timestamp":"2025-12-19T13:02:43.136Z","url":"/summary","userAgent":"Mozilla/5.0 (Macintosh; Intel Mac OS X 10_15_7) AppleWebKit/537.36 (KHTML, like Gecko) Chrome/143.0.0.0 Safari/537.36"}
{"duration":"15ms","ip":"127.0.0.1","level":"info","message":"Request completed","method":"GET","statusCode":304,"timestamp":"2025-12-19T13:02:59.205Z","url":"/summary","userAgent":"Mozilla/5.0 (Macintosh; Intel Mac OS X 10_15_7) AppleWebKit/537.36 (KHTML, like Gecko) Chrome/143.0.0.0 Safari/537.36"}
{"duration":"19ms","ip":"127.0.0.1","level":"info","message":"Request completed","method":"GET","statusCode":304,"timestamp":"2025-12-19T13:02:59.206Z","url":"/me","userAgent":"Mozilla/5.0 (Macintosh; Intel Mac OS X 10_15_7) AppleWebKit/537.36 (KHTML, like Gecko) Chrome/143.0.0.0 Safari/537.36"}
{"duration":"18ms","ip":"127.0.0.1","level":"info","message":"Request completed","method":"GET","statusCode":304,"timestamp":"2025-12-19T13:02:59.207Z","url":"/","userAgent":"Mozilla/5.0 (Macintosh; Intel Mac OS X 10_15_7) AppleWebKit/537.36 (KHTML, like Gecko) Chrome/143.0.0.0 Safari/537.36"}
{"duration":"19ms","ip":"127.0.0.1","level":"info","message":"Request completed","method":"GET","statusCode":304,"timestamp":"2025-12-19T13:02:59.207Z","url":"/summary","userAgent":"Mozilla/5.0 (Macintosh; Intel Mac OS X 10_15_7) AppleWebKit/537.36 (KHTML, like Gecko) Chrome/143.0.0.0 Safari/537.36"}
{"duration":"83ms","ip":"127.0.0.1","level":"info","message":"Request completed","method":"GET","statusCode":304,"timestamp":"2025-12-19T13:03:20.531Z","url":"/me","userAgent":"Mozilla/5.0 (Macintosh; Intel Mac OS X 10_15_7) AppleWebKit/537.36 (KHTML, like Gecko) Chrome/143.0.0.0 Safari/537.36"}
{"duration":"80ms","ip":"127.0.0.1","level":"info","message":"Request completed","method":"GET","statusCode":304,"timestamp":"2025-12-19T13:03:20.532Z","url":"/summary","userAgent":"Mozilla/5.0 (Macintosh; Intel Mac OS X 10_15_7) AppleWebKit/537.36 (KHTML, like Gecko) Chrome/143.0.0.0 Safari/537.36"}
{"duration":"78ms","ip":"127.0.0.1","level":"info","message":"Request completed","method":"GET","statusCode":304,"timestamp":"2025-12-19T13:03:20.532Z","url":"/","userAgent":"Mozilla/5.0 (Macintosh; Intel Mac OS X 10_15_7) AppleWebKit/537.36 (KHTML, like Gecko) Chrome/143.0.0.0 Safari/537.36"}
{"duration":"78ms","ip":"127.0.0.1","level":"info","message":"Request completed","method":"GET","statusCode":304,"timestamp":"2025-12-19T13:03:20.533Z","url":"/summary","userAgent":"Mozilla/5.0 (Macintosh; Intel Mac OS X 10_15_7) AppleWebKit/537.36 (KHTML, like Gecko) Chrome/143.0.0.0 Safari/537.36"}
{"duration":"56ms","ip":"127.0.0.1","level":"info","message":"Request completed","method":"GET","statusCode":304,"timestamp":"2025-12-19T13:08:28.996Z","url":"/me","userAgent":"Mozilla/5.0 (Macintosh; Intel Mac OS X 10_15_7) AppleWebKit/537.36 (KHTML, like Gecko) Chrome/143.0.0.0 Safari/537.36"}
{"duration":"42ms","ip":"127.0.0.1","level":"info","message":"Request completed","method":"GET","statusCode":304,"timestamp":"2025-12-19T13:08:29.001Z","url":"/summary","userAgent":"Mozilla/5.0 (Macintosh; Intel Mac OS X 10_15_7) AppleWebKit/537.36 (KHTML, like Gecko) Chrome/143.0.0.0 Safari/537.36"}
{"duration":"40ms","ip":"127.0.0.1","level":"info","message":"Request completed","method":"GET","statusCode":304,"timestamp":"2025-12-19T13:08:29.001Z","url":"/","userAgent":"Mozilla/5.0 (Macintosh; Intel Mac OS X 10_15_7) AppleWebKit/537.36 (KHTML, like Gecko) Chrome/143.0.0.0 Safari/537.36"}
{"duration":"40ms","ip":"127.0.0.1","level":"info","message":"Request completed","method":"GET","statusCode":304,"timestamp":"2025-12-19T13:08:29.002Z","url":"/summary","userAgent":"Mozilla/5.0 (Macintosh; Intel Mac OS X 10_15_7) AppleWebKit/537.36 (KHTML, like Gecko) Chrome/143.0.0.0 Safari/537.36"}
{"duration":"4ms","ip":"127.0.0.1","level":"info","message":"Request completed","method":"GET","statusCode":304,"timestamp":"2025-12-19T13:08:36.127Z","url":"/me","userAgent":"Mozilla/5.0 (Macintosh; Intel Mac OS X 10_15_7) AppleWebKit/537.36 (KHTML, like Gecko) Chrome/143.0.0.0 Safari/537.36"}
{"duration":"4ms","ip":"127.0.0.1","level":"info","message":"Request completed","method":"GET","statusCode":304,"timestamp":"2025-12-19T13:08:36.128Z","url":"/summary","userAgent":"Mozilla/5.0 (Macintosh; Intel Mac OS X 10_15_7) AppleWebKit/537.36 (KHTML, like Gecko) Chrome/143.0.0.0 Safari/537.36"}
{"duration":"5ms","ip":"127.0.0.1","level":"info","message":"Request completed","method":"GET","statusCode":304,"timestamp":"2025-12-19T13:08:36.129Z","url":"/","userAgent":"Mozilla/5.0 (Macintosh; Intel Mac OS X 10_15_7) AppleWebKit/537.36 (KHTML, like Gecko) Chrome/143.0.0.0 Safari/537.36"}
{"duration":"4ms","ip":"127.0.0.1","level":"info","message":"Request completed","method":"GET","statusCode":304,"timestamp":"2025-12-19T13:08:36.129Z","url":"/summary","userAgent":"Mozilla/5.0 (Macintosh; Intel Mac OS X 10_15_7) AppleWebKit/537.36 (KHTML, like Gecko) Chrome/143.0.0.0 Safari/537.36"}
{"duration":"3ms","ip":"127.0.0.1","level":"info","message":"Request completed","method":"GET","statusCode":304,"timestamp":"2025-12-19T13:08:37.202Z","url":"/me","userAgent":"Mozilla/5.0 (Macintosh; Intel Mac OS X 10_15_7) AppleWebKit/537.36 (KHTML, like Gecko) Chrome/143.0.0.0 Safari/537.36"}
{"duration":"3ms","ip":"127.0.0.1","level":"info","message":"Request completed","method":"GET","statusCode":304,"timestamp":"2025-12-19T13:08:37.203Z","url":"/summary","userAgent":"Mozilla/5.0 (Macintosh; Intel Mac OS X 10_15_7) AppleWebKit/537.36 (KHTML, like Gecko) Chrome/143.0.0.0 Safari/537.36"}
{"duration":"3ms","ip":"127.0.0.1","level":"info","message":"Request completed","method":"GET","statusCode":304,"timestamp":"2025-12-19T13:08:37.204Z","url":"/","userAgent":"Mozilla/5.0 (Macintosh; Intel Mac OS X 10_15_7) AppleWebKit/537.36 (KHTML, like Gecko) Chrome/143.0.0.0 Safari/537.36"}
{"duration":"2ms","ip":"127.0.0.1","level":"info","message":"Request completed","method":"GET","statusCode":304,"timestamp":"2025-12-19T13:08:37.205Z","url":"/summary","userAgent":"Mozilla/5.0 (Macintosh; Intel Mac OS X 10_15_7) AppleWebKit/537.36 (KHTML, like Gecko) Chrome/143.0.0.0 Safari/537.36"}
{"duration":"2ms","ip":"127.0.0.1","level":"info","message":"Request completed","method":"GET","statusCode":304,"timestamp":"2025-12-19T13:08:38.025Z","url":"/","userAgent":"Mozilla/5.0 (Macintosh; Intel Mac OS X 10_15_7) AppleWebKit/537.36 (KHTML, like Gecko) Chrome/143.0.0.0 Safari/537.36"}
{"duration":"2ms","ip":"127.0.0.1","level":"info","message":"Request completed","method":"GET","statusCode":304,"timestamp":"2025-12-19T13:08:38.026Z","url":"/me","userAgent":"Mozilla/5.0 (Macintosh; Intel Mac OS X 10_15_7) AppleWebKit/537.36 (KHTML, like Gecko) Chrome/143.0.0.0 Safari/537.36"}
{"duration":"4ms","ip":"127.0.0.1","level":"info","message":"Request completed","method":"GET","statusCode":304,"timestamp":"2025-12-19T13:08:38.026Z","url":"/summary","userAgent":"Mozilla/5.0 (Macintosh; Intel Mac OS X 10_15_7) AppleWebKit/537.36 (KHTML, like Gecko) Chrome/143.0.0.0 Safari/537.36"}
{"duration":"2ms","ip":"127.0.0.1","level":"info","message":"Request completed","method":"GET","statusCode":304,"timestamp":"2025-12-19T13:08:38.026Z","url":"/summary","userAgent":"Mozilla/5.0 (Macintosh; Intel Mac OS X 10_15_7) AppleWebKit/537.36 (KHTML, like Gecko) Chrome/143.0.0.0 Safari/537.36"}
{"duration":"4ms","ip":"127.0.0.1","level":"info","message":"Request completed","method":"GET","statusCode":304,"timestamp":"2025-12-19T13:08:41.840Z","url":"/summary","userAgent":"Mozilla/5.0 (Macintosh; Intel Mac OS X 10_15_7) AppleWebKit/537.36 (KHTML, like Gecko) Chrome/143.0.0.0 Safari/537.36"}
{"duration":"5ms","ip":"127.0.0.1","level":"info","message":"Request completed","method":"GET","statusCode":304,"timestamp":"2025-12-19T13:08:41.841Z","url":"/summary","userAgent":"Mozilla/5.0 (Macintosh; Intel Mac OS X 10_15_7) AppleWebKit/537.36 (KHTML, like Gecko) Chrome/143.0.0.0 Safari/537.36"}
{"duration":"6ms","ip":"127.0.0.1","level":"info","message":"Request completed","method":"GET","statusCode":304,"timestamp":"2025-12-19T13:08:41.841Z","url":"/me","userAgent":"Mozilla/5.0 (Macintosh; Intel Mac OS X 10_15_7) AppleWebKit/537.36 (KHTML, like Gecko) Chrome/143.0.0.0 Safari/537.36"}
{"duration":"4ms","ip":"127.0.0.1","level":"info","message":"Request completed","method":"GET","statusCode":304,"timestamp":"2025-12-19T13:08:41.841Z","url":"/","userAgent":"Mozilla/5.0 (Macintosh; Intel Mac OS X 10_15_7) AppleWebKit/537.36 (KHTML, like Gecko) Chrome/143.0.0.0 Safari/537.36"}
{"duration":"73ms","ip":"127.0.0.1","level":"info","message":"Request completed","method":"GET","statusCode":304,"timestamp":"2025-12-19T13:12:25.293Z","url":"/me","userAgent":"Mozilla/5.0 (Macintosh; Intel Mac OS X 10_15_7) AppleWebKit/537.36 (KHTML, like Gecko) Chrome/143.0.0.0 Safari/537.36"}
{"duration":"66ms","ip":"127.0.0.1","level":"info","message":"Request completed","method":"GET","statusCode":304,"timestamp":"2025-12-19T13:12:25.294Z","url":"/summary","userAgent":"Mozilla/5.0 (Macintosh; Intel Mac OS X 10_15_7) AppleWebKit/537.36 (KHTML, like Gecko) Chrome/143.0.0.0 Safari/537.36"}
{"duration":"65ms","ip":"127.0.0.1","level":"info","message":"Request completed","method":"GET","statusCode":304,"timestamp":"2025-12-19T13:12:25.295Z","url":"/","userAgent":"Mozilla/5.0 (Macintosh; Intel Mac OS X 10_15_7) AppleWebKit/537.36 (KHTML, like Gecko) Chrome/143.0.0.0 Safari/537.36"}
{"duration":"66ms","ip":"127.0.0.1","level":"info","message":"Request completed","method":"GET","statusCode":304,"timestamp":"2025-12-19T13:12:25.295Z","url":"/summary","userAgent":"Mozilla/5.0 (Macintosh; Intel Mac OS X 10_15_7) AppleWebKit/537.36 (KHTML, like Gecko) Chrome/143.0.0.0 Safari/537.36"}
{"duration":"32ms","ip":"127.0.0.1","level":"info","message":"Request completed","method":"GET","statusCode":304,"timestamp":"2025-12-19T13:16:40.079Z","url":"/","userAgent":"Mozilla/5.0 (Macintosh; Intel Mac OS X 10_15_7) AppleWebKit/537.36 (KHTML, like Gecko) Chrome/143.0.0.0 Safari/537.36"}
{"duration":"30ms","ip":"127.0.0.1","level":"info","message":"Request completed","method":"GET","statusCode":304,"timestamp":"2025-12-19T13:17:49.426Z","url":"/me","userAgent":"Mozilla/5.0 (Macintosh; Intel Mac OS X 10_15_7) AppleWebKit/537.36 (KHTML, like Gecko) Chrome/143.0.0.0 Safari/537.36"}
{"duration":"28ms","ip":"127.0.0.1","level":"info","message":"Request completed","method":"GET","statusCode":304,"timestamp":"2025-12-19T13:17:49.427Z","url":"/summary","userAgent":"Mozilla/5.0 (Macintosh; Intel Mac OS X 10_15_7) AppleWebKit/537.36 (KHTML, like Gecko) Chrome/143.0.0.0 Safari/537.36"}
{"duration":"31ms","ip":"127.0.0.1","level":"info","message":"Request completed","method":"GET","statusCode":304,"timestamp":"2025-12-19T13:17:49.429Z","url":"/","userAgent":"Mozilla/5.0 (Macintosh; Intel Mac OS X 10_15_7) AppleWebKit/537.36 (KHTML, like Gecko) Chrome/143.0.0.0 Safari/537.36"}
{"duration":"34ms","ip":"127.0.0.1","level":"info","message":"Request completed","method":"GET","statusCode":304,"timestamp":"2025-12-19T13:17:49.432Z","url":"/summary","userAgent":"Mozilla/5.0 (Macintosh; Intel Mac OS X 10_15_7) AppleWebKit/537.36 (KHTML, like Gecko) Chrome/143.0.0.0 Safari/537.36"}
{"duration":"36ms","ip":"127.0.0.1","level":"info","message":"Request completed","method":"GET","statusCode":304,"timestamp":"2025-12-19T13:18:49.169Z","url":"/me","userAgent":"Mozilla/5.0 (Macintosh; Intel Mac OS X 10_15_7) AppleWebKit/537.36 (KHTML, like Gecko) Chrome/143.0.0.0 Safari/537.36"}
{"duration":"31ms","ip":"127.0.0.1","level":"info","message":"Request completed","method":"GET","statusCode":304,"timestamp":"2025-12-19T13:18:49.170Z","url":"/","userAgent":"Mozilla/5.0 (Macintosh; Intel Mac OS X 10_15_7) AppleWebKit/537.36 (KHTML, like Gecko) Chrome/143.0.0.0 Safari/537.36"}
{"duration":"34ms","ip":"127.0.0.1","level":"info","message":"Request completed","method":"GET","statusCode":304,"timestamp":"2025-12-19T13:18:49.171Z","url":"/summary","userAgent":"Mozilla/5.0 (Macintosh; Intel Mac OS X 10_15_7) AppleWebKit/537.36 (KHTML, like Gecko) Chrome/143.0.0.0 Safari/537.36"}
{"duration":"35ms","ip":"127.0.0.1","level":"info","message":"Request completed","method":"GET","statusCode":304,"timestamp":"2025-12-19T13:18:49.173Z","url":"/summary","userAgent":"Mozilla/5.0 (Macintosh; Intel Mac OS X 10_15_7) AppleWebKit/537.36 (KHTML, like Gecko) Chrome/143.0.0.0 Safari/537.36"}
{"duration":"41ms","ip":"127.0.0.1","level":"info","message":"Request completed","method":"GET","statusCode":304,"timestamp":"2025-12-19T13:20:54.979Z","url":"/me","userAgent":"Mozilla/5.0 (Macintosh; Intel Mac OS X 10_15_7) AppleWebKit/537.36 (KHTML, like Gecko) Chrome/143.0.0.0 Safari/537.36"}
{"duration":"43ms","ip":"127.0.0.1","level":"info","message":"Request completed","method":"GET","statusCode":304,"timestamp":"2025-12-19T13:20:54.986Z","url":"/","userAgent":"Mozilla/5.0 (Macintosh; Intel Mac OS X 10_15_7) AppleWebKit/537.36 (KHTML, like Gecko) Chrome/143.0.0.0 Safari/537.36"}
{"duration":"42ms","ip":"127.0.0.1","level":"info","message":"Request completed","method":"GET","statusCode":304,"timestamp":"2025-12-19T13:20:54.986Z","url":"/summary","userAgent":"Mozilla/5.0 (Macintosh; Intel Mac OS X 10_15_7) AppleWebKit/537.36 (KHTML, like Gecko) Chrome/143.0.0.0 Safari/537.36"}
{"duration":"43ms","ip":"127.0.0.1","level":"info","message":"Request completed","method":"GET","statusCode":304,"timestamp":"2025-12-19T13:20:54.986Z","url":"/summary","userAgent":"Mozilla/5.0 (Macintosh; Intel Mac OS X 10_15_7) AppleWebKit/537.36 (KHTML, like Gecko) Chrome/143.0.0.0 Safari/537.36"}
{"duration":"34ms","ip":"127.0.0.1","level":"info","message":"Request completed","method":"GET","statusCode":200,"timestamp":"2025-12-19T13:21:18.028Z","url":"/me","userAgent":"Mozilla/5.0 (Macintosh; Intel Mac OS X 10_15_7) AppleWebKit/537.36 (KHTML, like Gecko) Chrome/143.0.0.0 Safari/537.36"}
{"duration":"33ms","ip":"127.0.0.1","level":"info","message":"Request completed","method":"GET","statusCode":200,"timestamp":"2025-12-19T13:21:18.029Z","url":"/summary","userAgent":"Mozilla/5.0 (Macintosh; Intel Mac OS X 10_15_7) AppleWebKit/537.36 (KHTML, like Gecko) Chrome/143.0.0.0 Safari/537.36"}
{"duration":"32ms","ip":"127.0.0.1","level":"info","message":"Request completed","method":"GET","statusCode":200,"timestamp":"2025-12-19T13:21:18.029Z","url":"/summary","userAgent":"Mozilla/5.0 (Macintosh; Intel Mac OS X 10_15_7) AppleWebKit/537.36 (KHTML, like Gecko) Chrome/143.0.0.0 Safari/537.36"}
{"duration":"32ms","ip":"127.0.0.1","level":"info","message":"Request completed","method":"GET","statusCode":200,"timestamp":"2025-12-19T13:21:18.029Z","url":"/","userAgent":"Mozilla/5.0 (Macintosh; Intel Mac OS X 10_15_7) AppleWebKit/537.36 (KHTML, like Gecko) Chrome/143.0.0.0 Safari/537.36"}
{"duration":"90ms","ip":"127.0.0.1","level":"info","message":"Request completed","method":"GET","statusCode":304,"timestamp":"2025-12-19T13:23:04.261Z","url":"/me","userAgent":"Mozilla/5.0 (Macintosh; Intel Mac OS X 10_15_7) AppleWebKit/537.36 (KHTML, like Gecko) Chrome/143.0.0.0 Safari/537.36"}
{"duration":"89ms","ip":"127.0.0.1","level":"info","message":"Request completed","method":"GET","statusCode":304,"timestamp":"2025-12-19T13:23:04.267Z","url":"/summary","userAgent":"Mozilla/5.0 (Macintosh; Intel Mac OS X 10_15_7) AppleWebKit/537.36 (KHTML, like Gecko) Chrome/143.0.0.0 Safari/537.36"}
{"duration":"88ms","ip":"127.0.0.1","level":"info","message":"Request completed","method":"GET","statusCode":304,"timestamp":"2025-12-19T13:23:04.267Z","url":"/","userAgent":"Mozilla/5.0 (Macintosh; Intel Mac OS X 10_15_7) AppleWebKit/537.36 (KHTML, like Gecko) Chrome/143.0.0.0 Safari/537.36"}
{"duration":"89ms","ip":"127.0.0.1","level":"info","message":"Request completed","method":"GET","statusCode":304,"timestamp":"2025-12-19T13:23:04.268Z","url":"/summary","userAgent":"Mozilla/5.0 (Macintosh; Intel Mac OS X 10_15_7) AppleWebKit/537.36 (KHTML, like Gecko) Chrome/143.0.0.0 Safari/537.36"}
{"duration":"22ms","ip":"127.0.0.1","level":"info","message":"Request completed","method":"GET","statusCode":304,"timestamp":"2025-12-19T13:23:27.365Z","url":"/me","userAgent":"Mozilla/5.0 (Macintosh; Intel Mac OS X 10_15_7) AppleWebKit/537.36 (KHTML, like Gecko) Chrome/143.0.0.0 Safari/537.36"}
{"duration":"21ms","ip":"127.0.0.1","level":"info","message":"Request completed","method":"GET","statusCode":304,"timestamp":"2025-12-19T13:23:27.367Z","url":"/","userAgent":"Mozilla/5.0 (Macintosh; Intel Mac OS X 10_15_7) AppleWebKit/537.36 (KHTML, like Gecko) Chrome/143.0.0.0 Safari/537.36"}
{"duration":"22ms","ip":"127.0.0.1","level":"info","message":"Request completed","method":"GET","statusCode":304,"timestamp":"2025-12-19T13:23:27.368Z","url":"/summary","userAgent":"Mozilla/5.0 (Macintosh; Intel Mac OS X 10_15_7) AppleWebKit/537.36 (KHTML, like Gecko) Chrome/143.0.0.0 Safari/537.36"}
{"duration":"24ms","ip":"127.0.0.1","level":"info","message":"Request completed","method":"GET","statusCode":304,"timestamp":"2025-12-19T13:23:27.370Z","url":"/summary","userAgent":"Mozilla/5.0 (Macintosh; Intel Mac OS X 10_15_7) AppleWebKit/537.36 (KHTML, like Gecko) Chrome/143.0.0.0 Safari/537.36"}
{"duration":"76ms","ip":"127.0.0.1","level":"info","message":"Request completed","method":"GET","statusCode":304,"timestamp":"2025-12-19T13:27:03.121Z","url":"/me","userAgent":"Mozilla/5.0 (Macintosh; Intel Mac OS X 10_15_7) AppleWebKit/537.36 (KHTML, like Gecko) Chrome/143.0.0.0 Safari/537.36"}
{"duration":"67ms","ip":"127.0.0.1","level":"info","message":"Request completed","method":"GET","statusCode":304,"timestamp":"2025-12-19T13:27:03.126Z","url":"/","userAgent":"Mozilla/5.0 (Macintosh; Intel Mac OS X 10_15_7) AppleWebKit/537.36 (KHTML, like Gecko) Chrome/143.0.0.0 Safari/537.36"}
{"duration":"69ms","ip":"127.0.0.1","level":"info","message":"Request completed","method":"GET","statusCode":304,"timestamp":"2025-12-19T13:27:03.127Z","url":"/summary","userAgent":"Mozilla/5.0 (Macintosh; Intel Mac OS X 10_15_7) AppleWebKit/537.36 (KHTML, like Gecko) Chrome/143.0.0.0 Safari/537.36"}
{"duration":"68ms","ip":"127.0.0.1","level":"info","message":"Request completed","method":"GET","statusCode":304,"timestamp":"2025-12-19T13:27:03.127Z","url":"/summary","userAgent":"Mozilla/5.0 (Macintosh; Intel Mac OS X 10_15_7) AppleWebKit/537.36 (KHTML, like Gecko) Chrome/143.0.0.0 Safari/537.36"}
{"duration":"2ms","ip":"127.0.0.1","level":"info","message":"Request completed","method":"GET","statusCode":304,"timestamp":"2025-12-19T13:27:04.200Z","url":"/","userAgent":"Mozilla/5.0 (Macintosh; Intel Mac OS X 10_15_7) AppleWebKit/537.36 (KHTML, like Gecko) Chrome/143.0.0.0 Safari/537.36"}
{"duration":"52ms","ip":"127.0.0.1","level":"info","message":"Request completed","method":"GET","statusCode":304,"timestamp":"2025-12-19T13:28:18.644Z","url":"/me","userAgent":"Mozilla/5.0 (Macintosh; Intel Mac OS X 10_15_7) AppleWebKit/537.36 (KHTML, like Gecko) Chrome/143.0.0.0 Safari/537.36"}
{"duration":"38ms","ip":"127.0.0.1","level":"info","message":"Request completed","method":"GET","statusCode":304,"timestamp":"2025-12-19T13:28:18.645Z","url":"/","userAgent":"Mozilla/5.0 (Macintosh; Intel Mac OS X 10_15_7) AppleWebKit/537.36 (KHTML, like Gecko) Chrome/143.0.0.0 Safari/537.36"}
{"duration":"38ms","ip":"127.0.0.1","level":"info","message":"Request completed","method":"GET","statusCode":304,"timestamp":"2025-12-19T13:28:18.646Z","url":"/summary","userAgent":"Mozilla/5.0 (Macintosh; Intel Mac OS X 10_15_7) AppleWebKit/537.36 (KHTML, like Gecko) Chrome/143.0.0.0 Safari/537.36"}
{"duration":"44ms","ip":"127.0.0.1","level":"info","message":"Request completed","method":"GET","statusCode":304,"timestamp":"2025-12-19T13:28:18.647Z","url":"/summary","userAgent":"Mozilla/5.0 (Macintosh; Intel Mac OS X 10_15_7) AppleWebKit/537.36 (KHTML, like Gecko) Chrome/143.0.0.0 Safari/537.36"}
{"duration":"132ms","ip":"127.0.0.1","level":"info","message":"Request completed","method":"GET","statusCode":304,"timestamp":"2025-12-19T13:29:26.230Z","url":"/summary","userAgent":"Mozilla/5.0 (Macintosh; Intel Mac OS X 10_15_7) AppleWebKit/537.36 (KHTML, like Gecko) Chrome/143.0.0.0 Safari/537.36"}
{"duration":"161ms","ip":"127.0.0.1","level":"info","message":"Request completed","method":"GET","statusCode":304,"timestamp":"2025-12-19T13:29:26.231Z","url":"/summary","userAgent":"Mozilla/5.0 (Macintosh; Intel Mac OS X 10_15_7) AppleWebKit/537.36 (KHTML, like Gecko) Chrome/143.0.0.0 Safari/537.36"}
{"duration":"137ms","ip":"127.0.0.1","level":"info","message":"Request completed","method":"GET","statusCode":304,"timestamp":"2025-12-19T13:29:26.232Z","url":"/","userAgent":"Mozilla/5.0 (Macintosh; Intel Mac OS X 10_15_7) AppleWebKit/537.36 (KHTML, like Gecko) Chrome/143.0.0.0 Safari/537.36"}
{"duration":"142ms","ip":"127.0.0.1","level":"info","message":"Request completed","method":"GET","statusCode":304,"timestamp":"2025-12-19T13:29:26.233Z","url":"/me","userAgent":"Mozilla/5.0 (Macintosh; Intel Mac OS X 10_15_7) AppleWebKit/537.36 (KHTML, like Gecko) Chrome/143.0.0.0 Safari/537.36"}
{"duration":"26ms","ip":"127.0.0.1","level":"info","message":"Request completed","method":"GET","statusCode":304,"timestamp":"2025-12-19T13:30:49.653Z","url":"/me","userAgent":"Mozilla/5.0 (Macintosh; Intel Mac OS X 10_15_7) AppleWebKit/537.36 (KHTML, like Gecko) Chrome/143.0.0.0 Safari/537.36"}
{"duration":"24ms","ip":"127.0.0.1","level":"info","message":"Request completed","method":"GET","statusCode":304,"timestamp":"2025-12-19T13:30:49.654Z","url":"/summary","userAgent":"Mozilla/5.0 (Macintosh; Intel Mac OS X 10_15_7) AppleWebKit/537.36 (KHTML, like Gecko) Chrome/143.0.0.0 Safari/537.36"}
{"duration":"22ms","ip":"127.0.0.1","level":"info","message":"Request completed","method":"GET","statusCode":304,"timestamp":"2025-12-19T13:30:49.655Z","url":"/summary","userAgent":"Mozilla/5.0 (Macintosh; Intel Mac OS X 10_15_7) AppleWebKit/537.36 (KHTML, like Gecko) Chrome/143.0.0.0 Safari/537.36"}
{"duration":"24ms","ip":"127.0.0.1","level":"info","message":"Request completed","method":"GET","statusCode":304,"timestamp":"2025-12-19T13:30:49.655Z","url":"/","userAgent":"Mozilla/5.0 (Macintosh; Intel Mac OS X 10_15_7) AppleWebKit/537.36 (KHTML, like Gecko) Chrome/143.0.0.0 Safari/537.36"}
{"duration":"26ms","ip":"127.0.0.1","level":"info","message":"Request completed","method":"GET","statusCode":304,"timestamp":"2025-12-19T13:32:29.666Z","url":"/me","userAgent":"Mozilla/5.0 (Macintosh; Intel Mac OS X 10_15_7) AppleWebKit/537.36 (KHTML, like Gecko) Chrome/143.0.0.0 Safari/537.36"}
{"duration":"23ms","ip":"127.0.0.1","level":"info","message":"Request completed","method":"GET","statusCode":304,"timestamp":"2025-12-19T13:32:29.670Z","url":"/summary","userAgent":"Mozilla/5.0 (Macintosh; Intel Mac OS X 10_15_7) AppleWebKit/537.36 (KHTML, like Gecko) Chrome/143.0.0.0 Safari/537.36"}
{"duration":"22ms","ip":"127.0.0.1","level":"info","message":"Request completed","method":"GET","statusCode":304,"timestamp":"2025-12-19T13:32:29.670Z","url":"/","userAgent":"Mozilla/5.0 (Macintosh; Intel Mac OS X 10_15_7) AppleWebKit/537.36 (KHTML, like Gecko) Chrome/143.0.0.0 Safari/537.36"}
{"duration":"21ms","ip":"127.0.0.1","level":"info","message":"Request completed","method":"GET","statusCode":304,"timestamp":"2025-12-19T13:32:29.671Z","url":"/summary","userAgent":"Mozilla/5.0 (Macintosh; Intel Mac OS X 10_15_7) AppleWebKit/537.36 (KHTML, like Gecko) Chrome/143.0.0.0 Safari/537.36"}
{"duration":"44ms","ip":"127.0.0.1","level":"info","message":"Request completed","method":"GET","statusCode":304,"timestamp":"2025-12-19T13:33:28.009Z","url":"/","userAgent":"Mozilla/5.0 (Macintosh; Intel Mac OS X 10_15_7) AppleWebKit/537.36 (KHTML, like Gecko) Chrome/143.0.0.0 Safari/537.36"}
{"duration":"198ms","ip":"127.0.0.1","level":"info","message":"Request completed","method":"GET","statusCode":304,"timestamp":"2025-12-19T13:34:45.626Z","url":"/me","userAgent":"Mozilla/5.0 (Macintosh; Intel Mac OS X 10_15_7) AppleWebKit/537.36 (KHTML, like Gecko) Chrome/143.0.0.0 Safari/537.36"}
{"duration":"190ms","ip":"127.0.0.1","level":"info","message":"Request completed","method":"GET","statusCode":304,"timestamp":"2025-12-19T13:34:45.627Z","url":"/summary","userAgent":"Mozilla/5.0 (Macintosh; Intel Mac OS X 10_15_7) AppleWebKit/537.36 (KHTML, like Gecko) Chrome/143.0.0.0 Safari/537.36"}
{"duration":"322ms","ip":"127.0.0.1","level":"info","message":"Request completed","method":"GET","statusCode":304,"timestamp":"2025-12-19T13:34:45.773Z","url":"/","userAgent":"Mozilla/5.0 (Macintosh; Intel Mac OS X 10_15_7) AppleWebKit/537.36 (KHTML, like Gecko) Chrome/143.0.0.0 Safari/537.36"}
{"duration":"322ms","ip":"127.0.0.1","level":"info","message":"Request completed","method":"GET","statusCode":304,"timestamp":"2025-12-19T13:34:45.776Z","url":"/summary","userAgent":"Mozilla/5.0 (Macintosh; Intel Mac OS X 10_15_7) AppleWebKit/537.36 (KHTML, like Gecko) Chrome/143.0.0.0 Safari/537.36"}
{"duration":"6ms","ip":"127.0.0.1","level":"info","message":"Request completed","method":"GET","statusCode":304,"timestamp":"2025-12-19T13:34:52.784Z","url":"/me","userAgent":"Mozilla/5.0 (Macintosh; Intel Mac OS X 10_15_7) AppleWebKit/537.36 (KHTML, like Gecko) Chrome/143.0.0.0 Safari/537.36"}
{"duration":"8ms","ip":"127.0.0.1","level":"info","message":"Request completed","method":"GET","statusCode":304,"timestamp":"2025-12-19T13:34:52.788Z","url":"/summary","userAgent":"Mozilla/5.0 (Macintosh; Intel Mac OS X 10_15_7) AppleWebKit/537.36 (KHTML, like Gecko) Chrome/143.0.0.0 Safari/537.36"}
{"duration":"8ms","ip":"127.0.0.1","level":"info","message":"Request completed","method":"GET","statusCode":304,"timestamp":"2025-12-19T13:34:52.789Z","url":"/","userAgent":"Mozilla/5.0 (Macintosh; Intel Mac OS X 10_15_7) AppleWebKit/537.36 (KHTML, like Gecko) Chrome/143.0.0.0 Safari/537.36"}
{"duration":"11ms","ip":"127.0.0.1","level":"info","message":"Request completed","method":"GET","statusCode":304,"timestamp":"2025-12-19T13:34:52.792Z","url":"/summary","userAgent":"Mozilla/5.0 (Macintosh; Intel Mac OS X 10_15_7) AppleWebKit/537.36 (KHTML, like Gecko) Chrome/143.0.0.0 Safari/537.36"}
{"duration":"4ms","ip":"127.0.0.1","level":"info","message":"Request completed","method":"GET","statusCode":304,"timestamp":"2025-12-19T13:34:55.422Z","url":"/me","userAgent":"Mozilla/5.0 (Macintosh; Intel Mac OS X 10_15_7) AppleWebKit/537.36 (KHTML, like Gecko) Chrome/143.0.0.0 Safari/537.36"}
{"duration":"4ms","ip":"127.0.0.1","level":"info","message":"Request completed","method":"GET","statusCode":304,"timestamp":"2025-12-19T13:34:55.422Z","url":"/summary","userAgent":"Mozilla/5.0 (Macintosh; Intel Mac OS X 10_15_7) AppleWebKit/537.36 (KHTML, like Gecko) Chrome/143.0.0.0 Safari/537.36"}
{"duration":"4ms","ip":"127.0.0.1","level":"info","message":"Request completed","method":"GET","statusCode":304,"timestamp":"2025-12-19T13:34:55.423Z","url":"/","userAgent":"Mozilla/5.0 (Macintosh; Intel Mac OS X 10_15_7) AppleWebKit/537.36 (KHTML, like Gecko) Chrome/143.0.0.0 Safari/537.36"}
{"duration":"4ms","ip":"127.0.0.1","level":"info","message":"Request completed","method":"GET","statusCode":304,"timestamp":"2025-12-19T13:34:55.423Z","url":"/summary","userAgent":"Mozilla/5.0 (Macintosh; Intel Mac OS X 10_15_7) AppleWebKit/537.36 (KHTML, like Gecko) Chrome/143.0.0.0 Safari/537.36"}
{"duration":"15ms","ip":"127.0.0.1","level":"info","message":"Request completed","method":"GET","statusCode":304,"timestamp":"2025-12-19T13:35:02.662Z","url":"/me","userAgent":"Mozilla/5.0 (Macintosh; Intel Mac OS X 10_15_7) AppleWebKit/537.36 (KHTML, like Gecko) Chrome/143.0.0.0 Safari/537.36"}
{"duration":"17ms","ip":"127.0.0.1","level":"info","message":"Request completed","method":"GET","statusCode":304,"timestamp":"2025-12-19T13:35:02.669Z","url":"/summary","userAgent":"Mozilla/5.0 (Macintosh; Intel Mac OS X 10_15_7) AppleWebKit/537.36 (KHTML, like Gecko) Chrome/143.0.0.0 Safari/537.36"}
{"duration":"17ms","ip":"127.0.0.1","level":"info","message":"Request completed","method":"GET","statusCode":304,"timestamp":"2025-12-19T13:35:02.671Z","url":"/summary","userAgent":"Mozilla/5.0 (Macintosh; Intel Mac OS X 10_15_7) AppleWebKit/537.36 (KHTML, like Gecko) Chrome/143.0.0.0 Safari/537.36"}
{"duration":"20ms","ip":"127.0.0.1","level":"info","message":"Request completed","method":"GET","statusCode":304,"timestamp":"2025-12-19T13:35:02.671Z","url":"/","userAgent":"Mozilla/5.0 (Macintosh; Intel Mac OS X 10_15_7) AppleWebKit/537.36 (KHTML, like Gecko) Chrome/143.0.0.0 Safari/537.36"}
{"duration":"59ms","ip":"127.0.0.1","level":"info","message":"Request completed","method":"GET","statusCode":304,"timestamp":"2025-12-19T13:35:33.512Z","url":"/me","userAgent":"Mozilla/5.0 (Macintosh; Intel Mac OS X 10_15_7) AppleWebKit/537.36 (KHTML, like Gecko) Chrome/143.0.0.0 Safari/537.36"}
{"duration":"52ms","ip":"127.0.0.1","level":"info","message":"Request completed","method":"GET","statusCode":304,"timestamp":"2025-12-19T13:35:33.513Z","url":"/summary","userAgent":"Mozilla/5.0 (Macintosh; Intel Mac OS X 10_15_7) AppleWebKit/537.36 (KHTML, like Gecko) Chrome/143.0.0.0 Safari/537.36"}
{"duration":"51ms","ip":"127.0.0.1","level":"info","message":"Request completed","method":"GET","statusCode":304,"timestamp":"2025-12-19T13:35:33.513Z","url":"/","userAgent":"Mozilla/5.0 (Macintosh; Intel Mac OS X 10_15_7) AppleWebKit/537.36 (KHTML, like Gecko) Chrome/143.0.0.0 Safari/537.36"}
{"duration":"52ms","ip":"127.0.0.1","level":"info","message":"Request completed","method":"GET","statusCode":304,"timestamp":"2025-12-19T13:35:33.514Z","url":"/summary","userAgent":"Mozilla/5.0 (Macintosh; Intel Mac OS X 10_15_7) AppleWebKit/537.36 (KHTML, like Gecko) Chrome/143.0.0.0 Safari/537.36"}
{"duration":"216ms","ip":"127.0.0.1","level":"info","message":"Request completed","method":"GET","statusCode":304,"timestamp":"2025-12-19T18:48:33.260Z","url":"/me","userAgent":"Mozilla/5.0 (Macintosh; Intel Mac OS X 10_15_7) AppleWebKit/537.36 (KHTML, like Gecko) Chrome/143.0.0.0 Safari/537.36"}
{"duration":"194ms","ip":"127.0.0.1","level":"info","message":"Request completed","method":"GET","statusCode":304,"timestamp":"2025-12-19T18:48:33.265Z","url":"/","userAgent":"Mozilla/5.0 (Macintosh; Intel Mac OS X 10_15_7) AppleWebKit/537.36 (KHTML, like Gecko) Chrome/143.0.0.0 Safari/537.36"}
{"duration":"197ms","ip":"127.0.0.1","level":"info","message":"Request completed","method":"GET","statusCode":304,"timestamp":"2025-12-19T18:48:33.265Z","url":"/summary","userAgent":"Mozilla/5.0 (Macintosh; Intel Mac OS X 10_15_7) AppleWebKit/537.36 (KHTML, like Gecko) Chrome/143.0.0.0 Safari/537.36"}
{"duration":"193ms","ip":"127.0.0.1","level":"info","message":"Request completed","method":"GET","statusCode":304,"timestamp":"2025-12-19T18:48:33.266Z","url":"/summary","userAgent":"Mozilla/5.0 (Macintosh; Intel Mac OS X 10_15_7) AppleWebKit/537.36 (KHTML, like Gecko) Chrome/143.0.0.0 Safari/537.36"}
{"duration":"108ms","ip":"127.0.0.1","level":"info","message":"Request completed","method":"GET","statusCode":304,"timestamp":"2025-12-19T18:50:59.728Z","url":"/me","userAgent":"Mozilla/5.0 (Macintosh; Intel Mac OS X 10_15_7) AppleWebKit/537.36 (KHTML, like Gecko) Chrome/143.0.0.0 Safari/537.36"}
{"duration":"102ms","ip":"127.0.0.1","level":"info","message":"Request completed","method":"GET","statusCode":304,"timestamp":"2025-12-19T18:50:59.729Z","url":"/summary","userAgent":"Mozilla/5.0 (Macintosh; Intel Mac OS X 10_15_7) AppleWebKit/537.36 (KHTML, like Gecko) Chrome/143.0.0.0 Safari/537.36"}
{"duration":"101ms","ip":"127.0.0.1","level":"info","message":"Request completed","method":"GET","statusCode":304,"timestamp":"2025-12-19T18:50:59.730Z","url":"/","userAgent":"Mozilla/5.0 (Macintosh; Intel Mac OS X 10_15_7) AppleWebKit/537.36 (KHTML, like Gecko) Chrome/143.0.0.0 Safari/537.36"}
{"duration":"99ms","ip":"127.0.0.1","level":"info","message":"Request completed","method":"GET","statusCode":304,"timestamp":"2025-12-19T18:50:59.731Z","url":"/summary","userAgent":"Mozilla/5.0 (Macintosh; Intel Mac OS X 10_15_7) AppleWebKit/537.36 (KHTML, like Gecko) Chrome/143.0.0.0 Safari/537.36"}
{"duration":"25ms","ip":"127.0.0.1","level":"info","message":"Request completed","method":"GET","statusCode":304,"timestamp":"2025-12-19T18:51:48.871Z","url":"/","userAgent":"Mozilla/5.0 (Macintosh; Intel Mac OS X 10_15_7) AppleWebKit/537.36 (KHTML, like Gecko) Chrome/143.0.0.0 Safari/537.36"}
{"duration":"23ms","ip":"127.0.0.1","level":"info","message":"Request completed","method":"GET","statusCode":304,"timestamp":"2025-12-19T18:57:24.675Z","url":"/","userAgent":"Mozilla/5.0 (Macintosh; Intel Mac OS X 10_15_7) AppleWebKit/537.36 (KHTML, like Gecko) Chrome/143.0.0.0 Safari/537.36"}
{"duration":"29ms","ip":"127.0.0.1","level":"info","message":"Request completed","method":"GET","statusCode":304,"timestamp":"2025-12-19T18:57:24.676Z","url":"/","userAgent":"Mozilla/5.0 (Macintosh; Intel Mac OS X 10_15_7) AppleWebKit/537.36 (KHTML, like Gecko) Chrome/143.0.0.0 Safari/537.36"}
{"duration":"26ms","ip":"127.0.0.1","level":"info","message":"Request completed","method":"GET","statusCode":304,"timestamp":"2025-12-19T18:57:24.677Z","url":"/summary","userAgent":"Mozilla/5.0 (Macintosh; Intel Mac OS X 10_15_7) AppleWebKit/537.36 (KHTML, like Gecko) Chrome/143.0.0.0 Safari/537.36"}
{"duration":"83ms","ip":"127.0.0.1","level":"info","message":"Request completed","method":"GET","statusCode":304,"timestamp":"2025-12-19T19:03:52.047Z","url":"/","userAgent":"Mozilla/5.0 (Macintosh; Intel Mac OS X 10_15_7) AppleWebKit/537.36 (KHTML, like Gecko) Chrome/143.0.0.0 Safari/537.36"}
{"duration":"87ms","ip":"127.0.0.1","level":"info","message":"Request completed","method":"GET","statusCode":304,"timestamp":"2025-12-19T19:03:52.050Z","url":"/","userAgent":"Mozilla/5.0 (Macintosh; Intel Mac OS X 10_15_7) AppleWebKit/537.36 (KHTML, like Gecko) Chrome/143.0.0.0 Safari/537.36"}
{"duration":"108ms","ip":"127.0.0.1","level":"info","message":"Request completed","method":"GET","statusCode":304,"timestamp":"2025-12-19T19:03:52.053Z","url":"/summary","userAgent":"Mozilla/5.0 (Macintosh; Intel Mac OS X 10_15_7) AppleWebKit/537.36 (KHTML, like Gecko) Chrome/143.0.0.0 Safari/537.36"}
{"duration":"79ms","ip":"127.0.0.1","level":"info","message":"Request completed","method":"GET","statusCode":304,"timestamp":"2025-12-19T19:49:49.098Z","url":"/","userAgent":"Mozilla/5.0 (Macintosh; Intel Mac OS X 10_15_7) AppleWebKit/537.36 (KHTML, like Gecko) Chrome/143.0.0.0 Safari/537.36"}
{"duration":"69ms","ip":"127.0.0.1","level":"info","message":"Request completed","method":"GET","statusCode":304,"timestamp":"2025-12-19T19:49:49.099Z","url":"/","userAgent":"Mozilla/5.0 (Macintosh; Intel Mac OS X 10_15_7) AppleWebKit/537.36 (KHTML, like Gecko) Chrome/143.0.0.0 Safari/537.36"}
{"duration":"70ms","ip":"127.0.0.1","level":"info","message":"Request completed","method":"GET","statusCode":304,"timestamp":"2025-12-19T19:49:49.100Z","url":"/summary","userAgent":"Mozilla/5.0 (Macintosh; Intel Mac OS X 10_15_7) AppleWebKit/537.36 (KHTML, like Gecko) Chrome/143.0.0.0 Safari/537.36"}
{"duration":"25ms","ip":"127.0.0.1","level":"info","message":"Request completed","method":"GET","statusCode":304,"timestamp":"2025-12-19T19:50:10.396Z","url":"/summary","userAgent":"Mozilla/5.0 (Macintosh; Intel Mac OS X 10_15_7) AppleWebKit/537.36 (KHTML, like Gecko) Chrome/143.0.0.0 Safari/537.36"}
{"duration":"234ms","ip":"127.0.0.1","level":"info","message":"Request completed","method":"GET","statusCode":304,"timestamp":"2025-12-19T19:54:15.143Z","url":"/","userAgent":"Mozilla/5.0 (Macintosh; Intel Mac OS X 10_15_7) AppleWebKit/537.36 (KHTML, like Gecko) Chrome/143.0.0.0 Safari/537.36"}
{"duration":"220ms","ip":"127.0.0.1","level":"info","message":"Request completed","method":"GET","statusCode":304,"timestamp":"2025-12-19T19:54:15.144Z","url":"/summary","userAgent":"Mozilla/5.0 (Macintosh; Intel Mac OS X 10_15_7) AppleWebKit/537.36 (KHTML, like Gecko) Chrome/143.0.0.0 Safari/537.36"}
{"duration":"17ms","ip":"127.0.0.1","level":"info","message":"Request completed","method":"GET","statusCode":304,"timestamp":"2025-12-19T19:54:30.291Z","url":"/summary","userAgent":"Mozilla/5.0 (Macintosh; Intel Mac OS X 10_15_7) AppleWebKit/537.36 (KHTML, like Gecko) Chrome/143.0.0.0 Safari/537.36"}
{"duration":"23ms","ip":"127.0.0.1","level":"info","message":"Request completed","method":"GET","statusCode":304,"timestamp":"2025-12-19T19:54:30.293Z","url":"/","userAgent":"Mozilla/5.0 (Macintosh; Intel Mac OS X 10_15_7) AppleWebKit/537.36 (KHTML, like Gecko) Chrome/143.0.0.0 Safari/537.36"}
{"duration":"4ms","ip":"127.0.0.1","level":"info","message":"Request completed","method":"GET","statusCode":200,"timestamp":"2025-12-19T19:54:37.952Z","url":"/","userAgent":"Mozilla/5.0 (Macintosh; Intel Mac OS X 10_15_7) AppleWebKit/537.36 (KHTML, like Gecko) Chrome/143.0.0.0 Safari/537.36"}
{"duration":"3ms","ip":"127.0.0.1","level":"info","message":"Request completed","method":"GET","statusCode":200,"timestamp":"2025-12-19T19:54:37.954Z","url":"/summary","userAgent":"Mozilla/5.0 (Macintosh; Intel Mac OS X 10_15_7) AppleWebKit/537.36 (KHTML, like Gecko) Chrome/143.0.0.0 Safari/537.36"}
{"duration":"5ms","ip":"127.0.0.1","level":"info","message":"Request completed","method":"GET","statusCode":200,"timestamp":"2025-12-19T19:54:38.588Z","url":"/","userAgent":"Mozilla/5.0 (Macintosh; Intel Mac OS X 10_15_7) AppleWebKit/537.36 (KHTML, like Gecko) Chrome/143.0.0.0 Safari/537.36"}
{"duration":"5ms","ip":"127.0.0.1","level":"info","message":"Request completed","method":"GET","statusCode":200,"timestamp":"2025-12-19T19:54:38.589Z","url":"/summary","userAgent":"Mozilla/5.0 (Macintosh; Intel Mac OS X 10_15_7) AppleWebKit/537.36 (KHTML, like Gecko) Chrome/143.0.0.0 Safari/537.36"}
{"duration":"3ms","ip":"127.0.0.1","level":"info","message":"Request completed","method":"GET","statusCode":200,"timestamp":"2025-12-19T19:54:38.799Z","url":"/","userAgent":"Mozilla/5.0 (Macintosh; Intel Mac OS X 10_15_7) AppleWebKit/537.36 (KHTML, like Gecko) Chrome/143.0.0.0 Safari/537.36"}
{"duration":"1ms","ip":"127.0.0.1","level":"info","message":"Request completed","method":"GET","statusCode":200,"timestamp":"2025-12-19T19:54:38.799Z","url":"/summary","userAgent":"Mozilla/5.0 (Macintosh; Intel Mac OS X 10_15_7) AppleWebKit/537.36 (KHTML, like Gecko) Chrome/143.0.0.0 Safari/537.36"}
{"duration":"3ms","ip":"127.0.0.1","level":"info","message":"Request completed","method":"GET","statusCode":200,"timestamp":"2025-12-19T19:54:38.940Z","url":"/","userAgent":"Mozilla/5.0 (Macintosh; Intel Mac OS X 10_15_7) AppleWebKit/537.36 (KHTML, like Gecko) Chrome/143.0.0.0 Safari/537.36"}
{"duration":"2ms","ip":"127.0.0.1","level":"info","message":"Request completed","method":"GET","statusCode":200,"timestamp":"2025-12-19T19:54:38.941Z","url":"/summary","userAgent":"Mozilla/5.0 (Macintosh; Intel Mac OS X 10_15_7) AppleWebKit/537.36 (KHTML, like Gecko) Chrome/143.0.0.0 Safari/537.36"}
{"duration":"70ms","ip":"127.0.0.1","level":"info","message":"Request completed","method":"GET","statusCode":304,"timestamp":"2025-12-19T19:56:31.371Z","url":"/summary","userAgent":"Mozilla/5.0 (Macintosh; Intel Mac OS X 10_15_7) AppleWebKit/537.36 (KHTML, like Gecko) Chrome/143.0.0.0 Safari/537.36"}
{"duration":"79ms","ip":"127.0.0.1","level":"info","message":"Request completed","method":"GET","statusCode":304,"timestamp":"2025-12-19T19:56:31.372Z","url":"/","userAgent":"Mozilla/5.0 (Macintosh; Intel Mac OS X 10_15_7) AppleWebKit/537.36 (KHTML, like Gecko) Chrome/143.0.0.0 Safari/537.36"}
{"duration":"20ms","ip":"127.0.0.1","level":"info","message":"Request completed","method":"GET","statusCode":304,"timestamp":"2025-12-19T19:56:45.084Z","url":"/","userAgent":"Mozilla/5.0 (Macintosh; Intel Mac OS X 10_15_7) AppleWebKit/537.36 (KHTML, like Gecko) Chrome/143.0.0.0 Safari/537.36"}
{"duration":"25ms","ip":"127.0.0.1","level":"info","message":"Request completed","method":"GET","statusCode":304,"timestamp":"2025-12-19T19:56:45.086Z","url":"/summary","userAgent":"Mozilla/5.0 (Macintosh; Intel Mac OS X 10_15_7) AppleWebKit/537.36 (KHTML, like Gecko) Chrome/143.0.0.0 Safari/537.36"}
{"duration":"8ms","ip":"127.0.0.1","level":"info","message":"Request completed","method":"GET","statusCode":200,"timestamp":"2025-12-19T19:56:48.832Z","url":"/","userAgent":"Mozilla/5.0 (Macintosh; Intel Mac OS X 10_15_7) AppleWebKit/537.36 (KHTML, like Gecko) Chrome/143.0.0.0 Safari/537.36"}
{"duration":"7ms","ip":"127.0.0.1","level":"info","message":"Request completed","method":"GET","statusCode":200,"timestamp":"2025-12-19T19:56:48.833Z","url":"/summary","userAgent":"Mozilla/5.0 (Macintosh; Intel Mac OS X 10_15_7) AppleWebKit/537.36 (KHTML, like Gecko) Chrome/143.0.0.0 Safari/537.36"}
{"duration":"58ms","ip":"127.0.0.1","level":"info","message":"Request completed","method":"GET","statusCode":304,"timestamp":"2025-12-19T19:59:00.346Z","url":"/","userAgent":"Mozilla/5.0 (Macintosh; Intel Mac OS X 10_15_7) AppleWebKit/537.36 (KHTML, like Gecko) Chrome/143.0.0.0 Safari/537.36"}
{"duration":"53ms","ip":"127.0.0.1","level":"info","message":"Request completed","method":"GET","statusCode":304,"timestamp":"2025-12-19T19:59:00.348Z","url":"/summary","userAgent":"Mozilla/5.0 (Macintosh; Intel Mac OS X 10_15_7) AppleWebKit/537.36 (KHTML, like Gecko) Chrome/143.0.0.0 Safari/537.36"}
{"duration":"14ms","ip":"127.0.0.1","level":"info","message":"Request completed","method":"GET","statusCode":304,"timestamp":"2025-12-19T20:03:30.811Z","url":"/summary","userAgent":"Mozilla/5.0 (Macintosh; Intel Mac OS X 10_15_7) AppleWebKit/537.36 (KHTML, like Gecko) Chrome/143.0.0.0 Safari/537.36"}
{"duration":"20ms","ip":"127.0.0.1","level":"info","message":"Request completed","method":"GET","statusCode":304,"timestamp":"2025-12-19T20:03:30.812Z","url":"/","userAgent":"Mozilla/5.0 (Macintosh; Intel Mac OS X 10_15_7) AppleWebKit/537.36 (KHTML, like Gecko) Chrome/143.0.0.0 Safari/537.36"}
{"duration":"3ms","ip":"127.0.0.1","level":"info","message":"Request completed","method":"GET","statusCode":304,"timestamp":"2025-12-19T20:03:32.003Z","url":"/","userAgent":"Mozilla/5.0 (Macintosh; Intel Mac OS X 10_15_7) AppleWebKit/537.36 (KHTML, like Gecko) Chrome/143.0.0.0 Safari/537.36"}
{"duration":"4ms","ip":"127.0.0.1","level":"info","message":"Request completed","method":"GET","statusCode":304,"timestamp":"2025-12-19T20:03:32.005Z","url":"/summary","userAgent":"Mozilla/5.0 (Macintosh; Intel Mac OS X 10_15_7) AppleWebKit/537.36 (KHTML, like Gecko) Chrome/143.0.0.0 Safari/537.36"}
{"duration":"2ms","ip":"127.0.0.1","level":"info","message":"Request completed","method":"GET","statusCode":304,"timestamp":"2025-12-19T20:03:32.628Z","url":"/","userAgent":"Mozilla/5.0 (Macintosh; Intel Mac OS X 10_15_7) AppleWebKit/537.36 (KHTML, like Gecko) Chrome/143.0.0.0 Safari/537.36"}
{"duration":"3ms","ip":"127.0.0.1","level":"info","message":"Request completed","method":"GET","statusCode":304,"timestamp":"2025-12-19T20:03:32.630Z","url":"/summary","userAgent":"Mozilla/5.0 (Macintosh; Intel Mac OS X 10_15_7) AppleWebKit/537.36 (KHTML, like Gecko) Chrome/143.0.0.0 Safari/537.36"}
{"duration":"36ms","ip":"127.0.0.1","level":"info","message":"Request completed","method":"GET","statusCode":304,"timestamp":"2025-12-19T20:03:33.594Z","url":"/summary","userAgent":"Mozilla/5.0 (Macintosh; Intel Mac OS X 10_15_7) AppleWebKit/537.36 (KHTML, like Gecko) Chrome/143.0.0.0 Safari/537.36"}
{"duration":"38ms","ip":"127.0.0.1","level":"info","message":"Request completed","method":"GET","statusCode":304,"timestamp":"2025-12-19T20:03:33.595Z","url":"/","userAgent":"Mozilla/5.0 (Macintosh; Intel Mac OS X 10_15_7) AppleWebKit/537.36 (KHTML, like Gecko) Chrome/143.0.0.0 Safari/537.36"}
{"duration":"2ms","ip":"127.0.0.1","level":"info","message":"Request completed","method":"GET","statusCode":304,"timestamp":"2025-12-19T20:03:33.985Z","url":"/summary","userAgent":"Mozilla/5.0 (Macintosh; Intel Mac OS X 10_15_7) AppleWebKit/537.36 (KHTML, like Gecko) Chrome/143.0.0.0 Safari/537.36"}
{"duration":"1ms","ip":"127.0.0.1","level":"info","message":"Request completed","method":"GET","statusCode":304,"timestamp":"2025-12-19T20:03:33.985Z","url":"/","userAgent":"Mozilla/5.0 (Macintosh; Intel Mac OS X 10_15_7) AppleWebKit/537.36 (KHTML, like Gecko) Chrome/143.0.0.0 Safari/537.36"}
{"duration":"83ms","ip":"127.0.0.1","level":"info","message":"Request completed","method":"GET","statusCode":304,"timestamp":"2025-12-19T20:10:51.877Z","url":"/","userAgent":"Mozilla/5.0 (Macintosh; Intel Mac OS X 10_15_7) AppleWebKit/537.36 (KHTML, like Gecko) Chrome/143.0.0.0 Safari/537.36"}
{"duration":"68ms","ip":"127.0.0.1","level":"info","message":"Request completed","method":"GET","statusCode":304,"timestamp":"2025-12-19T20:10:51.879Z","url":"/summary","userAgent":"Mozilla/5.0 (Macintosh; Intel Mac OS X 10_15_7) AppleWebKit/537.36 (KHTML, like Gecko) Chrome/143.0.0.0 Safari/537.36"}
{"duration":"3ms","ip":"127.0.0.1","level":"info","message":"Request completed","method":"GET","statusCode":304,"timestamp":"2025-12-19T20:10:56.636Z","url":"/","userAgent":"Mozilla/5.0 (Macintosh; Intel Mac OS X 10_15_7) AppleWebKit/537.36 (KHTML, like Gecko) Chrome/143.0.0.0 Safari/537.36"}
{"duration":"3ms","ip":"127.0.0.1","level":"info","message":"Request completed","method":"GET","statusCode":304,"timestamp":"2025-12-19T20:10:56.637Z","url":"/summary","userAgent":"Mozilla/5.0 (Macintosh; Intel Mac OS X 10_15_7) AppleWebKit/537.36 (KHTML, like Gecko) Chrome/143.0.0.0 Safari/537.36"}
{"duration":"194ms","ip":"127.0.0.1","level":"info","message":"Request completed","method":"GET","statusCode":304,"timestamp":"2025-12-19T20:13:41.319Z","url":"/","userAgent":"Mozilla/5.0 (Macintosh; Intel Mac OS X 10_15_7) AppleWebKit/537.36 (KHTML, like Gecko) Chrome/143.0.0.0 Safari/537.36"}
{"duration":"191ms","ip":"127.0.0.1","level":"info","message":"Request completed","method":"GET","statusCode":304,"timestamp":"2025-12-19T20:13:41.321Z","url":"/summary","userAgent":"Mozilla/5.0 (Macintosh; Intel Mac OS X 10_15_7) AppleWebKit/537.36 (KHTML, like Gecko) Chrome/143.0.0.0 Safari/537.36"}
{"duration":"15ms","ip":"127.0.0.1","level":"info","message":"Request completed","method":"GET","statusCode":304,"timestamp":"2025-12-19T20:14:05.766Z","url":"/summary","userAgent":"Mozilla/5.0 (Macintosh; Intel Mac OS X 10_15_7) AppleWebKit/537.36 (KHTML, like Gecko) Chrome/143.0.0.0 Safari/537.36"}
{"duration":"25ms","ip":"127.0.0.1","level":"info","message":"Request completed","method":"GET","statusCode":304,"timestamp":"2025-12-19T20:14:05.767Z","url":"/","userAgent":"Mozilla/5.0 (Macintosh; Intel Mac OS X 10_15_7) AppleWebKit/537.36 (KHTML, like Gecko) Chrome/143.0.0.0 Safari/537.36"}
{"duration":"142ms","ip":"127.0.0.1","level":"info","message":"Request completed","method":"GET","statusCode":304,"timestamp":"2025-12-19T20:15:12.534Z","url":"/summary","userAgent":"Mozilla/5.0 (Macintosh; Intel Mac OS X 10_15_7) AppleWebKit/537.36 (KHTML, like Gecko) Chrome/143.0.0.0 Safari/537.36"}
{"duration":"154ms","ip":"127.0.0.1","level":"info","message":"Request completed","method":"GET","statusCode":304,"timestamp":"2025-12-19T20:15:12.535Z","url":"/","userAgent":"Mozilla/5.0 (Macintosh; Intel Mac OS X 10_15_7) AppleWebKit/537.36 (KHTML, like Gecko) Chrome/143.0.0.0 Safari/537.36"}
{"duration":"7ms","ip":"127.0.0.1","level":"info","message":"Request completed","method":"GET","statusCode":304,"timestamp":"2025-12-19T20:15:21.171Z","url":"/","userAgent":"Mozilla/5.0 (Macintosh; Intel Mac OS X 10_15_7) AppleWebKit/537.36 (KHTML, like Gecko) Chrome/143.0.0.0 Safari/537.36"}
{"duration":"7ms","ip":"127.0.0.1","level":"info","message":"Request completed","method":"GET","statusCode":304,"timestamp":"2025-12-19T20:15:21.172Z","url":"/summary","userAgent":"Mozilla/5.0 (Macintosh; Intel Mac OS X 10_15_7) AppleWebKit/537.36 (KHTML, like Gecko) Chrome/143.0.0.0 Safari/537.36"}
{"duration":"17ms","ip":"127.0.0.1","level":"info","message":"Request completed","method":"GET","statusCode":304,"timestamp":"2025-12-19T20:15:34.187Z","url":"/summary","userAgent":"Mozilla/5.0 (Macintosh; Intel Mac OS X 10_15_7) AppleWebKit/537.36 (KHTML, like Gecko) Chrome/143.0.0.0 Safari/537.36"}
{"duration":"22ms","ip":"127.0.0.1","level":"info","message":"Request completed","method":"GET","statusCode":304,"timestamp":"2025-12-19T20:15:34.188Z","url":"/","userAgent":"Mozilla/5.0 (Macintosh; Intel Mac OS X 10_15_7) AppleWebKit/537.36 (KHTML, like Gecko) Chrome/143.0.0.0 Safari/537.36"}
{"duration":"2ms","ip":"127.0.0.1","level":"info","message":"Request completed","method":"GET","statusCode":304,"timestamp":"2025-12-19T20:15:35.094Z","url":"/","userAgent":"Mozilla/5.0 (Macintosh; Intel Mac OS X 10_15_7) AppleWebKit/537.36 (KHTML, like Gecko) Chrome/143.0.0.0 Safari/537.36"}
{"duration":"2ms","ip":"127.0.0.1","level":"info","message":"Request completed","method":"GET","statusCode":304,"timestamp":"2025-12-19T20:15:35.095Z","url":"/summary","userAgent":"Mozilla/5.0 (Macintosh; Intel Mac OS X 10_15_7) AppleWebKit/537.36 (KHTML, like Gecko) Chrome/143.0.0.0 Safari/537.36"}
{"duration":"3ms","ip":"127.0.0.1","level":"info","message":"Request completed","method":"GET","statusCode":304,"timestamp":"2025-12-19T20:15:35.359Z","url":"/","userAgent":"Mozilla/5.0 (Macintosh; Intel Mac OS X 10_15_7) AppleWebKit/537.36 (KHTML, like Gecko) Chrome/143.0.0.0 Safari/537.36"}
{"duration":"2ms","ip":"127.0.0.1","level":"info","message":"Request completed","method":"GET","statusCode":304,"timestamp":"2025-12-19T20:15:35.359Z","url":"/summary","userAgent":"Mozilla/5.0 (Macintosh; Intel Mac OS X 10_15_7) AppleWebKit/537.36 (KHTML, like Gecko) Chrome/143.0.0.0 Safari/537.36"}
{"duration":"46ms","ip":"127.0.0.1","level":"info","message":"Request completed","method":"GET","statusCode":304,"timestamp":"2025-12-19T20:16:34.311Z","url":"/","userAgent":"Mozilla/5.0 (Macintosh; Intel Mac OS X 10_15_7) AppleWebKit/537.36 (KHTML, like Gecko) Chrome/143.0.0.0 Safari/537.36"}
{"duration":"42ms","ip":"127.0.0.1","level":"info","message":"Request completed","method":"GET","statusCode":304,"timestamp":"2025-12-19T20:16:34.315Z","url":"/summary","userAgent":"Mozilla/5.0 (Macintosh; Intel Mac OS X 10_15_7) AppleWebKit/537.36 (KHTML, like Gecko) Chrome/143.0.0.0 Safari/537.36"}
{"duration":"31ms","ip":"127.0.0.1","level":"info","message":"Request completed","method":"GET","statusCode":304,"timestamp":"2025-12-19T20:18:27.550Z","url":"/","userAgent":"Mozilla/5.0 (Macintosh; Intel Mac OS X 10_15_7) AppleWebKit/537.36 (KHTML, like Gecko) Chrome/143.0.0.0 Safari/537.36"}
{"duration":"28ms","ip":"127.0.0.1","level":"info","message":"Request completed","method":"GET","statusCode":304,"timestamp":"2025-12-19T20:18:27.550Z","url":"/summary","userAgent":"Mozilla/5.0 (Macintosh; Intel Mac OS X 10_15_7) AppleWebKit/537.36 (KHTML, like Gecko) Chrome/143.0.0.0 Safari/537.36"}
{"duration":"3ms","ip":"127.0.0.1","level":"info","message":"Request completed","method":"GET","statusCode":304,"timestamp":"2025-12-19T20:18:28.349Z","url":"/","userAgent":"Mozilla/5.0 (Macintosh; Intel Mac OS X 10_15_7) AppleWebKit/537.36 (KHTML, like Gecko) Chrome/143.0.0.0 Safari/537.36"}
{"duration":"5ms","ip":"127.0.0.1","level":"info","message":"Request completed","method":"GET","statusCode":304,"timestamp":"2025-12-19T20:18:28.350Z","url":"/summary","userAgent":"Mozilla/5.0 (Macintosh; Intel Mac OS X 10_15_7) AppleWebKit/537.36 (KHTML, like Gecko) Chrome/143.0.0.0 Safari/537.36"}
{"error":"User not found","ip":"127.0.0.1","level":"error","message":"Error occurred:","method":"POST","stack":"Error: User not found\n    at new NotFoundError (/Users/pedrodivino/Dev/home_finances/backend/src/core/errors/app-error.ts:39:5)\n    at AccountService.createAccount (/Users/pedrodivino/Dev/home_finances/backend/src/domain/services/account.service.ts:58:13)\n    at process.processTicksAndRejections (node:internal/process/task_queues:105:5)\n    at async createAccount (/Users/pedrodivino/Dev/home_finances/backend/src/api/controllers/account.controller.ts:60:23)","timestamp":"2025-12-19T20:19:18.256Z","url":"/api/accounts","userAgent":"Mozilla/5.0 (Macintosh; Intel Mac OS X 10_15_7) AppleWebKit/537.36 (KHTML, like Gecko) Chrome/143.0.0.0 Safari/537.36"}
{"duration":"29ms","ip":"127.0.0.1","level":"info","message":"Request completed","method":"POST","statusCode":404,"timestamp":"2025-12-19T20:19:18.257Z","url":"/api/accounts","userAgent":"Mozilla/5.0 (Macintosh; Intel Mac OS X 10_15_7) AppleWebKit/537.36 (KHTML, like Gecko) Chrome/143.0.0.0 Safari/537.36"}
{"error":"User not found","ip":"127.0.0.1","level":"error","message":"Error occurred:","method":"POST","stack":"Error: User not found\n    at new NotFoundError (/Users/pedrodivino/Dev/home_finances/backend/src/core/errors/app-error.ts:39:5)\n    at AccountService.createAccount (/Users/pedrodivino/Dev/home_finances/backend/src/domain/services/account.service.ts:58:13)\n    at process.processTicksAndRejections (node:internal/process/task_queues:105:5)\n    at async createAccount (/Users/pedrodivino/Dev/home_finances/backend/src/api/controllers/account.controller.ts:60:23)","timestamp":"2025-12-19T20:19:20.864Z","url":"/api/accounts","userAgent":"Mozilla/5.0 (Macintosh; Intel Mac OS X 10_15_7) AppleWebKit/537.36 (KHTML, like Gecko) Chrome/143.0.0.0 Safari/537.36"}
{"duration":"9ms","ip":"127.0.0.1","level":"info","message":"Request completed","method":"POST","statusCode":404,"timestamp":"2025-12-19T20:19:20.865Z","url":"/api/accounts","userAgent":"Mozilla/5.0 (Macintosh; Intel Mac OS X 10_15_7) AppleWebKit/537.36 (KHTML, like Gecko) Chrome/143.0.0.0 Safari/537.36"}
{"error":"User not found","ip":"127.0.0.1","level":"error","message":"Error occurred:","method":"POST","stack":"Error: User not found\n    at new NotFoundError (/Users/pedrodivino/Dev/home_finances/backend/src/core/errors/app-error.ts:39:5)\n    at AccountService.createAccount (/Users/pedrodivino/Dev/home_finances/backend/src/domain/services/account.service.ts:58:13)\n    at process.processTicksAndRejections (node:internal/process/task_queues:105:5)\n    at async createAccount (/Users/pedrodivino/Dev/home_finances/backend/src/api/controllers/account.controller.ts:60:23)","timestamp":"2025-12-19T20:19:21.573Z","url":"/api/accounts","userAgent":"Mozilla/5.0 (Macintosh; Intel Mac OS X 10_15_7) AppleWebKit/537.36 (KHTML, like Gecko) Chrome/143.0.0.0 Safari/537.36"}
{"duration":"4ms","ip":"127.0.0.1","level":"info","message":"Request completed","method":"POST","statusCode":404,"timestamp":"2025-12-19T20:19:21.574Z","url":"/api/accounts","userAgent":"Mozilla/5.0 (Macintosh; Intel Mac OS X 10_15_7) AppleWebKit/537.36 (KHTML, like Gecko) Chrome/143.0.0.0 Safari/537.36"}
{"error":"User not found","ip":"127.0.0.1","level":"error","message":"Error occurred:","method":"POST","stack":"Error: User not found\n    at new NotFoundError (/Users/pedrodivino/Dev/home_finances/backend/src/core/errors/app-error.ts:39:5)\n    at AccountService.createAccount (/Users/pedrodivino/Dev/home_finances/backend/src/domain/services/account.service.ts:58:13)\n    at process.processTicksAndRejections (node:internal/process/task_queues:105:5)\n    at async createAccount (/Users/pedrodivino/Dev/home_finances/backend/src/api/controllers/account.controller.ts:60:23)","timestamp":"2025-12-19T20:20:09.248Z","url":"/api/accounts","userAgent":"Mozilla/5.0 (Macintosh; Intel Mac OS X 10_15_7) AppleWebKit/537.36 (KHTML, like Gecko) Chrome/143.0.0.0 Safari/537.36"}
{"duration":"32ms","ip":"127.0.0.1","level":"info","message":"Request completed","method":"POST","statusCode":404,"timestamp":"2025-12-19T20:20:09.248Z","url":"/api/accounts","userAgent":"Mozilla/5.0 (Macintosh; Intel Mac OS X 10_15_7) AppleWebKit/537.36 (KHTML, like Gecko) Chrome/143.0.0.0 Safari/537.36"}
{"error":"User not found","ip":"127.0.0.1","level":"error","message":"Error occurred:","method":"POST","stack":"Error: User not found\n    at new NotFoundError (/Users/pedrodivino/Dev/home_finances/backend/src/core/errors/app-error.ts:39:5)\n    at AccountService.createAccount (/Users/pedrodivino/Dev/home_finances/backend/src/domain/services/account.service.ts:58:13)\n    at process.processTicksAndRejections (node:internal/process/task_queues:105:5)\n    at async createAccount (/Users/pedrodivino/Dev/home_finances/backend/src/api/controllers/account.controller.ts:60:23)","timestamp":"2025-12-19T20:20:09.560Z","url":"/api/accounts","userAgent":"Mozilla/5.0 (Macintosh; Intel Mac OS X 10_15_7) AppleWebKit/537.36 (KHTML, like Gecko) Chrome/143.0.0.0 Safari/537.36"}
{"duration":"8ms","ip":"127.0.0.1","level":"info","message":"Request completed","method":"POST","statusCode":404,"timestamp":"2025-12-19T20:20:09.561Z","url":"/api/accounts","userAgent":"Mozilla/5.0 (Macintosh; Intel Mac OS X 10_15_7) AppleWebKit/537.36 (KHTML, like Gecko) Chrome/143.0.0.0 Safari/537.36"}
{"error":"User not found","ip":"127.0.0.1","level":"error","message":"Error occurred:","method":"POST","stack":"Error: User not found\n    at new NotFoundError (/Users/pedrodivino/Dev/home_finances/backend/src/core/errors/app-error.ts:39:5)\n    at AccountService.createAccount (/Users/pedrodivino/Dev/home_finances/backend/src/domain/services/account.service.ts:58:13)\n    at process.processTicksAndRejections (node:internal/process/task_queues:105:5)\n    at async createAccount (/Users/pedrodivino/Dev/home_finances/backend/src/api/controllers/account.controller.ts:60:23)","timestamp":"2025-12-19T20:20:09.884Z","url":"/api/accounts","userAgent":"Mozilla/5.0 (Macintosh; Intel Mac OS X 10_15_7) AppleWebKit/537.36 (KHTML, like Gecko) Chrome/143.0.0.0 Safari/537.36"}
{"duration":"3ms","ip":"127.0.0.1","level":"info","message":"Request completed","method":"POST","statusCode":404,"timestamp":"2025-12-19T20:20:09.885Z","url":"/api/accounts","userAgent":"Mozilla/5.0 (Macintosh; Intel Mac OS X 10_15_7) AppleWebKit/537.36 (KHTML, like Gecko) Chrome/143.0.0.0 Safari/537.36"}
{"duration":"26ms","ip":"127.0.0.1","level":"info","message":"Request completed","method":"GET","statusCode":304,"timestamp":"2025-12-19T20:22:58.306Z","url":"/summary","userAgent":"Mozilla/5.0 (Macintosh; Intel Mac OS X 10_15_7) AppleWebKit/537.36 (KHTML, like Gecko) Chrome/143.0.0.0 Safari/537.36"}
{"duration":"33ms","ip":"127.0.0.1","level":"info","message":"Request completed","method":"GET","statusCode":304,"timestamp":"2025-12-19T20:22:58.307Z","url":"/","userAgent":"Mozilla/5.0 (Macintosh; Intel Mac OS X 10_15_7) AppleWebKit/537.36 (KHTML, like Gecko) Chrome/143.0.0.0 Safari/537.36"}
{"duration":"18ms","ip":"127.0.0.1","level":"info","message":"Request completed","method":"GET","statusCode":304,"timestamp":"2025-12-19T20:25:31.496Z","url":"/summary","userAgent":"Mozilla/5.0 (Macintosh; Intel Mac OS X 10_15_7) AppleWebKit/537.36 (KHTML, like Gecko) Chrome/143.0.0.0 Safari/537.36"}
{"duration":"23ms","ip":"127.0.0.1","level":"info","message":"Request completed","method":"GET","statusCode":304,"timestamp":"2025-12-19T20:25:31.497Z","url":"/","userAgent":"Mozilla/5.0 (Macintosh; Intel Mac OS X 10_15_7) AppleWebKit/537.36 (KHTML, like Gecko) Chrome/143.0.0.0 Safari/537.36"}
{"duration":"3ms","ip":"127.0.0.1","level":"info","message":"Request completed","method":"GET","statusCode":304,"timestamp":"2025-12-19T20:25:32.480Z","url":"/summary","userAgent":"Mozilla/5.0 (Macintosh; Intel Mac OS X 10_15_7) AppleWebKit/537.36 (KHTML, like Gecko) Chrome/143.0.0.0 Safari/537.36"}
{"duration":"3ms","ip":"127.0.0.1","level":"info","message":"Request completed","method":"GET","statusCode":304,"timestamp":"2025-12-19T20:25:32.480Z","url":"/","userAgent":"Mozilla/5.0 (Macintosh; Intel Mac OS X 10_15_7) AppleWebKit/537.36 (KHTML, like Gecko) Chrome/143.0.0.0 Safari/537.36"}
{"duration":"7ms","ip":"127.0.0.1","level":"info","message":"Request completed","method":"GET","statusCode":304,"timestamp":"2025-12-19T20:25:41.062Z","url":"/","userAgent":"Mozilla/5.0 (Macintosh; Intel Mac OS X 10_15_7) AppleWebKit/537.36 (KHTML, like Gecko) Chrome/143.0.0.0 Safari/537.36"}
{"duration":"3ms","ip":"127.0.0.1","level":"info","message":"Request completed","method":"GET","statusCode":304,"timestamp":"2025-12-19T20:25:41.063Z","url":"/summary","userAgent":"Mozilla/5.0 (Macintosh; Intel Mac OS X 10_15_7) AppleWebKit/537.36 (KHTML, like Gecko) Chrome/143.0.0.0 Safari/537.36"}
{"level":"info","message":"🚀 Server running on port 5001","timestamp":"2025-12-19T20:27:14.678Z"}
{"level":"info","message":"📊 Environment: development","timestamp":"2025-12-19T20:27:14.679Z"}
{"level":"info","message":"🔗 Frontend URL: http://localhost:3000","timestamp":"2025-12-19T20:27:14.679Z"}
{"level":"info","message":"Iniciando job de transações recorrentes","timestamp":"2025-12-19T20:27:14.679Z"}
{"level":"info","message":"Executando job de transações recorrentes","timestamp":"2025-12-19T20:27:14.679Z"}
{"level":"info","message":"Iniciando processamento de transações recorrentes","timestamp":"2025-12-19T20:27:14.679Z"}
{"level":"info","message":"Job agendado para executar a cada 24 horas","timestamp":"2025-12-19T20:27:14.680Z"}
{"level":"info","message":"⏰ Jobs iniciados","timestamp":"2025-12-19T20:27:14.680Z"}
{"level":"info","message":"Processamento concluído: 0 transações criadas","timestamp":"2025-12-19T20:27:14.739Z"}
{"level":"info","message":"Job de transações recorrentes concluído com sucesso","timestamp":"2025-12-19T20:27:14.739Z"}
{"duration":"26ms","ip":"127.0.0.1","level":"info","message":"Request completed","method":"GET","statusCode":304,"timestamp":"2025-12-19T20:27:15.873Z","url":"/summary","userAgent":"Mozilla/5.0 (Macintosh; Intel Mac OS X 10_15_7) AppleWebKit/537.36 (KHTML, like Gecko) Chrome/143.0.0.0 Safari/537.36"}
{"duration":"41ms","ip":"127.0.0.1","level":"info","message":"Request completed","method":"GET","statusCode":304,"timestamp":"2025-12-19T20:27:15.875Z","url":"/","userAgent":"Mozilla/5.0 (Macintosh; Intel Mac OS X 10_15_7) AppleWebKit/537.36 (KHTML, like Gecko) Chrome/143.0.0.0 Safari/537.36"}
{"duration":"336ms","ip":"127.0.0.1","level":"info","message":"Request completed","method":"GET","statusCode":304,"timestamp":"2025-12-19T20:29:07.724Z","url":"/summary","userAgent":"Mozilla/5.0 (Macintosh; Intel Mac OS X 10_15_7) AppleWebKit/537.36 (KHTML, like Gecko) Chrome/143.0.0.0 Safari/537.36"}
{"duration":"379ms","ip":"127.0.0.1","level":"info","message":"Request completed","method":"GET","statusCode":304,"timestamp":"2025-12-19T20:29:07.744Z","url":"/","userAgent":"Mozilla/5.0 (Macintosh; Intel Mac OS X 10_15_7) AppleWebKit/537.36 (KHTML, like Gecko) Chrome/143.0.0.0 Safari/537.36"}
{"duration":"36ms","ip":"127.0.0.1","level":"info","message":"Request completed","method":"GET","statusCode":304,"timestamp":"2025-12-19T20:31:00.759Z","url":"/","userAgent":"Mozilla/5.0 (Macintosh; Intel Mac OS X 10_15_7) AppleWebKit/537.36 (KHTML, like Gecko) Chrome/143.0.0.0 Safari/537.36"}
{"duration":"35ms","ip":"127.0.0.1","level":"info","message":"Request completed","method":"GET","statusCode":304,"timestamp":"2025-12-19T20:31:00.760Z","url":"/summary","userAgent":"Mozilla/5.0 (Macintosh; Intel Mac OS X 10_15_7) AppleWebKit/537.36 (KHTML, like Gecko) Chrome/143.0.0.0 Safari/537.36"}
{"duration":"3ms","ip":"127.0.0.1","level":"info","message":"Request completed","method":"GET","statusCode":304,"timestamp":"2025-12-19T20:31:01.860Z","url":"/","userAgent":"Mozilla/5.0 (Macintosh; Intel Mac OS X 10_15_7) AppleWebKit/537.36 (KHTML, like Gecko) Chrome/143.0.0.0 Safari/537.36"}
{"duration":"4ms","ip":"127.0.0.1","level":"info","message":"Request completed","method":"GET","statusCode":304,"timestamp":"2025-12-19T20:31:01.861Z","url":"/summary","userAgent":"Mozilla/5.0 (Macintosh; Intel Mac OS X 10_15_7) AppleWebKit/537.36 (KHTML, like Gecko) Chrome/143.0.0.0 Safari/537.36"}
{"duration":"10ms","ip":"127.0.0.1","level":"info","message":"Request completed","method":"GET","statusCode":200,"timestamp":"2025-12-19T20:31:07.315Z","url":"/","userAgent":"Mozilla/5.0 (Macintosh; Intel Mac OS X 10_15_7) AppleWebKit/537.36 (KHTML, like Gecko) Chrome/143.0.0.0 Safari/537.36"}
{"duration":"13ms","ip":"127.0.0.1","level":"info","message":"Request completed","method":"GET","statusCode":200,"timestamp":"2025-12-19T20:31:07.321Z","url":"/summary","userAgent":"Mozilla/5.0 (Macintosh; Intel Mac OS X 10_15_7) AppleWebKit/537.36 (KHTML, like Gecko) Chrome/143.0.0.0 Safari/537.36"}
{"duration":"61ms","ip":"127.0.0.1","level":"info","message":"Request completed","method":"GET","statusCode":304,"timestamp":"2025-12-19T20:39:12.183Z","url":"/","userAgent":"Mozilla/5.0 (Macintosh; Intel Mac OS X 10_15_7) AppleWebKit/537.36 (KHTML, like Gecko) Chrome/143.0.0.0 Safari/537.36"}
{"duration":"46ms","ip":"127.0.0.1","level":"info","message":"Request completed","method":"GET","statusCode":304,"timestamp":"2025-12-19T20:39:12.185Z","url":"/summary","userAgent":"Mozilla/5.0 (Macintosh; Intel Mac OS X 10_15_7) AppleWebKit/537.36 (KHTML, like Gecko) Chrome/143.0.0.0 Safari/537.36"}
{"duration":"5ms","ip":"127.0.0.1","level":"info","message":"Request completed","method":"GET","statusCode":304,"timestamp":"2025-12-19T20:39:15.207Z","url":"/","userAgent":"Mozilla/5.0 (Macintosh; Intel Mac OS X 10_15_7) AppleWebKit/537.36 (KHTML, like Gecko) Chrome/143.0.0.0 Safari/537.36"}
{"duration":"6ms","ip":"127.0.0.1","level":"info","message":"Request completed","method":"GET","statusCode":304,"timestamp":"2025-12-19T20:39:15.210Z","url":"/summary","userAgent":"Mozilla/5.0 (Macintosh; Intel Mac OS X 10_15_7) AppleWebKit/537.36 (KHTML, like Gecko) Chrome/143.0.0.0 Safari/537.36"}
{"duration":"53ms","ip":"127.0.0.1","level":"info","message":"Request completed","method":"GET","statusCode":304,"timestamp":"2025-12-19T20:54:32.945Z","url":"/summary","userAgent":"Mozilla/5.0 (Macintosh; Intel Mac OS X 10_15_7) AppleWebKit/537.36 (KHTML, like Gecko) Chrome/143.0.0.0 Safari/537.36"}
{"duration":"76ms","ip":"127.0.0.1","level":"info","message":"Request completed","method":"GET","statusCode":304,"timestamp":"2025-12-19T20:54:32.946Z","url":"/","userAgent":"Mozilla/5.0 (Macintosh; Intel Mac OS X 10_15_7) AppleWebKit/537.36 (KHTML, like Gecko) Chrome/143.0.0.0 Safari/537.36"}
{"duration":"4ms","ip":"127.0.0.1","level":"info","message":"Request completed","method":"GET","statusCode":304,"timestamp":"2025-12-19T20:54:36.055Z","url":"/","userAgent":"Mozilla/5.0 (Macintosh; Intel Mac OS X 10_15_7) AppleWebKit/537.36 (KHTML, like Gecko) Chrome/143.0.0.0 Safari/537.36"}
{"duration":"4ms","ip":"127.0.0.1","level":"info","message":"Request completed","method":"GET","statusCode":304,"timestamp":"2025-12-19T20:54:36.057Z","url":"/summary","userAgent":"Mozilla/5.0 (Macintosh; Intel Mac OS X 10_15_7) AppleWebKit/537.36 (KHTML, like Gecko) Chrome/143.0.0.0 Safari/537.36"}
{"duration":"27ms","ip":"127.0.0.1","level":"info","message":"Request completed","method":"GET","statusCode":200,"timestamp":"2025-12-19T20:54:50.554Z","url":"/summary","userAgent":"Mozilla/5.0 (Macintosh; Intel Mac OS X 10_15_7) AppleWebKit/537.36 (KHTML, like Gecko) Chrome/143.0.0.0 Safari/537.36"}
{"duration":"29ms","ip":"127.0.0.1","level":"info","message":"Request completed","method":"GET","statusCode":200,"timestamp":"2025-12-19T20:54:50.555Z","url":"/","userAgent":"Mozilla/5.0 (Macintosh; Intel Mac OS X 10_15_7) AppleWebKit/537.36 (KHTML, like Gecko) Chrome/143.0.0.0 Safari/537.36"}
{"duration":"2ms","ip":"127.0.0.1","level":"info","message":"Request completed","method":"GET","statusCode":200,"timestamp":"2025-12-19T20:54:50.805Z","url":"/","userAgent":"Mozilla/5.0 (Macintosh; Intel Mac OS X 10_15_7) AppleWebKit/537.36 (KHTML, like Gecko) Chrome/143.0.0.0 Safari/537.36"}
{"duration":"2ms","ip":"127.0.0.1","level":"info","message":"Request completed","method":"GET","statusCode":200,"timestamp":"2025-12-19T20:54:50.806Z","url":"/summary","userAgent":"Mozilla/5.0 (Macintosh; Intel Mac OS X 10_15_7) AppleWebKit/537.36 (KHTML, like Gecko) Chrome/143.0.0.0 Safari/537.36"}
{"duration":"2ms","ip":"127.0.0.1","level":"info","message":"Request completed","method":"GET","statusCode":200,"timestamp":"2025-12-19T20:54:51.094Z","url":"/","userAgent":"Mozilla/5.0 (Macintosh; Intel Mac OS X 10_15_7) AppleWebKit/537.36 (KHTML, like Gecko) Chrome/143.0.0.0 Safari/537.36"}
{"duration":"3ms","ip":"127.0.0.1","level":"info","message":"Request completed","method":"GET","statusCode":200,"timestamp":"2025-12-19T20:54:51.095Z","url":"/summary","userAgent":"Mozilla/5.0 (Macintosh; Intel Mac OS X 10_15_7) AppleWebKit/537.36 (KHTML, like Gecko) Chrome/143.0.0.0 Safari/537.36"}
{"duration":"4ms","ip":"127.0.0.1","level":"info","message":"Request completed","method":"GET","statusCode":200,"timestamp":"2025-12-19T20:54:51.371Z","url":"/","userAgent":"Mozilla/5.0 (Macintosh; Intel Mac OS X 10_15_7) AppleWebKit/537.36 (KHTML, like Gecko) Chrome/143.0.0.0 Safari/537.36"}
{"duration":"2ms","ip":"127.0.0.1","level":"info","message":"Request completed","method":"GET","statusCode":200,"timestamp":"2025-12-19T20:54:51.371Z","url":"/summary","userAgent":"Mozilla/5.0 (Macintosh; Intel Mac OS X 10_15_7) AppleWebKit/537.36 (KHTML, like Gecko) Chrome/143.0.0.0 Safari/537.36"}
{"duration":"3ms","ip":"127.0.0.1","level":"info","message":"Request completed","method":"GET","statusCode":200,"timestamp":"2025-12-19T20:54:51.610Z","url":"/","userAgent":"Mozilla/5.0 (Macintosh; Intel Mac OS X 10_15_7) AppleWebKit/537.36 (KHTML, like Gecko) Chrome/143.0.0.0 Safari/537.36"}
{"duration":"3ms","ip":"127.0.0.1","level":"info","message":"Request completed","method":"GET","statusCode":200,"timestamp":"2025-12-19T20:54:51.611Z","url":"/summary","userAgent":"Mozilla/5.0 (Macintosh; Intel Mac OS X 10_15_7) AppleWebKit/537.36 (KHTML, like Gecko) Chrome/143.0.0.0 Safari/537.36"}
{"duration":"2ms","ip":"127.0.0.1","level":"info","message":"Request completed","method":"GET","statusCode":200,"timestamp":"2025-12-19T20:54:51.778Z","url":"/","userAgent":"Mozilla/5.0 (Macintosh; Intel Mac OS X 10_15_7) AppleWebKit/537.36 (KHTML, like Gecko) Chrome/143.0.0.0 Safari/537.36"}
{"duration":"2ms","ip":"127.0.0.1","level":"info","message":"Request completed","method":"GET","statusCode":200,"timestamp":"2025-12-19T20:54:51.779Z","url":"/summary","userAgent":"Mozilla/5.0 (Macintosh; Intel Mac OS X 10_15_7) AppleWebKit/537.36 (KHTML, like Gecko) Chrome/143.0.0.0 Safari/537.36"}
{"duration":"39ms","ip":"127.0.0.1","level":"info","message":"Request completed","method":"GET","statusCode":304,"timestamp":"2025-12-19T20:55:20.748Z","url":"/me","userAgent":"Mozilla/5.0 (Macintosh; Intel Mac OS X 10_15_7) AppleWebKit/537.36 (KHTML, like Gecko) Chrome/143.0.0.0 Safari/537.36"}
{"duration":"38ms","ip":"127.0.0.1","level":"info","message":"Request completed","method":"GET","statusCode":304,"timestamp":"2025-12-19T20:55:20.753Z","url":"/","userAgent":"Mozilla/5.0 (Macintosh; Intel Mac OS X 10_15_7) AppleWebKit/537.36 (KHTML, like Gecko) Chrome/143.0.0.0 Safari/537.36"}
{"duration":"39ms","ip":"127.0.0.1","level":"info","message":"Request completed","method":"GET","statusCode":304,"timestamp":"2025-12-19T20:55:20.755Z","url":"/summary","userAgent":"Mozilla/5.0 (Macintosh; Intel Mac OS X 10_15_7) AppleWebKit/537.36 (KHTML, like Gecko) Chrome/143.0.0.0 Safari/537.36"}
{"duration":"28ms","ip":"127.0.0.1","level":"info","message":"Request completed","method":"GET","statusCode":200,"timestamp":"2025-12-19T20:57:18.165Z","url":"/summary","userAgent":"Mozilla/5.0 (Macintosh; Intel Mac OS X 10_15_7) AppleWebKit/537.36 (KHTML, like Gecko) Chrome/143.0.0.0 Safari/537.36"}
{"duration":"20ms","ip":"127.0.0.1","level":"info","message":"Request completed","method":"GET","statusCode":200,"timestamp":"2025-12-19T20:57:18.165Z","url":"/","userAgent":"Mozilla/5.0 (Macintosh; Intel Mac OS X 10_15_7) AppleWebKit/537.36 (KHTML, like Gecko) Chrome/143.0.0.0 Safari/537.36"}
{"duration":"54ms","ip":"127.0.0.1","level":"info","message":"Request completed","method":"GET","statusCode":304,"timestamp":"2025-12-19T21:02:23.368Z","url":"/","userAgent":"Mozilla/5.0 (Macintosh; Intel Mac OS X 10_15_7) AppleWebKit/537.36 (KHTML, like Gecko) Chrome/143.0.0.0 Safari/537.36"}
{"duration":"119ms","ip":"127.0.0.1","level":"info","message":"Request completed","method":"GET","statusCode":304,"timestamp":"2025-12-19T21:10:35.726Z","url":"/","userAgent":"Mozilla/5.0 (Macintosh; Intel Mac OS X 10_15_7) AppleWebKit/537.36 (KHTML, like Gecko) Chrome/143.0.0.0 Safari/537.36"}
{"duration":"59ms","ip":"127.0.0.1","level":"info","message":"Request completed","method":"GET","statusCode":304,"timestamp":"2025-12-19T21:12:43.584Z","url":"/summary","userAgent":"Mozilla/5.0 (Macintosh; Intel Mac OS X 10_15_7) AppleWebKit/537.36 (KHTML, like Gecko) Chrome/143.0.0.0 Safari/537.36"}
{"duration":"80ms","ip":"127.0.0.1","level":"info","message":"Request completed","method":"GET","statusCode":200,"timestamp":"2025-12-19T21:12:43.584Z","url":"/","userAgent":"Mozilla/5.0 (Macintosh; Intel Mac OS X 10_15_7) AppleWebKit/537.36 (KHTML, like Gecko) Chrome/143.0.0.0 Safari/537.36"}
{"duration":"87ms","ip":"127.0.0.1","level":"info","message":"Request completed","method":"GET","statusCode":304,"timestamp":"2025-12-19T21:15:38.300Z","url":"/me","userAgent":"Mozilla/5.0 (Macintosh; Intel Mac OS X 10_15_7) AppleWebKit/537.36 (KHTML, like Gecko) Chrome/143.0.0.0 Safari/537.36"}
{"duration":"78ms","ip":"127.0.0.1","level":"info","message":"Request completed","method":"GET","statusCode":304,"timestamp":"2025-12-19T21:15:38.308Z","url":"/summary","userAgent":"Mozilla/5.0 (Macintosh; Intel Mac OS X 10_15_7) AppleWebKit/537.36 (KHTML, like Gecko) Chrome/143.0.0.0 Safari/537.36"}
{"duration":"81ms","ip":"127.0.0.1","level":"info","message":"Request completed","method":"GET","statusCode":304,"timestamp":"2025-12-19T21:15:38.315Z","url":"/","userAgent":"Mozilla/5.0 (Macintosh; Intel Mac OS X 10_15_7) AppleWebKit/537.36 (KHTML, like Gecko) Chrome/143.0.0.0 Safari/537.36"}
{"duration":"100ms","ip":"127.0.0.1","level":"info","message":"Request completed","method":"GET","statusCode":304,"timestamp":"2025-12-19T21:15:38.339Z","url":"/summary","userAgent":"Mozilla/5.0 (Macintosh; Intel Mac OS X 10_15_7) AppleWebKit/537.36 (KHTML, like Gecko) Chrome/143.0.0.0 Safari/537.36"}
{"duration":"4ms","ip":"127.0.0.1","level":"info","message":"Request completed","method":"GET","statusCode":304,"timestamp":"2025-12-19T21:15:40.947Z","url":"/","userAgent":"Mozilla/5.0 (Macintosh; Intel Mac OS X 10_15_7) AppleWebKit/537.36 (KHTML, like Gecko) Chrome/143.0.0.0 Safari/537.36"}
{"duration":"76ms","ip":"127.0.0.1","level":"info","message":"Request completed","method":"GET","statusCode":304,"timestamp":"2025-12-19T21:18:19.848Z","url":"/","userAgent":"Mozilla/5.0 (Macintosh; Intel Mac OS X 10_15_7) AppleWebKit/537.36 (KHTML, like Gecko) Chrome/143.0.0.0 Safari/537.36"}
{"duration":"68ms","ip":"127.0.0.1","level":"info","message":"Request completed","method":"GET","statusCode":304,"timestamp":"2025-12-19T21:18:19.849Z","url":"/summary","userAgent":"Mozilla/5.0 (Macintosh; Intel Mac OS X 10_15_7) AppleWebKit/537.36 (KHTML, like Gecko) Chrome/143.0.0.0 Safari/537.36"}
{"duration":"91ms","ip":"127.0.0.1","level":"info","message":"Request completed","method":"GET","statusCode":304,"timestamp":"2025-12-19T21:23:53.203Z","url":"/summary","userAgent":"Mozilla/5.0 (Macintosh; Intel Mac OS X 10_15_7) AppleWebKit/537.36 (KHTML, like Gecko) Chrome/143.0.0.0 Safari/537.36"}
{"duration":"102ms","ip":"127.0.0.1","level":"info","message":"Request completed","method":"GET","statusCode":304,"timestamp":"2025-12-19T21:23:53.204Z","url":"/","userAgent":"Mozilla/5.0 (Macintosh; Intel Mac OS X 10_15_7) AppleWebKit/537.36 (KHTML, like Gecko) Chrome/143.0.0.0 Safari/537.36"}
{"duration":"6ms","ip":"127.0.0.1","level":"info","message":"Request completed","method":"GET","statusCode":304,"timestamp":"2025-12-19T21:23:55.732Z","url":"/","userAgent":"Mozilla/5.0 (Macintosh; Intel Mac OS X 10_15_7) AppleWebKit/537.36 (KHTML, like Gecko) Chrome/143.0.0.0 Safari/537.36"}
{"duration":"5ms","ip":"127.0.0.1","level":"info","message":"Request completed","method":"GET","statusCode":304,"timestamp":"2025-12-19T21:23:55.733Z","url":"/summary","userAgent":"Mozilla/5.0 (Macintosh; Intel Mac OS X 10_15_7) AppleWebKit/537.36 (KHTML, like Gecko) Chrome/143.0.0.0 Safari/537.36"}
{"duration":"76ms","ip":"127.0.0.1","level":"info","message":"Request completed","method":"GET","statusCode":304,"timestamp":"2025-12-19T21:26:40.668Z","url":"/","userAgent":"Mozilla/5.0 (Macintosh; Intel Mac OS X 10_15_7) AppleWebKit/537.36 (KHTML, like Gecko) Chrome/143.0.0.0 Safari/537.36"}
{"duration":"75ms","ip":"127.0.0.1","level":"info","message":"Request completed","method":"GET","statusCode":200,"timestamp":"2025-12-19T21:26:40.669Z","url":"/summary","userAgent":"Mozilla/5.0 (Macintosh; Intel Mac OS X 10_15_7) AppleWebKit/537.36 (KHTML, like Gecko) Chrome/143.0.0.0 Safari/537.36"}
{"duration":"88ms","ip":"127.0.0.1","level":"info","message":"Request completed","method":"GET","statusCode":200,"timestamp":"2025-12-19T21:26:40.669Z","url":"/","userAgent":"Mozilla/5.0 (Macintosh; Intel Mac OS X 10_15_7) AppleWebKit/537.36 (KHTML, like Gecko) Chrome/143.0.0.0 Safari/537.36"}
{"duration":"45ms","ip":"127.0.0.1","level":"info","message":"Request completed","method":"GET","statusCode":200,"timestamp":"2025-12-19T21:28:54.037Z","url":"/summary","userAgent":"Mozilla/5.0 (Macintosh; Intel Mac OS X 10_15_7) AppleWebKit/537.36 (KHTML, like Gecko) Chrome/143.0.0.0 Safari/537.36"}
{"duration":"49ms","ip":"127.0.0.1","level":"info","message":"Request completed","method":"GET","statusCode":200,"timestamp":"2025-12-19T21:28:54.038Z","url":"/","userAgent":"Mozilla/5.0 (Macintosh; Intel Mac OS X 10_15_7) AppleWebKit/537.36 (KHTML, like Gecko) Chrome/143.0.0.0 Safari/537.36"}
{"duration":"104ms","ip":"127.0.0.1","level":"info","message":"Request completed","method":"GET","statusCode":304,"timestamp":"2025-12-19T22:08:49.315Z","url":"/","userAgent":"Mozilla/5.0 (Macintosh; Intel Mac OS X 10_15_7) AppleWebKit/537.36 (KHTML, like Gecko) Chrome/143.0.0.0 Safari/537.36"}
{"duration":"124ms","ip":"127.0.0.1","level":"info","message":"Request completed","method":"GET","statusCode":304,"timestamp":"2025-12-19T22:08:49.317Z","url":"/","userAgent":"Mozilla/5.0 (Macintosh; Intel Mac OS X 10_15_7) AppleWebKit/537.36 (KHTML, like Gecko) Chrome/143.0.0.0 Safari/537.36"}
{"duration":"106ms","ip":"127.0.0.1","level":"info","message":"Request completed","method":"GET","statusCode":304,"timestamp":"2025-12-19T22:08:49.318Z","url":"/","userAgent":"Mozilla/5.0 (Macintosh; Intel Mac OS X 10_15_7) AppleWebKit/537.36 (KHTML, like Gecko) Chrome/143.0.0.0 Safari/537.36"}
{"duration":"72ms","ip":"127.0.0.1","level":"info","message":"Request completed","method":"GET","statusCode":304,"timestamp":"2025-12-19T22:20:05.325Z","url":"/","userAgent":"Mozilla/5.0 (Macintosh; Intel Mac OS X 10_15_7) AppleWebKit/537.36 (KHTML, like Gecko) Chrome/143.0.0.0 Safari/537.36"}
{"duration":"58ms","ip":"127.0.0.1","level":"info","message":"Request completed","method":"GET","statusCode":304,"timestamp":"2025-12-19T22:20:05.326Z","url":"/","userAgent":"Mozilla/5.0 (Macintosh; Intel Mac OS X 10_15_7) AppleWebKit/537.36 (KHTML, like Gecko) Chrome/143.0.0.0 Safari/537.36"}
{"duration":"58ms","ip":"127.0.0.1","level":"info","message":"Request completed","method":"GET","statusCode":304,"timestamp":"2025-12-19T22:20:05.326Z","url":"/","userAgent":"Mozilla/5.0 (Macintosh; Intel Mac OS X 10_15_7) AppleWebKit/537.36 (KHTML, like Gecko) Chrome/143.0.0.0 Safari/537.36"}
{"duration":"94ms","ip":"127.0.0.1","level":"info","message":"Request completed","method":"GET","statusCode":304,"timestamp":"2025-12-19T22:20:09.708Z","url":"/","userAgent":"Mozilla/5.0 (Macintosh; Intel Mac OS X 10_15_7) AppleWebKit/537.36 (KHTML, like Gecko) Chrome/143.0.0.0 Safari/537.36"}
{"duration":"85ms","ip":"127.0.0.1","level":"info","message":"Request completed","method":"GET","statusCode":304,"timestamp":"2025-12-19T22:20:09.710Z","url":"/","userAgent":"Mozilla/5.0 (Macintosh; Intel Mac OS X 10_15_7) AppleWebKit/537.36 (KHTML, like Gecko) Chrome/143.0.0.0 Safari/537.36"}
{"duration":"87ms","ip":"127.0.0.1","level":"info","message":"Request completed","method":"GET","statusCode":304,"timestamp":"2025-12-19T22:20:09.711Z","url":"/","userAgent":"Mozilla/5.0 (Macintosh; Intel Mac OS X 10_15_7) AppleWebKit/537.36 (KHTML, like Gecko) Chrome/143.0.0.0 Safari/537.36"}
{"duration":"354ms","ip":"127.0.0.1","level":"info","message":"Request completed","method":"GET","statusCode":304,"timestamp":"2025-12-20T05:26:31.372Z","url":"/","userAgent":"Mozilla/5.0 (Macintosh; Intel Mac OS X 10_15_7) AppleWebKit/537.36 (KHTML, like Gecko) Chrome/143.0.0.0 Safari/537.36"}
{"duration":"333ms","ip":"127.0.0.1","level":"info","message":"Request completed","method":"GET","statusCode":304,"timestamp":"2025-12-20T05:26:31.374Z","url":"/","userAgent":"Mozilla/5.0 (Macintosh; Intel Mac OS X 10_15_7) AppleWebKit/537.36 (KHTML, like Gecko) Chrome/143.0.0.0 Safari/537.36"}
{"duration":"328ms","ip":"127.0.0.1","level":"info","message":"Request completed","method":"GET","statusCode":304,"timestamp":"2025-12-20T05:26:31.375Z","url":"/","userAgent":"Mozilla/5.0 (Macintosh; Intel Mac OS X 10_15_7) AppleWebKit/537.36 (KHTML, like Gecko) Chrome/143.0.0.0 Safari/537.36"}
{"duration":"84ms","ip":"127.0.0.1","level":"info","message":"Request completed","method":"GET","statusCode":304,"timestamp":"2025-12-20T05:31:59.841Z","url":"/","userAgent":"Mozilla/5.0 (Macintosh; Intel Mac OS X 10_15_7) AppleWebKit/537.36 (KHTML, like Gecko) Chrome/143.0.0.0 Safari/537.36"}
{"duration":"84ms","ip":"127.0.0.1","level":"info","message":"Request completed","method":"GET","statusCode":304,"timestamp":"2025-12-20T05:31:59.841Z","url":"/","userAgent":"Mozilla/5.0 (Macintosh; Intel Mac OS X 10_15_7) AppleWebKit/537.36 (KHTML, like Gecko) Chrome/143.0.0.0 Safari/537.36"}
{"duration":"97ms","ip":"127.0.0.1","level":"info","message":"Request completed","method":"GET","statusCode":304,"timestamp":"2025-12-20T05:31:59.842Z","url":"/","userAgent":"Mozilla/5.0 (Macintosh; Intel Mac OS X 10_15_7) AppleWebKit/537.36 (KHTML, like Gecko) Chrome/143.0.0.0 Safari/537.36"}
{"duration":"24ms","ip":"127.0.0.1","level":"info","message":"Request completed","method":"GET","statusCode":304,"timestamp":"2025-12-20T05:34:08.375Z","url":"/summary","userAgent":"Mozilla/5.0 (Macintosh; Intel Mac OS X 10_15_7) AppleWebKit/537.36 (KHTML, like Gecko) Chrome/143.0.0.0 Safari/537.36"}
{"duration":"24ms","ip":"127.0.0.1","level":"info","message":"Request completed","method":"GET","statusCode":304,"timestamp":"2025-12-20T05:34:08.376Z","url":"/summary","userAgent":"Mozilla/5.0 (Macintosh; Intel Mac OS X 10_15_7) AppleWebKit/537.36 (KHTML, like Gecko) Chrome/143.0.0.0 Safari/537.36"}
{"duration":"32ms","ip":"127.0.0.1","level":"info","message":"Request completed","method":"GET","statusCode":304,"timestamp":"2025-12-20T05:34:08.380Z","url":"/summary","userAgent":"Mozilla/5.0 (Macintosh; Intel Mac OS X 10_15_7) AppleWebKit/537.36 (KHTML, like Gecko) Chrome/143.0.0.0 Safari/537.36"}
{"duration":"28ms","ip":"127.0.0.1","level":"info","message":"Request completed","method":"GET","statusCode":304,"timestamp":"2025-12-20T05:36:48.177Z","url":"/summary","userAgent":"Mozilla/5.0 (Macintosh; Intel Mac OS X 10_15_7) AppleWebKit/537.36 (KHTML, like Gecko) Chrome/143.0.0.0 Safari/537.36"}
{"duration":"34ms","ip":"127.0.0.1","level":"info","message":"Request completed","method":"GET","statusCode":304,"timestamp":"2025-12-20T05:36:48.180Z","url":"/summary","userAgent":"Mozilla/5.0 (Macintosh; Intel Mac OS X 10_15_7) AppleWebKit/537.36 (KHTML, like Gecko) Chrome/143.0.0.0 Safari/537.36"}
{"duration":"38ms","ip":"127.0.0.1","level":"info","message":"Request completed","method":"GET","statusCode":304,"timestamp":"2025-12-20T05:36:48.180Z","url":"/summary","userAgent":"Mozilla/5.0 (Macintosh; Intel Mac OS X 10_15_7) AppleWebKit/537.36 (KHTML, like Gecko) Chrome/143.0.0.0 Safari/537.36"}
{"duration":"3ms","ip":"127.0.0.1","level":"info","message":"Request completed","method":"GET","statusCode":304,"timestamp":"2025-12-20T05:36:49.357Z","url":"/summary","userAgent":"Mozilla/5.0 (Macintosh; Intel Mac OS X 10_15_7) AppleWebKit/537.36 (KHTML, like Gecko) Chrome/143.0.0.0 Safari/537.36"}
{"duration":"3ms","ip":"127.0.0.1","level":"info","message":"Request completed","method":"GET","statusCode":304,"timestamp":"2025-12-20T05:36:49.358Z","url":"/summary","userAgent":"Mozilla/5.0 (Macintosh; Intel Mac OS X 10_15_7) AppleWebKit/537.36 (KHTML, like Gecko) Chrome/143.0.0.0 Safari/537.36"}
{"duration":"2ms","ip":"127.0.0.1","level":"info","message":"Request completed","method":"GET","statusCode":304,"timestamp":"2025-12-20T05:36:49.358Z","url":"/summary","userAgent":"Mozilla/5.0 (Macintosh; Intel Mac OS X 10_15_7) AppleWebKit/537.36 (KHTML, like Gecko) Chrome/143.0.0.0 Safari/537.36"}
{"duration":"32ms","ip":"127.0.0.1","level":"info","message":"Request completed","method":"GET","statusCode":304,"timestamp":"2025-12-20T05:41:21.744Z","url":"/summary","userAgent":"Mozilla/5.0 (Macintosh; Intel Mac OS X 10_15_7) AppleWebKit/537.36 (KHTML, like Gecko) Chrome/143.0.0.0 Safari/537.36"}
{"duration":"31ms","ip":"127.0.0.1","level":"info","message":"Request completed","method":"GET","statusCode":304,"timestamp":"2025-12-20T05:41:21.746Z","url":"/summary","userAgent":"Mozilla/5.0 (Macintosh; Intel Mac OS X 10_15_7) AppleWebKit/537.36 (KHTML, like Gecko) Chrome/143.0.0.0 Safari/537.36"}
{"duration":"41ms","ip":"127.0.0.1","level":"info","message":"Request completed","method":"GET","statusCode":304,"timestamp":"2025-12-20T05:41:21.750Z","url":"/summary","userAgent":"Mozilla/5.0 (Macintosh; Intel Mac OS X 10_15_7) AppleWebKit/537.36 (KHTML, like Gecko) Chrome/143.0.0.0 Safari/537.36"}
{"duration":"20ms","ip":"127.0.0.1","level":"info","message":"Request completed","method":"GET","statusCode":200,"timestamp":"2025-12-20T05:41:42.715Z","url":"/summary","userAgent":"Mozilla/5.0 (Macintosh; Intel Mac OS X 10_15_7) AppleWebKit/537.36 (KHTML, like Gecko) Chrome/143.0.0.0 Safari/537.36"}
{"duration":"24ms","ip":"127.0.0.1","level":"info","message":"Request completed","method":"GET","statusCode":200,"timestamp":"2025-12-20T05:41:42.716Z","url":"/summary","userAgent":"Mozilla/5.0 (Macintosh; Intel Mac OS X 10_15_7) AppleWebKit/537.36 (KHTML, like Gecko) Chrome/143.0.0.0 Safari/537.36"}
{"duration":"26ms","ip":"127.0.0.1","level":"info","message":"Request completed","method":"GET","statusCode":200,"timestamp":"2025-12-20T05:41:42.717Z","url":"/summary","userAgent":"Mozilla/5.0 (Macintosh; Intel Mac OS X 10_15_7) AppleWebKit/537.36 (KHTML, like Gecko) Chrome/143.0.0.0 Safari/537.36"}
{"duration":"33ms","ip":"127.0.0.1","level":"info","message":"Request completed","method":"GET","statusCode":304,"timestamp":"2025-12-20T05:42:10.817Z","url":"/","userAgent":"Mozilla/5.0 (Macintosh; Intel Mac OS X 10_15_7) AppleWebKit/537.36 (KHTML, like Gecko) Chrome/143.0.0.0 Safari/537.36"}
{"duration":"35ms","ip":"127.0.0.1","level":"info","message":"Request completed","method":"GET","statusCode":304,"timestamp":"2025-12-20T05:42:10.817Z","url":"/","userAgent":"Mozilla/5.0 (Macintosh; Intel Mac OS X 10_15_7) AppleWebKit/537.36 (KHTML, like Gecko) Chrome/143.0.0.0 Safari/537.36"}
{"duration":"33ms","ip":"127.0.0.1","level":"info","message":"Request completed","method":"GET","statusCode":304,"timestamp":"2025-12-20T05:42:10.817Z","url":"/","userAgent":"Mozilla/5.0 (Macintosh; Intel Mac OS X 10_15_7) AppleWebKit/537.36 (KHTML, like Gecko) Chrome/143.0.0.0 Safari/537.36"}
{"duration":"75ms","ip":"127.0.0.1","level":"info","message":"Request completed","method":"GET","statusCode":304,"timestamp":"2025-12-20T05:45:16.236Z","url":"/summary","userAgent":"Mozilla/5.0 (Macintosh; Intel Mac OS X 10_15_7) AppleWebKit/537.36 (KHTML, like Gecko) Chrome/143.0.0.0 Safari/537.36"}
{"duration":"73ms","ip":"127.0.0.1","level":"info","message":"Request completed","method":"GET","statusCode":304,"timestamp":"2025-12-20T05:45:16.237Z","url":"/","userAgent":"Mozilla/5.0 (Macintosh; Intel Mac OS X 10_15_7) AppleWebKit/537.36 (KHTML, like Gecko) Chrome/143.0.0.0 Safari/537.36"}
{"duration":"76ms","ip":"127.0.0.1","level":"info","message":"Request completed","method":"GET","statusCode":304,"timestamp":"2025-12-20T05:45:16.237Z","url":"/summary","userAgent":"Mozilla/5.0 (Macintosh; Intel Mac OS X 10_15_7) AppleWebKit/537.36 (KHTML, like Gecko) Chrome/143.0.0.0 Safari/537.36"}
{"duration":"77ms","ip":"127.0.0.1","level":"info","message":"Request completed","method":"GET","statusCode":304,"timestamp":"2025-12-20T05:45:16.238Z","url":"/","userAgent":"Mozilla/5.0 (Macintosh; Intel Mac OS X 10_15_7) AppleWebKit/537.36 (KHTML, like Gecko) Chrome/143.0.0.0 Safari/537.36"}
{"duration":"78ms","ip":"127.0.0.1","level":"info","message":"Request completed","method":"GET","statusCode":304,"timestamp":"2025-12-20T05:45:16.238Z","url":"/","userAgent":"Mozilla/5.0 (Macintosh; Intel Mac OS X 10_15_7) AppleWebKit/537.36 (KHTML, like Gecko) Chrome/143.0.0.0 Safari/537.36"}
{"duration":"85ms","ip":"127.0.0.1","level":"info","message":"Request completed","method":"GET","statusCode":304,"timestamp":"2025-12-20T05:45:16.239Z","url":"/summary","userAgent":"Mozilla/5.0 (Macintosh; Intel Mac OS X 10_15_7) AppleWebKit/537.36 (KHTML, like Gecko) Chrome/143.0.0.0 Safari/537.36"}
{"duration":"906ms","ip":"127.0.0.1","level":"info","message":"Request completed","method":"GET","statusCode":304,"timestamp":"2025-12-20T05:48:12.177Z","url":"/summary","userAgent":"Mozilla/5.0 (Macintosh; Intel Mac OS X 10_15_7) AppleWebKit/537.36 (KHTML, like Gecko) Chrome/143.0.0.0 Safari/537.36"}
{"duration":"904ms","ip":"127.0.0.1","level":"info","message":"Request completed","method":"GET","statusCode":304,"timestamp":"2025-12-20T05:48:12.178Z","url":"/summary","userAgent":"Mozilla/5.0 (Macintosh; Intel Mac OS X 10_15_7) AppleWebKit/537.36 (KHTML, like Gecko) Chrome/143.0.0.0 Safari/537.36"}
{"duration":"906ms","ip":"127.0.0.1","level":"info","message":"Request completed","method":"GET","statusCode":304,"timestamp":"2025-12-20T05:48:12.178Z","url":"/","userAgent":"Mozilla/5.0 (Macintosh; Intel Mac OS X 10_15_7) AppleWebKit/537.36 (KHTML, like Gecko) Chrome/143.0.0.0 Safari/537.36"}
{"duration":"914ms","ip":"127.0.0.1","level":"info","message":"Request completed","method":"GET","statusCode":304,"timestamp":"2025-12-20T05:48:12.178Z","url":"/summary","userAgent":"Mozilla/5.0 (Macintosh; Intel Mac OS X 10_15_7) AppleWebKit/537.36 (KHTML, like Gecko) Chrome/143.0.0.0 Safari/537.36"}
{"duration":"16ms","ip":"127.0.0.1","level":"info","message":"Request completed","method":"GET","statusCode":304,"timestamp":"2025-12-20T05:49:02.776Z","url":"/","userAgent":"Mozilla/5.0 (Macintosh; Intel Mac OS X 10_15_7) AppleWebKit/537.36 (KHTML, like Gecko) Chrome/143.0.0.0 Safari/537.36"}
{"duration":"19ms","ip":"127.0.0.1","level":"info","message":"Request completed","method":"GET","statusCode":304,"timestamp":"2025-12-20T05:49:02.777Z","url":"/","userAgent":"Mozilla/5.0 (Macintosh; Intel Mac OS X 10_15_7) AppleWebKit/537.36 (KHTML, like Gecko) Chrome/143.0.0.0 Safari/537.36"}
{"duration":"59ms","ip":"127.0.0.1","level":"info","message":"Request completed","method":"GET","statusCode":304,"timestamp":"2025-12-20T05:54:33.823Z","url":"/","userAgent":"Mozilla/5.0 (Macintosh; Intel Mac OS X 10_15_7) AppleWebKit/537.36 (KHTML, like Gecko) Chrome/143.0.0.0 Safari/537.36"}
{"duration":"63ms","ip":"127.0.0.1","level":"info","message":"Request completed","method":"GET","statusCode":304,"timestamp":"2025-12-20T05:54:33.825Z","url":"/summary","userAgent":"Mozilla/5.0 (Macintosh; Intel Mac OS X 10_15_7) AppleWebKit/537.36 (KHTML, like Gecko) Chrome/143.0.0.0 Safari/537.36"}
{"duration":"58ms","ip":"127.0.0.1","level":"info","message":"Request completed","method":"GET","statusCode":304,"timestamp":"2025-12-20T05:54:33.826Z","url":"/","userAgent":"Mozilla/5.0 (Macintosh; Intel Mac OS X 10_15_7) AppleWebKit/537.36 (KHTML, like Gecko) Chrome/143.0.0.0 Safari/537.36"}
{"duration":"77ms","ip":"127.0.0.1","level":"info","message":"Request completed","method":"GET","statusCode":304,"timestamp":"2025-12-20T05:54:33.826Z","url":"/summary","userAgent":"Mozilla/5.0 (Macintosh; Intel Mac OS X 10_15_7) AppleWebKit/537.36 (KHTML, like Gecko) Chrome/143.0.0.0 Safari/537.36"}
{"duration":"62ms","ip":"127.0.0.1","level":"info","message":"Request completed","method":"GET","statusCode":304,"timestamp":"2025-12-20T05:54:33.827Z","url":"/summary","userAgent":"Mozilla/5.0 (Macintosh; Intel Mac OS X 10_15_7) AppleWebKit/537.36 (KHTML, like Gecko) Chrome/143.0.0.0 Safari/537.36"}
{"duration":"65ms","ip":"127.0.0.1","level":"info","message":"Request completed","method":"GET","statusCode":304,"timestamp":"2025-12-20T05:54:33.828Z","url":"/","userAgent":"Mozilla/5.0 (Macintosh; Intel Mac OS X 10_15_7) AppleWebKit/537.36 (KHTML, like Gecko) Chrome/143.0.0.0 Safari/537.36"}
{"duration":"422ms","ip":"127.0.0.1","level":"info","message":"Request completed","method":"GET","statusCode":304,"timestamp":"2025-12-20T06:02:11.913Z","url":"/summary","userAgent":"Mozilla/5.0 (Macintosh; Intel Mac OS X 10_15_7) AppleWebKit/537.36 (KHTML, like Gecko) Chrome/143.0.0.0 Safari/537.36"}
{"duration":"424ms","ip":"127.0.0.1","level":"info","message":"Request completed","method":"GET","statusCode":304,"timestamp":"2025-12-20T06:02:11.915Z","url":"/","userAgent":"Mozilla/5.0 (Macintosh; Intel Mac OS X 10_15_7) AppleWebKit/537.36 (KHTML, like Gecko) Chrome/143.0.0.0 Safari/537.36"}
{"duration":"431ms","ip":"127.0.0.1","level":"info","message":"Request completed","method":"GET","statusCode":304,"timestamp":"2025-12-20T06:02:11.916Z","url":"/","userAgent":"Mozilla/5.0 (Macintosh; Intel Mac OS X 10_15_7) AppleWebKit/537.36 (KHTML, like Gecko) Chrome/143.0.0.0 Safari/537.36"}
{"duration":"430ms","ip":"127.0.0.1","level":"info","message":"Request completed","method":"GET","statusCode":304,"timestamp":"2025-12-20T06:02:11.917Z","url":"/summary","userAgent":"Mozilla/5.0 (Macintosh; Intel Mac OS X 10_15_7) AppleWebKit/537.36 (KHTML, like Gecko) Chrome/143.0.0.0 Safari/537.36"}
{"duration":"432ms","ip":"127.0.0.1","level":"info","message":"Request completed","method":"GET","statusCode":304,"timestamp":"2025-12-20T06:02:11.919Z","url":"/","userAgent":"Mozilla/5.0 (Macintosh; Intel Mac OS X 10_15_7) AppleWebKit/537.36 (KHTML, like Gecko) Chrome/143.0.0.0 Safari/537.36"}
{"duration":"454ms","ip":"127.0.0.1","level":"info","message":"Request completed","method":"GET","statusCode":304,"timestamp":"2025-12-20T06:02:11.919Z","url":"/summary","userAgent":"Mozilla/5.0 (Macintosh; Intel Mac OS X 10_15_7) AppleWebKit/537.36 (KHTML, like Gecko) Chrome/143.0.0.0 Safari/537.36"}
{"duration":"3ms","ip":"127.0.0.1","level":"info","message":"Request completed","method":"GET","statusCode":304,"timestamp":"2025-12-20T06:02:18.046Z","url":"/me","userAgent":"Mozilla/5.0 (Macintosh; Intel Mac OS X 10_15_7) AppleWebKit/537.36 (KHTML, like Gecko) Chrome/143.0.0.0 Safari/537.36"}
{"duration":"48ms","ip":"127.0.0.1","level":"info","message":"Request completed","method":"GET","statusCode":304,"timestamp":"2025-12-20T06:17:02.592Z","url":"/summary","userAgent":"Mozilla/5.0 (Macintosh; Intel Mac OS X 10_15_7) AppleWebKit/537.36 (KHTML, like Gecko) Chrome/143.0.0.0 Safari/537.36"}
{"duration":"55ms","ip":"127.0.0.1","level":"info","message":"Request completed","method":"GET","statusCode":304,"timestamp":"2025-12-20T06:17:02.593Z","url":"/","userAgent":"Mozilla/5.0 (Macintosh; Intel Mac OS X 10_15_7) AppleWebKit/537.36 (KHTML, like Gecko) Chrome/143.0.0.0 Safari/537.36"}
{"duration":"55ms","ip":"127.0.0.1","level":"info","message":"Request completed","method":"GET","statusCode":304,"timestamp":"2025-12-20T06:17:02.594Z","url":"/summary","userAgent":"Mozilla/5.0 (Macintosh; Intel Mac OS X 10_15_7) AppleWebKit/537.36 (KHTML, like Gecko) Chrome/143.0.0.0 Safari/537.36"}
{"duration":"51ms","ip":"127.0.0.1","level":"info","message":"Request completed","method":"GET","statusCode":304,"timestamp":"2025-12-20T06:17:02.595Z","url":"/","userAgent":"Mozilla/5.0 (Macintosh; Intel Mac OS X 10_15_7) AppleWebKit/537.36 (KHTML, like Gecko) Chrome/143.0.0.0 Safari/537.36"}
{"duration":"51ms","ip":"127.0.0.1","level":"info","message":"Request completed","method":"GET","statusCode":304,"timestamp":"2025-12-20T06:17:02.595Z","url":"/","userAgent":"Mozilla/5.0 (Macintosh; Intel Mac OS X 10_15_7) AppleWebKit/537.36 (KHTML, like Gecko) Chrome/143.0.0.0 Safari/537.36"}
{"duration":"69ms","ip":"127.0.0.1","level":"info","message":"Request completed","method":"GET","statusCode":304,"timestamp":"2025-12-20T06:17:02.598Z","url":"/summary","userAgent":"Mozilla/5.0 (Macintosh; Intel Mac OS X 10_15_7) AppleWebKit/537.36 (KHTML, like Gecko) Chrome/143.0.0.0 Safari/537.36"}
{"duration":"3ms","ip":"127.0.0.1","level":"info","message":"Request completed","method":"GET","statusCode":304,"timestamp":"2025-12-20T06:17:05.837Z","url":"/me","userAgent":"Mozilla/5.0 (Macintosh; Intel Mac OS X 10_15_7) AppleWebKit/537.36 (KHTML, like Gecko) Chrome/143.0.0.0 Safari/537.36"}
{"duration":"44ms","ip":"127.0.0.1","level":"info","message":"Request completed","method":"GET","statusCode":304,"timestamp":"2025-12-20T06:22:41.805Z","url":"/me","userAgent":"Mozilla/5.0 (Macintosh; Intel Mac OS X 10_15_7) AppleWebKit/537.36 (KHTML, like Gecko) Chrome/143.0.0.0 Safari/537.36"}
{"duration":"41ms","ip":"127.0.0.1","level":"info","message":"Request completed","method":"GET","statusCode":304,"timestamp":"2025-12-20T06:22:41.810Z","url":"/","userAgent":"Mozilla/5.0 (Macintosh; Intel Mac OS X 10_15_7) AppleWebKit/537.36 (KHTML, like Gecko) Chrome/143.0.0.0 Safari/537.36"}
{"duration":"41ms","ip":"127.0.0.1","level":"info","message":"Request completed","method":"GET","statusCode":304,"timestamp":"2025-12-20T06:22:41.810Z","url":"/summary","userAgent":"Mozilla/5.0 (Macintosh; Intel Mac OS X 10_15_7) AppleWebKit/537.36 (KHTML, like Gecko) Chrome/143.0.0.0 Safari/537.36"}
{"duration":"42ms","ip":"127.0.0.1","level":"info","message":"Request completed","method":"GET","statusCode":304,"timestamp":"2025-12-20T06:22:41.811Z","url":"/summary","userAgent":"Mozilla/5.0 (Macintosh; Intel Mac OS X 10_15_7) AppleWebKit/537.36 (KHTML, like Gecko) Chrome/143.0.0.0 Safari/537.36"}
{"duration":"296ms","ip":"127.0.0.1","level":"info","message":"Request completed","method":"GET","statusCode":304,"timestamp":"2025-12-20T06:34:49.004Z","url":"/me","userAgent":"Mozilla/5.0 (Macintosh; Intel Mac OS X 10_15_7) AppleWebKit/537.36 (KHTML, like Gecko) Chrome/143.0.0.0 Safari/537.36"}
{"duration":"276ms","ip":"127.0.0.1","level":"info","message":"Request completed","method":"GET","statusCode":304,"timestamp":"2025-12-20T06:34:49.011Z","url":"/summary","userAgent":"Mozilla/5.0 (Macintosh; Intel Mac OS X 10_15_7) AppleWebKit/537.36 (KHTML, like Gecko) Chrome/143.0.0.0 Safari/537.36"}
{"duration":"285ms","ip":"127.0.0.1","level":"info","message":"Request completed","method":"GET","statusCode":304,"timestamp":"2025-12-20T06:34:49.011Z","url":"/summary","userAgent":"Mozilla/5.0 (Macintosh; Intel Mac OS X 10_15_7) AppleWebKit/537.36 (KHTML, like Gecko) Chrome/143.0.0.0 Safari/537.36"}
{"duration":"281ms","ip":"127.0.0.1","level":"info","message":"Request completed","method":"GET","statusCode":304,"timestamp":"2025-12-20T06:34:49.012Z","url":"/","userAgent":"Mozilla/5.0 (Macintosh; Intel Mac OS X 10_15_7) AppleWebKit/537.36 (KHTML, like Gecko) Chrome/143.0.0.0 Safari/537.36"}
{"duration":"117ms","ip":"127.0.0.1","level":"info","message":"Request completed","method":"GET","statusCode":304,"timestamp":"2025-12-20T07:22:30.674Z","url":"/me","userAgent":"Mozilla/5.0 (Macintosh; Intel Mac OS X 10_15_7) AppleWebKit/537.36 (KHTML, like Gecko) Chrome/143.0.0.0 Safari/537.36"}
{"duration":"108ms","ip":"127.0.0.1","level":"info","message":"Request completed","method":"GET","statusCode":304,"timestamp":"2025-12-20T07:22:30.682Z","url":"/summary","userAgent":"Mozilla/5.0 (Macintosh; Intel Mac OS X 10_15_7) AppleWebKit/537.36 (KHTML, like Gecko) Chrome/143.0.0.0 Safari/537.36"}
{"duration":"98ms","ip":"127.0.0.1","level":"info","message":"Request completed","method":"GET","statusCode":304,"timestamp":"2025-12-20T07:22:30.682Z","url":"/","userAgent":"Mozilla/5.0 (Macintosh; Intel Mac OS X 10_15_7) AppleWebKit/537.36 (KHTML, like Gecko) Chrome/143.0.0.0 Safari/537.36"}
{"duration":"98ms","ip":"127.0.0.1","level":"info","message":"Request completed","method":"GET","statusCode":304,"timestamp":"2025-12-20T07:22:30.682Z","url":"/summary","userAgent":"Mozilla/5.0 (Macintosh; Intel Mac OS X 10_15_7) AppleWebKit/537.36 (KHTML, like Gecko) Chrome/143.0.0.0 Safari/537.36"}
{"duration":"116ms","ip":"127.0.0.1","level":"info","message":"Request completed","method":"GET","statusCode":304,"timestamp":"2025-12-20T07:26:11.565Z","url":"/me","userAgent":"Mozilla/5.0 (Macintosh; Intel Mac OS X 10_15_7) AppleWebKit/537.36 (KHTML, like Gecko) Chrome/143.0.0.0 Safari/537.36"}
{"duration":"107ms","ip":"127.0.0.1","level":"info","message":"Request completed","method":"GET","statusCode":304,"timestamp":"2025-12-20T07:26:11.574Z","url":"/summary","userAgent":"Mozilla/5.0 (Macintosh; Intel Mac OS X 10_15_7) AppleWebKit/537.36 (KHTML, like Gecko) Chrome/143.0.0.0 Safari/537.36"}
{"duration":"111ms","ip":"127.0.0.1","level":"info","message":"Request completed","method":"GET","statusCode":304,"timestamp":"2025-12-20T07:26:11.575Z","url":"/","userAgent":"Mozilla/5.0 (Macintosh; Intel Mac OS X 10_15_7) AppleWebKit/537.36 (KHTML, like Gecko) Chrome/143.0.0.0 Safari/537.36"}
{"duration":"113ms","ip":"127.0.0.1","level":"info","message":"Request completed","method":"GET","statusCode":304,"timestamp":"2025-12-20T07:26:11.576Z","url":"/summary","userAgent":"Mozilla/5.0 (Macintosh; Intel Mac OS X 10_15_7) AppleWebKit/537.36 (KHTML, like Gecko) Chrome/143.0.0.0 Safari/537.36"}
{"duration":"7ms","ip":"127.0.0.1","level":"info","message":"Request completed","method":"GET","statusCode":304,"timestamp":"2025-12-20T07:26:14.835Z","url":"/","userAgent":"Mozilla/5.0 (Macintosh; Intel Mac OS X 10_15_7) AppleWebKit/537.36 (KHTML, like Gecko) Chrome/143.0.0.0 Safari/537.36"}
{"duration":"24ms","ip":"127.0.0.1","level":"info","message":"Request completed","method":"GET","statusCode":304,"timestamp":"2025-12-20T07:26:18.144Z","url":"/","userAgent":"Mozilla/5.0 (Macintosh; Intel Mac OS X 10_15_7) AppleWebKit/537.36 (KHTML, like Gecko) Chrome/143.0.0.0 Safari/537.36"}
{"duration":"26ms","ip":"127.0.0.1","level":"info","message":"Request completed","method":"GET","statusCode":304,"timestamp":"2025-12-20T07:26:18.144Z","url":"/summary","userAgent":"Mozilla/5.0 (Macintosh; Intel Mac OS X 10_15_7) AppleWebKit/537.36 (KHTML, like Gecko) Chrome/143.0.0.0 Safari/537.36"}
{"level":"info","message":"SIGTERM received, shutting down gracefully","timestamp":"2025-12-20T07:47:12.600Z"}
{"level":"info","message":"🚀 Server running on port 5001","timestamp":"2025-12-20T07:47:13.504Z"}
{"level":"info","message":"📊 Environment: development","timestamp":"2025-12-20T07:47:13.507Z"}
{"level":"info","message":"🔗 Frontend URL: http://localhost:3000","timestamp":"2025-12-20T07:47:13.507Z"}
{"level":"info","message":"Iniciando job de transações recorrentes","timestamp":"2025-12-20T07:47:13.507Z"}
{"level":"info","message":"Executando job de transações recorrentes","timestamp":"2025-12-20T07:47:13.507Z"}
{"level":"info","message":"Iniciando processamento de transações recorrentes","timestamp":"2025-12-20T07:47:13.507Z"}
{"level":"info","message":"Job agendado para executar a cada 24 horas","timestamp":"2025-12-20T07:47:13.508Z"}
{"level":"info","message":"⏰ Jobs iniciados","timestamp":"2025-12-20T07:47:13.508Z"}
{"level":"info","message":"Processamento concluído: 0 transações criadas","timestamp":"2025-12-20T07:47:14.055Z"}
{"level":"info","message":"Job de transações recorrentes concluído com sucesso","timestamp":"2025-12-20T07:47:14.055Z"}
{"level":"info","message":"SIGTERM received, shutting down gracefully","timestamp":"2025-12-20T07:51:55.185Z"}
{"level":"info","message":"🚀 Server running on port 5001","timestamp":"2025-12-20T20:29:32.597Z"}
{"level":"info","message":"📊 Environment: development","timestamp":"2025-12-20T20:29:32.598Z"}
{"level":"info","message":"🔗 Frontend URL: http://localhost:3000","timestamp":"2025-12-20T20:29:32.599Z"}
{"level":"info","message":"Iniciando job de transações recorrentes","timestamp":"2025-12-20T20:29:32.599Z"}
{"level":"info","message":"Executando job de transações recorrentes","timestamp":"2025-12-20T20:29:32.599Z"}
{"level":"info","message":"Iniciando processamento de transações recorrentes","timestamp":"2025-12-20T20:29:32.599Z"}
{"level":"info","message":"Job agendado para executar a cada 24 horas","timestamp":"2025-12-20T20:29:32.599Z"}
{"level":"info","message":"⏰ Jobs iniciados","timestamp":"2025-12-20T20:29:32.599Z"}
{"level":"info","message":"Processamento concluído: 0 transações criadas","timestamp":"2025-12-20T20:29:32.662Z"}
{"level":"info","message":"Job de transações recorrentes concluído com sucesso","timestamp":"2025-12-20T20:29:32.662Z"}
{"level":"info","message":"SIGINT received, shutting down gracefully","timestamp":"2025-12-20T20:30:51.077Z"}
{"level":"info","message":"🚀 Server running on port 5001","timestamp":"2025-12-20T20:31:17.366Z"}
{"level":"info","message":"📊 Environment: development","timestamp":"2025-12-20T20:31:17.368Z"}
{"level":"info","message":"🔗 Frontend URL: http://localhost:3000","timestamp":"2025-12-20T20:31:17.368Z"}
{"level":"info","message":"Iniciando job de transações recorrentes","timestamp":"2025-12-20T20:31:17.368Z"}
{"level":"info","message":"Executando job de transações recorrentes","timestamp":"2025-12-20T20:31:17.368Z"}
{"level":"info","message":"Iniciando processamento de transações recorrentes","timestamp":"2025-12-20T20:31:17.370Z"}
{"level":"info","message":"Job agendado para executar a cada 24 horas","timestamp":"2025-12-20T20:31:17.370Z"}
{"level":"info","message":"⏰ Jobs iniciados","timestamp":"2025-12-20T20:31:17.370Z"}
{"level":"info","message":"Processamento concluído: 0 transações criadas","timestamp":"2025-12-20T20:31:17.414Z"}
{"level":"info","message":"Job de transações recorrentes concluído com sucesso","timestamp":"2025-12-20T20:31:17.414Z"}
{"duration":"62ms","ip":"127.0.0.1","level":"info","message":"Request completed","method":"GET","statusCode":200,"timestamp":"2025-12-20T20:37:25.197Z","url":"/plans","userAgent":"Mozilla/5.0 (Macintosh; Intel Mac OS X 10_15_7) AppleWebKit/537.36 (KHTML, like Gecko) Chrome/143.0.0.0 Safari/537.36"}
{"duration":"3ms","ip":"127.0.0.1","level":"info","message":"Request completed","method":"GET","statusCode":304,"timestamp":"2025-12-20T20:37:25.201Z","url":"/plans","userAgent":"Mozilla/5.0 (Macintosh; Intel Mac OS X 10_15_7) AppleWebKit/537.36 (KHTML, like Gecko) Chrome/143.0.0.0 Safari/537.36"}
{"duration":"24ms","ip":"127.0.0.1","level":"info","message":"Request completed","method":"GET","statusCode":304,"timestamp":"2025-12-20T20:38:09.537Z","url":"/me","userAgent":"Mozilla/5.0 (Macintosh; Intel Mac OS X 10_15_7) AppleWebKit/537.36 (KHTML, like Gecko) Chrome/143.0.0.0 Safari/537.36"}
{"duration":"21ms","ip":"127.0.0.1","level":"info","message":"Request completed","method":"GET","statusCode":304,"timestamp":"2025-12-20T20:38:09.541Z","url":"/","userAgent":"Mozilla/5.0 (Macintosh; Intel Mac OS X 10_15_7) AppleWebKit/537.36 (KHTML, like Gecko) Chrome/143.0.0.0 Safari/537.36"}
{"duration":"22ms","ip":"127.0.0.1","level":"info","message":"Request completed","method":"GET","statusCode":304,"timestamp":"2025-12-20T20:38:09.541Z","url":"/summary","userAgent":"Mozilla/5.0 (Macintosh; Intel Mac OS X 10_15_7) AppleWebKit/537.36 (KHTML, like Gecko) Chrome/143.0.0.0 Safari/537.36"}
{"duration":"33ms","ip":"127.0.0.1","level":"info","message":"Request completed","method":"GET","statusCode":304,"timestamp":"2025-12-20T20:38:09.554Z","url":"/summary","userAgent":"Mozilla/5.0 (Macintosh; Intel Mac OS X 10_15_7) AppleWebKit/537.36 (KHTML, like Gecko) Chrome/143.0.0.0 Safari/537.36"}
{"duration":"16ms","ip":"127.0.0.1","level":"info","message":"Request completed","method":"GET","statusCode":304,"timestamp":"2025-12-20T20:38:22.554Z","url":"/plans","userAgent":"Mozilla/5.0 (Macintosh; Intel Mac OS X 10_15_7) AppleWebKit/537.36 (KHTML, like Gecko) Chrome/143.0.0.0 Safari/537.36"}
{"duration":"1ms","ip":"127.0.0.1","level":"info","message":"Request completed","method":"GET","statusCode":304,"timestamp":"2025-12-20T20:38:22.556Z","url":"/plans","userAgent":"Mozilla/5.0 (Macintosh; Intel Mac OS X 10_15_7) AppleWebKit/537.36 (KHTML, like Gecko) Chrome/143.0.0.0 Safari/537.36"}
{"duration":"18ms","ip":"127.0.0.1","level":"info","message":"Request completed","method":"GET","statusCode":500,"timestamp":"2025-12-20T20:38:22.557Z","url":"/current","userAgent":"Mozilla/5.0 (Macintosh; Intel Mac OS X 10_15_7) AppleWebKit/537.36 (KHTML, like Gecko) Chrome/143.0.0.0 Safari/537.36"}
{"duration":"17ms","ip":"127.0.0.1","level":"info","message":"Request completed","method":"GET","statusCode":500,"timestamp":"2025-12-20T20:38:22.557Z","url":"/payments","userAgent":"Mozilla/5.0 (Macintosh; Intel Mac OS X 10_15_7) AppleWebKit/537.36 (KHTML, like Gecko) Chrome/143.0.0.0 Safari/537.36"}
{"duration":"2ms","ip":"127.0.0.1","level":"info","message":"Request completed","method":"GET","statusCode":500,"timestamp":"2025-12-20T20:38:22.561Z","url":"/current","userAgent":"Mozilla/5.0 (Macintosh; Intel Mac OS X 10_15_7) AppleWebKit/537.36 (KHTML, like Gecko) Chrome/143.0.0.0 Safari/537.36"}
{"duration":"24ms","ip":"127.0.0.1","level":"info","message":"Request completed","method":"GET","statusCode":500,"timestamp":"2025-12-20T20:38:22.583Z","url":"/payments","userAgent":"Mozilla/5.0 (Macintosh; Intel Mac OS X 10_15_7) AppleWebKit/537.36 (KHTML, like Gecko) Chrome/143.0.0.0 Safari/537.36"}
{"level":"info","message":"🚀 Server running on port 5001","timestamp":"2025-12-20T21:12:13.242Z"}
{"level":"info","message":"📊 Environment: development","timestamp":"2025-12-20T21:12:13.244Z"}
{"level":"info","message":"🔗 Frontend URL: http://localhost:3000","timestamp":"2025-12-20T21:12:13.244Z"}
{"level":"info","message":"Iniciando job de transações recorrentes","timestamp":"2025-12-20T21:12:13.244Z"}
{"level":"info","message":"Executando job de transações recorrentes","timestamp":"2025-12-20T21:12:13.244Z"}
{"level":"info","message":"Iniciando processamento de transações recorrentes","timestamp":"2025-12-20T21:12:13.244Z"}
{"level":"info","message":"Job agendado para executar a cada 24 horas","timestamp":"2025-12-20T21:12:13.244Z"}
{"level":"info","message":"⏰ Jobs iniciados","timestamp":"2025-12-20T21:12:13.244Z"}
{"level":"info","message":"Processamento concluído: 0 transações criadas","timestamp":"2025-12-20T21:12:13.297Z"}
{"level":"info","message":"Job de transações recorrentes concluído com sucesso","timestamp":"2025-12-20T21:12:13.297Z"}
{"error":"Illegal arguments: string, undefined","ip":"127.0.0.1","level":"error","message":"Error occurred:","method":"POST","stack":"Error: Illegal arguments: string, undefined\n    at _async (file:///Users/pedrodivino/Dev/home_finances/backend/node_modules/bcryptjs/index.js:252:11)\n    at file:///Users/pedrodivino/Dev/home_finances/backend/node_modules/bcryptjs/index.js:280:7\n    at new Promise (<anonymous>)\n    at Object.compare (file:///Users/pedrodivino/Dev/home_finances/backend/node_modules/bcryptjs/index.js:279:12)\n    at verifyPassword (/Users/pedrodivino/Dev/home_finances/backend/src/api/middlewares/auth.ts:122:17)\n    at AdminService.login (/Users/pedrodivino/Dev/home_finances/backend/src/domain/services/admin.service.ts:46:35)\n    at process.processTicksAndRejections (node:internal/process/task_queues:105:5)\n    at async login (/Users/pedrodivino/Dev/home_finances/backend/src/api/controllers/admin.controller.ts:8:22)","timestamp":"2025-12-20T21:13:04.526Z","url":"/api/admin/login","userAgent":"Mozilla/5.0 (Macintosh; Intel Mac OS X 10_15_7) AppleWebKit/537.36 (KHTML, like Gecko) Chrome/143.0.0.0 Safari/537.36"}
{"duration":"30ms","ip":"127.0.0.1","level":"info","message":"Request completed","method":"POST","statusCode":500,"timestamp":"2025-12-20T21:13:04.528Z","url":"/api/admin/login","userAgent":"Mozilla/5.0 (Macintosh; Intel Mac OS X 10_15_7) AppleWebKit/537.36 (KHTML, like Gecko) Chrome/143.0.0.0 Safari/537.36"}
{"level":"info","message":"SIGTERM received, shutting down gracefully","timestamp":"2025-12-20T21:14:36.026Z"}
{"level":"info","message":"🚀 Server running on port 5001","timestamp":"2025-12-20T21:14:36.845Z"}
{"level":"info","message":"📊 Environment: development","timestamp":"2025-12-20T21:14:36.848Z"}
{"level":"info","message":"🔗 Frontend URL: http://localhost:3000","timestamp":"2025-12-20T21:14:36.848Z"}
{"level":"info","message":"Iniciando job de transações recorrentes","timestamp":"2025-12-20T21:14:36.848Z"}
{"level":"info","message":"Executando job de transações recorrentes","timestamp":"2025-12-20T21:14:36.848Z"}
{"level":"info","message":"Iniciando processamento de transações recorrentes","timestamp":"2025-12-20T21:14:36.848Z"}
{"level":"info","message":"Job agendado para executar a cada 24 horas","timestamp":"2025-12-20T21:14:36.849Z"}
{"level":"info","message":"⏰ Jobs iniciados","timestamp":"2025-12-20T21:14:36.849Z"}
{"level":"info","message":"Processamento concluído: 0 transações criadas","timestamp":"2025-12-20T21:14:36.884Z"}
{"level":"info","message":"Job de transações recorrentes concluído com sucesso","timestamp":"2025-12-20T21:14:36.884Z"}
{"level":"info","message":"SIGTERM received, shutting down gracefully","timestamp":"2025-12-20T21:14:46.263Z"}
{"level":"info","message":"🚀 Server running on port 5001","timestamp":"2025-12-20T21:14:47.005Z"}
{"level":"info","message":"📊 Environment: development","timestamp":"2025-12-20T21:14:47.007Z"}
{"level":"info","message":"🔗 Frontend URL: http://localhost:3000","timestamp":"2025-12-20T21:14:47.007Z"}
{"level":"info","message":"Iniciando job de transações recorrentes","timestamp":"2025-12-20T21:14:47.007Z"}
{"level":"info","message":"Executando job de transações recorrentes","timestamp":"2025-12-20T21:14:47.007Z"}
{"level":"info","message":"Iniciando processamento de transações recorrentes","timestamp":"2025-12-20T21:14:47.007Z"}
{"level":"info","message":"Job agendado para executar a cada 24 horas","timestamp":"2025-12-20T21:14:47.008Z"}
{"level":"info","message":"⏰ Jobs iniciados","timestamp":"2025-12-20T21:14:47.008Z"}
{"level":"info","message":"Processamento concluído: 0 transações criadas","timestamp":"2025-12-20T21:14:47.032Z"}
{"level":"info","message":"Job de transações recorrentes concluído com sucesso","timestamp":"2025-12-20T21:14:47.032Z"}
{"level":"info","message":"🚀 Server running on port 5001","timestamp":"2025-12-20T21:14:56.677Z"}
{"level":"info","message":"📊 Environment: development","timestamp":"2025-12-20T21:14:56.679Z"}
{"level":"info","message":"🔗 Frontend URL: http://localhost:3000","timestamp":"2025-12-20T21:14:56.679Z"}
{"level":"info","message":"Iniciando job de transações recorrentes","timestamp":"2025-12-20T21:14:56.679Z"}
{"level":"info","message":"Executando job de transações recorrentes","timestamp":"2025-12-20T21:14:56.679Z"}
{"level":"info","message":"Iniciando processamento de transações recorrentes","timestamp":"2025-12-20T21:14:56.679Z"}
{"level":"info","message":"Job agendado para executar a cada 24 horas","timestamp":"2025-12-20T21:14:56.680Z"}
{"level":"info","message":"⏰ Jobs iniciados","timestamp":"2025-12-20T21:14:56.680Z"}
{"level":"info","message":"Processamento concluído: 0 transações criadas","timestamp":"2025-12-20T21:14:56.699Z"}
{"level":"info","message":"Job de transações recorrentes concluído com sucesso","timestamp":"2025-12-20T21:14:56.699Z"}
{"duration":"308ms","ip":"127.0.0.1","level":"info","message":"Request completed","method":"POST","statusCode":200,"timestamp":"2025-12-20T21:15:09.899Z","url":"/login","userAgent":"Mozilla/5.0 (Macintosh; Intel Mac OS X 10_15_7) AppleWebKit/537.36 (KHTML, like Gecko) Chrome/143.0.0.0 Safari/537.36"}
{"duration":"63ms","ip":"127.0.0.1","level":"info","message":"Request completed","method":"GET","statusCode":200,"timestamp":"2025-12-20T21:15:10.052Z","url":"/dashboard/stats","userAgent":"Mozilla/5.0 (Macintosh; Intel Mac OS X 10_15_7) AppleWebKit/537.36 (KHTML, like Gecko) Chrome/143.0.0.0 Safari/537.36"}
{"level":"info","message":"SIGTERM received, shutting down gracefully","timestamp":"2025-12-20T21:16:46.163Z"}
{"level":"info","message":"🚀 Server running on port 5001","timestamp":"2025-12-20T21:16:58.197Z"}
{"level":"info","message":"📊 Environment: development","timestamp":"2025-12-20T21:16:58.201Z"}
{"level":"info","message":"🔗 Frontend URL: http://localhost:3000","timestamp":"2025-12-20T21:16:58.201Z"}
{"level":"info","message":"Iniciando job de transações recorrentes","timestamp":"2025-12-20T21:16:58.201Z"}
{"level":"info","message":"Executando job de transações recorrentes","timestamp":"2025-12-20T21:16:58.201Z"}
{"level":"info","message":"Iniciando processamento de transações recorrentes","timestamp":"2025-12-20T21:16:58.201Z"}
{"level":"info","message":"Job agendado para executar a cada 24 horas","timestamp":"2025-12-20T21:16:58.202Z"}
{"level":"info","message":"⏰ Jobs iniciados","timestamp":"2025-12-20T21:16:58.202Z"}
{"level":"info","message":"Processamento concluído: 0 transações criadas","timestamp":"2025-12-20T21:16:58.228Z"}
{"level":"info","message":"Job de transações recorrentes concluído com sucesso","timestamp":"2025-12-20T21:16:58.228Z"}
{"level":"info","message":"SIGTERM received, shutting down gracefully","timestamp":"2025-12-20T21:17:24.977Z"}
{"level":"info","message":"🚀 Server running on port 5001","timestamp":"2025-12-20T21:17:25.693Z"}
{"level":"info","message":"📊 Environment: development","timestamp":"2025-12-20T21:17:25.695Z"}
{"level":"info","message":"🔗 Frontend URL: http://localhost:3000","timestamp":"2025-12-20T21:17:25.695Z"}
{"level":"info","message":"Iniciando job de transações recorrentes","timestamp":"2025-12-20T21:17:25.695Z"}
{"level":"info","message":"Executando job de transações recorrentes","timestamp":"2025-12-20T21:17:25.695Z"}
{"level":"info","message":"Iniciando processamento de transações recorrentes","timestamp":"2025-12-20T21:17:25.696Z"}
{"level":"info","message":"Job agendado para executar a cada 24 horas","timestamp":"2025-12-20T21:17:25.696Z"}
{"level":"info","message":"⏰ Jobs iniciados","timestamp":"2025-12-20T21:17:25.696Z"}
{"level":"info","message":"Processamento concluído: 0 transações criadas","timestamp":"2025-12-20T21:17:25.728Z"}
{"level":"info","message":"Job de transações recorrentes concluído com sucesso","timestamp":"2025-12-20T21:17:25.728Z"}
{"error":"operator does not exist: plan_type = character varying","ip":"127.0.0.1","level":"error","message":"Error occurred:","method":"GET","stack":"error: operator does not exist: plan_type = character varying\n    at /Users/pedrodivino/Dev/home_finances/backend/node_modules/pg-pool/index.js:45:11\n    at process.processTicksAndRejections (node:internal/process/task_queues:105:5)\n    at async <anonymous> (/Users/pedrodivino/Dev/home_finances/backend/node_modules/src/node-postgres/session.ts:104:19)\n    at async AdminRepository.getAllUsers (/Users/pedrodivino/Dev/home_finances/backend/src/domain/repositories/admin.repository.ts:89:23)\n    at async AdminService.getAllUsers (/Users/pedrodivino/Dev/home_finances/backend/src/domain/services/admin.service.ts:180:12)\n    at async getUsers (/Users/pedrodivino/Dev/home_finances/backend/src/api/controllers/admin.controller.ts:98:22)","timestamp":"2025-12-20T21:17:26.882Z","url":"/api/admin/users?search=&status=all&plan=all","userAgent":"Mozilla/5.0 (Macintosh; Intel Mac OS X 10_15_7) AppleWebKit/537.36 (KHTML, like Gecko) Chrome/143.0.0.0 Safari/537.36"}
{"duration":"42ms","ip":"127.0.0.1","level":"info","message":"Request completed","method":"GET","statusCode":500,"timestamp":"2025-12-20T21:17:26.884Z","url":"/api/admin/users?search=&status=all&plan=all","userAgent":"Mozilla/5.0 (Macintosh; Intel Mac OS X 10_15_7) AppleWebKit/537.36 (KHTML, like Gecko) Chrome/143.0.0.0 Safari/537.36"}
{"level":"info","message":"🚀 Server running on port 5001","timestamp":"2025-12-20T21:17:46.405Z"}
{"level":"info","message":"📊 Environment: development","timestamp":"2025-12-20T21:17:46.407Z"}
{"level":"info","message":"🔗 Frontend URL: http://localhost:3000","timestamp":"2025-12-20T21:17:46.407Z"}
{"level":"info","message":"Iniciando job de transações recorrentes","timestamp":"2025-12-20T21:17:46.407Z"}
{"level":"info","message":"Executando job de transações recorrentes","timestamp":"2025-12-20T21:17:46.407Z"}
{"level":"info","message":"Iniciando processamento de transações recorrentes","timestamp":"2025-12-20T21:17:46.407Z"}
{"level":"info","message":"Job agendado para executar a cada 24 horas","timestamp":"2025-12-20T21:17:46.408Z"}
{"level":"info","message":"⏰ Jobs iniciados","timestamp":"2025-12-20T21:17:46.408Z"}
{"level":"info","message":"Processamento concluído: 0 transações criadas","timestamp":"2025-12-20T21:17:46.431Z"}
{"level":"info","message":"Job de transações recorrentes concluído com sucesso","timestamp":"2025-12-20T21:17:46.431Z"}
{"duration":"20ms","ip":"127.0.0.1","level":"info","message":"Request completed","method":"GET","statusCode":200,"timestamp":"2025-12-20T21:17:57.749Z","url":"/plans","userAgent":"Mozilla/5.0 (Macintosh; Intel Mac OS X 10_15_7) AppleWebKit/537.36 (KHTML, like Gecko) Chrome/143.0.0.0 Safari/537.36"}
{"duration":"5ms","ip":"127.0.0.1","level":"info","message":"Request completed","method":"GET","statusCode":200,"timestamp":"2025-12-20T21:18:00.269Z","url":"/payments?status=pending","userAgent":"Mozilla/5.0 (Macintosh; Intel Mac OS X 10_15_7) AppleWebKit/537.36 (KHTML, like Gecko) Chrome/143.0.0.0 Safari/537.36"}
{"duration":"13ms","ip":"127.0.0.1","level":"info","message":"Request completed","method":"GET","statusCode":200,"timestamp":"2025-12-20T21:18:05.249Z","url":"/reports?period=month","userAgent":"Mozilla/5.0 (Macintosh; Intel Mac OS X 10_15_7) AppleWebKit/537.36 (KHTML, like Gecko) Chrome/143.0.0.0 Safari/537.36"}
{"duration":"8ms","ip":"127.0.0.1","level":"info","message":"Request completed","method":"GET","statusCode":200,"timestamp":"2025-12-20T21:18:14.824Z","url":"/content/landing","userAgent":"Mozilla/5.0 (Macintosh; Intel Mac OS X 10_15_7) AppleWebKit/537.36 (KHTML, like Gecko) Chrome/143.0.0.0 Safari/537.36"}
{"duration":"10ms","ip":"127.0.0.1","level":"info","message":"Request completed","method":"GET","statusCode":200,"timestamp":"2025-12-20T21:18:27.755Z","url":"/notifications","userAgent":"Mozilla/5.0 (Macintosh; Intel Mac OS X 10_15_7) AppleWebKit/537.36 (KHTML, like Gecko) Chrome/143.0.0.0 Safari/537.36"}
{"duration":"24ms","ip":"127.0.0.1","level":"info","message":"Request completed","method":"GET","statusCode":200,"timestamp":"2025-12-20T21:18:45.456Z","url":"/security/events","userAgent":"Mozilla/5.0 (Macintosh; Intel Mac OS X 10_15_7) AppleWebKit/537.36 (KHTML, like Gecko) Chrome/143.0.0.0 Safari/537.36"}
{"duration":"22ms","ip":"127.0.0.1","level":"info","message":"Request completed","method":"GET","statusCode":200,"timestamp":"2025-12-20T21:18:45.458Z","url":"/security/blocked-ips","userAgent":"Mozilla/5.0 (Macintosh; Intel Mac OS X 10_15_7) AppleWebKit/537.36 (KHTML, like Gecko) Chrome/143.0.0.0 Safari/537.36"}
{"duration":"4ms","ip":"127.0.0.1","level":"info","message":"Request completed","method":"GET","statusCode":200,"timestamp":"2025-12-20T21:18:49.615Z","url":"/settings","userAgent":"Mozilla/5.0 (Macintosh; Intel Mac OS X 10_15_7) AppleWebKit/537.36 (KHTML, like Gecko) Chrome/143.0.0.0 Safari/537.36"}
{"duration":"20ms","ip":"127.0.0.1","level":"info","message":"Request completed","method":"GET","statusCode":304,"timestamp":"2025-12-20T21:19:15.796Z","url":"/notifications","userAgent":"Mozilla/5.0 (Macintosh; Intel Mac OS X 10_15_7) AppleWebKit/537.36 (KHTML, like Gecko) Chrome/143.0.0.0 Safari/537.36"}
{"duration":"17ms","ip":"127.0.0.1","level":"info","message":"Request completed","method":"GET","statusCode":200,"timestamp":"2025-12-20T21:19:18.598Z","url":"/dashboard/stats","userAgent":"Mozilla/5.0 (Macintosh; Intel Mac OS X 10_15_7) AppleWebKit/537.36 (KHTML, like Gecko) Chrome/143.0.0.0 Safari/537.36"}
{"level":"info","message":"SIGTERM received, shutting down gracefully","timestamp":"2025-12-20T21:21:06.973Z"}
{"level":"info","message":"🚀 Server running on port 5001","timestamp":"2025-12-20T21:21:07.840Z"}
{"level":"info","message":"📊 Environment: development","timestamp":"2025-12-20T21:21:07.842Z"}
{"level":"info","message":"🔗 Frontend URL: http://localhost:3000","timestamp":"2025-12-20T21:21:07.842Z"}
{"level":"info","message":"Iniciando job de transações recorrentes","timestamp":"2025-12-20T21:21:07.842Z"}
{"level":"info","message":"Executando job de transações recorrentes","timestamp":"2025-12-20T21:21:07.842Z"}
{"level":"info","message":"Iniciando processamento de transações recorrentes","timestamp":"2025-12-20T21:21:07.842Z"}
{"level":"info","message":"Job agendado para executar a cada 24 horas","timestamp":"2025-12-20T21:21:07.843Z"}
{"level":"info","message":"⏰ Jobs iniciados","timestamp":"2025-12-20T21:21:07.843Z"}
{"level":"info","message":"Processamento concluído: 0 transações criadas","timestamp":"2025-12-20T21:21:07.888Z"}
{"level":"info","message":"Job de transações recorrentes concluído com sucesso","timestamp":"2025-12-20T21:21:07.888Z"}
{"level":"info","message":"SIGTERM received, shutting down gracefully","timestamp":"2025-12-20T21:21:23.613Z"}
{"level":"info","message":"🚀 Server running on port 5001","timestamp":"2025-12-20T21:21:24.492Z"}
{"level":"info","message":"📊 Environment: development","timestamp":"2025-12-20T21:21:24.495Z"}
{"level":"info","message":"🔗 Frontend URL: http://localhost:3000","timestamp":"2025-12-20T21:21:24.495Z"}
{"level":"info","message":"Iniciando job de transações recorrentes","timestamp":"2025-12-20T21:21:24.495Z"}
{"level":"info","message":"Executando job de transações recorrentes","timestamp":"2025-12-20T21:21:24.495Z"}
{"level":"info","message":"Iniciando processamento de transações recorrentes","timestamp":"2025-12-20T21:21:24.496Z"}
{"level":"info","message":"Job agendado para executar a cada 24 horas","timestamp":"2025-12-20T21:21:24.496Z"}
{"level":"info","message":"⏰ Jobs iniciados","timestamp":"2025-12-20T21:21:24.496Z"}
{"level":"info","message":"Processamento concluído: 0 transações criadas","timestamp":"2025-12-20T21:21:24.533Z"}
{"level":"info","message":"Job de transações recorrentes concluído com sucesso","timestamp":"2025-12-20T21:21:24.533Z"}
{"level":"info","message":"🚀 Server running on port 5001","timestamp":"2025-12-20T21:22:01.301Z"}
{"level":"info","message":"📊 Environment: development","timestamp":"2025-12-20T21:22:01.302Z"}
{"level":"info","message":"🔗 Frontend URL: http://localhost:3000","timestamp":"2025-12-20T21:22:01.302Z"}
{"level":"info","message":"Iniciando job de transações recorrentes","timestamp":"2025-12-20T21:22:01.302Z"}
{"level":"info","message":"Executando job de transações recorrentes","timestamp":"2025-12-20T21:22:01.302Z"}
{"level":"info","message":"Iniciando processamento de transações recorrentes","timestamp":"2025-12-20T21:22:01.302Z"}
{"level":"info","message":"Job agendado para executar a cada 24 horas","timestamp":"2025-12-20T21:22:01.303Z"}
{"level":"info","message":"⏰ Jobs iniciados","timestamp":"2025-12-20T21:22:01.303Z"}
{"level":"info","message":"Processamento concluído: 0 transações criadas","timestamp":"2025-12-20T21:22:01.326Z"}
{"level":"info","message":"Job de transações recorrentes concluído com sucesso","timestamp":"2025-12-20T21:22:01.326Z"}
{"error":"operator does not exist: plan_type = character varying","ip":"127.0.0.1","level":"error","message":"Error occurred:","method":"GET","stack":"error: operator does not exist: plan_type = character varying\n    at /Users/pedrodivino/Dev/home_finances/backend/node_modules/pg-pool/index.js:45:11\n    at process.processTicksAndRejections (node:internal/process/task_queues:105:5)\n    at async <anonymous> (/Users/pedrodivino/Dev/home_finances/backend/node_modules/src/node-postgres/session.ts:104:19)\n    at async AdminRepository.getAllUsers (/Users/pedrodivino/Dev/home_finances/backend/src/domain/repositories/admin.repository.ts:89:23)\n    at async AdminService.getAllUsers (/Users/pedrodivino/Dev/home_finances/backend/src/domain/services/admin.service.ts:180:12)\n    at async getUsers (/Users/pedrodivino/Dev/home_finances/backend/src/api/controllers/admin.controller.ts:98:22)","timestamp":"2025-12-20T21:22:31.151Z","url":"/api/admin/users?search=&status=all&plan=all","userAgent":"Mozilla/5.0 (Macintosh; Intel Mac OS X 10_15_7) AppleWebKit/537.36 (KHTML, like Gecko) Chrome/143.0.0.0 Safari/537.36"}
{"duration":"34ms","ip":"127.0.0.1","level":"info","message":"Request completed","method":"GET","statusCode":500,"timestamp":"2025-12-20T21:22:31.153Z","url":"/api/admin/users?search=&status=all&plan=all","userAgent":"Mozilla/5.0 (Macintosh; Intel Mac OS X 10_15_7) AppleWebKit/537.36 (KHTML, like Gecko) Chrome/143.0.0.0 Safari/537.36"}
{"level":"info","message":"SIGTERM received, shutting down gracefully","timestamp":"2025-12-20T21:25:22.210Z"}
{"level":"info","message":"🚀 Server running on port 5001","timestamp":"2025-12-20T21:25:23.186Z"}
{"level":"info","message":"📊 Environment: development","timestamp":"2025-12-20T21:25:23.188Z"}
{"level":"info","message":"🔗 Frontend URL: http://localhost:3000","timestamp":"2025-12-20T21:25:23.188Z"}
{"level":"info","message":"Iniciando job de transações recorrentes","timestamp":"2025-12-20T21:25:23.188Z"}
{"level":"info","message":"Executando job de transações recorrentes","timestamp":"2025-12-20T21:25:23.188Z"}
{"level":"info","message":"Iniciando processamento de transações recorrentes","timestamp":"2025-12-20T21:25:23.188Z"}
{"level":"info","message":"Job agendado para executar a cada 24 horas","timestamp":"2025-12-20T21:25:23.189Z"}
{"level":"info","message":"⏰ Jobs iniciados","timestamp":"2025-12-20T21:25:23.189Z"}
{"level":"info","message":"Processamento concluído: 0 transações criadas","timestamp":"2025-12-20T21:25:23.216Z"}
{"level":"info","message":"Job de transações recorrentes concluído com sucesso","timestamp":"2025-12-20T21:25:23.217Z"}
{"level":"info","message":"SIGTERM received, shutting down gracefully","timestamp":"2025-12-20T21:26:38.364Z"}
{"level":"info","message":"🚀 Server running on port 5001","timestamp":"2025-12-20T21:26:39.303Z"}
{"level":"info","message":"📊 Environment: development","timestamp":"2025-12-20T21:26:39.306Z"}
{"level":"info","message":"🔗 Frontend URL: http://localhost:3000","timestamp":"2025-12-20T21:26:39.306Z"}
{"level":"info","message":"Iniciando job de transações recorrentes","timestamp":"2025-12-20T21:26:39.306Z"}
{"level":"info","message":"Executando job de transações recorrentes","timestamp":"2025-12-20T21:26:39.306Z"}
{"level":"info","message":"Iniciando processamento de transações recorrentes","timestamp":"2025-12-20T21:26:39.307Z"}
{"level":"info","message":"Job agendado para executar a cada 24 horas","timestamp":"2025-12-20T21:26:39.307Z"}
{"level":"info","message":"⏰ Jobs iniciados","timestamp":"2025-12-20T21:26:39.307Z"}
{"level":"info","message":"Processamento concluído: 0 transações criadas","timestamp":"2025-12-20T21:26:39.392Z"}
{"level":"info","message":"Job de transações recorrentes concluído com sucesso","timestamp":"2025-12-20T21:26:39.393Z"}
{"level":"info","message":"SIGTERM received, shutting down gracefully","timestamp":"2025-12-20T21:27:10.358Z"}
{"level":"info","message":"🚀 Server running on port 5001","timestamp":"2025-12-20T21:27:11.296Z"}
{"level":"info","message":"📊 Environment: development","timestamp":"2025-12-20T21:27:11.298Z"}
{"level":"info","message":"🔗 Frontend URL: http://localhost:3000","timestamp":"2025-12-20T21:27:11.298Z"}
{"level":"info","message":"Iniciando job de transações recorrentes","timestamp":"2025-12-20T21:27:11.298Z"}
{"level":"info","message":"Executando job de transações recorrentes","timestamp":"2025-12-20T21:27:11.298Z"}
{"level":"info","message":"Iniciando processamento de transações recorrentes","timestamp":"2025-12-20T21:27:11.298Z"}
{"level":"info","message":"Job agendado para executar a cada 24 horas","timestamp":"2025-12-20T21:27:11.299Z"}
{"level":"info","message":"⏰ Jobs iniciados","timestamp":"2025-12-20T21:27:11.299Z"}
{"level":"info","message":"Processamento concluído: 0 transações criadas","timestamp":"2025-12-20T21:27:11.461Z"}
{"level":"info","message":"Job de transações recorrentes concluído com sucesso","timestamp":"2025-12-20T21:27:11.461Z"}
{"level":"info","message":"🚀 Server running on port 5001","timestamp":"2025-12-20T21:28:00.564Z"}
{"level":"info","message":"📊 Environment: development","timestamp":"2025-12-20T21:28:00.566Z"}
{"level":"info","message":"🔗 Frontend URL: http://localhost:3000","timestamp":"2025-12-20T21:28:00.566Z"}
{"level":"info","message":"Iniciando job de transações recorrentes","timestamp":"2025-12-20T21:28:00.566Z"}
{"level":"info","message":"Executando job de transações recorrentes","timestamp":"2025-12-20T21:28:00.566Z"}
{"level":"info","message":"Iniciando processamento de transações recorrentes","timestamp":"2025-12-20T21:28:00.566Z"}
{"level":"info","message":"Job agendado para executar a cada 24 horas","timestamp":"2025-12-20T21:28:00.567Z"}
{"level":"info","message":"⏰ Jobs iniciados","timestamp":"2025-12-20T21:28:00.567Z"}
{"level":"info","message":"Processamento concluído: 0 transações criadas","timestamp":"2025-12-20T21:28:00.595Z"}
{"level":"info","message":"Job de transações recorrentes concluído com sucesso","timestamp":"2025-12-20T21:28:00.596Z"}
{"error":"operator does not exist: plan_type = character varying","ip":"127.0.0.1","level":"error","message":"Error occurred:","method":"GET","stack":"error: operator does not exist: plan_type = character varying\n    at /Users/pedrodivino/Dev/home_finances/backend/node_modules/pg-pool/index.js:45:11\n    at process.processTicksAndRejections (node:internal/process/task_queues:105:5)\n    at async <anonymous> (/Users/pedrodivino/Dev/home_finances/backend/node_modules/src/node-postgres/session.ts:104:19)\n    at async AdminRepository.getAllUsers (/Users/pedrodivino/Dev/home_finances/backend/src/domain/repositories/admin.repository.ts:89:23)\n    at async AdminService.getAllUsers (/Users/pedrodivino/Dev/home_finances/backend/src/domain/services/admin.service.ts:180:12)\n    at async getUsers (/Users/pedrodivino/Dev/home_finances/backend/src/api/controllers/admin.controller.ts:98:21)","timestamp":"2025-12-20T21:29:34.956Z","url":"/api/admin/users?search=&status=all&plan=all","userAgent":"Mozilla/5.0 (Macintosh; Intel Mac OS X 10_15_7) AppleWebKit/537.36 (KHTML, like Gecko) Chrome/143.0.0.0 Safari/537.36"}
{"duration":"129ms","ip":"127.0.0.1","level":"info","message":"Request completed","method":"GET","statusCode":500,"timestamp":"2025-12-20T21:29:34.958Z","url":"/api/admin/users?search=&status=all&plan=all","userAgent":"Mozilla/5.0 (Macintosh; Intel Mac OS X 10_15_7) AppleWebKit/537.36 (KHTML, like Gecko) Chrome/143.0.0.0 Safari/537.36"}
{"error":"operator does not exist: plan_type = character varying","ip":"127.0.0.1","level":"error","message":"Error occurred:","method":"GET","stack":"error: operator does not exist: plan_type = character varying\n    at /Users/pedrodivino/Dev/home_finances/backend/node_modules/pg-pool/index.js:45:11\n    at process.processTicksAndRejections (node:internal/process/task_queues:105:5)\n    at async <anonymous> (/Users/pedrodivino/Dev/home_finances/backend/node_modules/src/node-postgres/session.ts:104:19)\n    at async AdminRepository.getAllUsers (/Users/pedrodivino/Dev/home_finances/backend/src/domain/repositories/admin.repository.ts:89:23)\n    at async AdminService.getAllUsers (/Users/pedrodivino/Dev/home_finances/backend/src/domain/services/admin.service.ts:180:12)\n    at async getUsers (/Users/pedrodivino/Dev/home_finances/backend/src/api/controllers/admin.controller.ts:98:21)","timestamp":"2025-12-20T21:29:35.989Z","url":"/api/admin/users?search=&status=all&plan=all","userAgent":"Mozilla/5.0 (Macintosh; Intel Mac OS X 10_15_7) AppleWebKit/537.36 (KHTML, like Gecko) Chrome/143.0.0.0 Safari/537.36"}
{"duration":"19ms","ip":"127.0.0.1","level":"info","message":"Request completed","method":"GET","statusCode":500,"timestamp":"2025-12-20T21:29:35.990Z","url":"/api/admin/users?search=&status=all&plan=all","userAgent":"Mozilla/5.0 (Macintosh; Intel Mac OS X 10_15_7) AppleWebKit/537.36 (KHTML, like Gecko) Chrome/143.0.0.0 Safari/537.36"}
{"error":"operator does not exist: plan_type = character varying","ip":"127.0.0.1","level":"error","message":"Error occurred:","method":"GET","stack":"error: operator does not exist: plan_type = character varying\n    at /Users/pedrodivino/Dev/home_finances/backend/node_modules/pg-pool/index.js:45:11\n    at process.processTicksAndRejections (node:internal/process/task_queues:105:5)\n    at async <anonymous> (/Users/pedrodivino/Dev/home_finances/backend/node_modules/src/node-postgres/session.ts:104:19)\n    at async AdminRepository.getAllUsers (/Users/pedrodivino/Dev/home_finances/backend/src/domain/repositories/admin.repository.ts:89:23)\n    at async AdminService.getAllUsers (/Users/pedrodivino/Dev/home_finances/backend/src/domain/services/admin.service.ts:180:12)\n    at async getUsers (/Users/pedrodivino/Dev/home_finances/backend/src/api/controllers/admin.controller.ts:98:21)","timestamp":"2025-12-20T21:29:39.212Z","url":"/api/admin/users?search=&status=all&plan=all","userAgent":"Mozilla/5.0 (Macintosh; Intel Mac OS X 10_15_7) AppleWebKit/537.36 (KHTML, like Gecko) Chrome/143.0.0.0 Safari/537.36"}
{"duration":"14ms","ip":"127.0.0.1","level":"info","message":"Request completed","method":"GET","statusCode":500,"timestamp":"2025-12-20T21:29:39.213Z","url":"/api/admin/users?search=&status=all&plan=all","userAgent":"Mozilla/5.0 (Macintosh; Intel Mac OS X 10_15_7) AppleWebKit/537.36 (KHTML, like Gecko) Chrome/143.0.0.0 Safari/537.36"}
{"error":"operator does not exist: plan_type = character varying","ip":"127.0.0.1","level":"error","message":"Error occurred:","method":"GET","stack":"error: operator does not exist: plan_type = character varying\n    at /Users/pedrodivino/Dev/home_finances/backend/node_modules/pg-pool/index.js:45:11\n    at process.processTicksAndRejections (node:internal/process/task_queues:105:5)\n    at async <anonymous> (/Users/pedrodivino/Dev/home_finances/backend/node_modules/src/node-postgres/session.ts:104:19)\n    at async AdminRepository.getAllUsers (/Users/pedrodivino/Dev/home_finances/backend/src/domain/repositories/admin.repository.ts:89:23)\n    at async AdminService.getAllUsers (/Users/pedrodivino/Dev/home_finances/backend/src/domain/services/admin.service.ts:180:12)\n    at async getUsers (/Users/pedrodivino/Dev/home_finances/backend/src/api/controllers/admin.controller.ts:98:21)","timestamp":"2025-12-20T21:29:40.239Z","url":"/api/admin/users?search=&status=all&plan=all","userAgent":"Mozilla/5.0 (Macintosh; Intel Mac OS X 10_15_7) AppleWebKit/537.36 (KHTML, like Gecko) Chrome/143.0.0.0 Safari/537.36"}
{"duration":"17ms","ip":"127.0.0.1","level":"info","message":"Request completed","method":"GET","statusCode":500,"timestamp":"2025-12-20T21:29:40.240Z","url":"/api/admin/users?search=&status=all&plan=all","userAgent":"Mozilla/5.0 (Macintosh; Intel Mac OS X 10_15_7) AppleWebKit/537.36 (KHTML, like Gecko) Chrome/143.0.0.0 Safari/537.36"}
{"error":"operator does not exist: plan_type = character varying","ip":"127.0.0.1","level":"error","message":"Error occurred:","method":"GET","stack":"error: operator does not exist: plan_type = character varying\n    at /Users/pedrodivino/Dev/home_finances/backend/node_modules/pg-pool/index.js:45:11\n    at process.processTicksAndRejections (node:internal/process/task_queues:105:5)\n    at async <anonymous> (/Users/pedrodivino/Dev/home_finances/backend/node_modules/src/node-postgres/session.ts:104:19)\n    at async AdminRepository.getAllUsers (/Users/pedrodivino/Dev/home_finances/backend/src/domain/repositories/admin.repository.ts:89:23)\n    at async AdminService.getAllUsers (/Users/pedrodivino/Dev/home_finances/backend/src/domain/services/admin.service.ts:180:12)\n    at async getUsers (/Users/pedrodivino/Dev/home_finances/backend/src/api/controllers/admin.controller.ts:98:21)","timestamp":"2025-12-20T21:29:41.933Z","url":"/api/admin/users?search=&status=all&plan=all","userAgent":"Mozilla/5.0 (Macintosh; Intel Mac OS X 10_15_7) AppleWebKit/537.36 (KHTML, like Gecko) Chrome/143.0.0.0 Safari/537.36"}
{"duration":"19ms","ip":"127.0.0.1","level":"info","message":"Request completed","method":"GET","statusCode":500,"timestamp":"2025-12-20T21:29:41.934Z","url":"/api/admin/users?search=&status=all&plan=all","userAgent":"Mozilla/5.0 (Macintosh; Intel Mac OS X 10_15_7) AppleWebKit/537.36 (KHTML, like Gecko) Chrome/143.0.0.0 Safari/537.36"}
{"error":"operator does not exist: plan_type = character varying","ip":"127.0.0.1","level":"error","message":"Error occurred:","method":"GET","stack":"error: operator does not exist: plan_type = character varying\n    at /Users/pedrodivino/Dev/home_finances/backend/node_modules/pg-pool/index.js:45:11\n    at process.processTicksAndRejections (node:internal/process/task_queues:105:5)\n    at async <anonymous> (/Users/pedrodivino/Dev/home_finances/backend/node_modules/src/node-postgres/session.ts:104:19)\n    at async AdminRepository.getAllUsers (/Users/pedrodivino/Dev/home_finances/backend/src/domain/repositories/admin.repository.ts:89:23)\n    at async AdminService.getAllUsers (/Users/pedrodivino/Dev/home_finances/backend/src/domain/services/admin.service.ts:180:12)\n    at async getUsers (/Users/pedrodivino/Dev/home_finances/backend/src/api/controllers/admin.controller.ts:98:21)","timestamp":"2025-12-20T21:29:42.974Z","url":"/api/admin/users?search=&status=all&plan=all","userAgent":"Mozilla/5.0 (Macintosh; Intel Mac OS X 10_15_7) AppleWebKit/537.36 (KHTML, like Gecko) Chrome/143.0.0.0 Safari/537.36"}
{"duration":"25ms","ip":"127.0.0.1","level":"info","message":"Request completed","method":"GET","statusCode":500,"timestamp":"2025-12-20T21:29:42.976Z","url":"/api/admin/users?search=&status=all&plan=all","userAgent":"Mozilla/5.0 (Macintosh; Intel Mac OS X 10_15_7) AppleWebKit/537.36 (KHTML, like Gecko) Chrome/143.0.0.0 Safari/537.36"}
{"error":"operator does not exist: plan_type = character varying","ip":"127.0.0.1","level":"error","message":"Error occurred:","method":"GET","stack":"error: operator does not exist: plan_type = character varying\n    at /Users/pedrodivino/Dev/home_finances/backend/node_modules/pg-pool/index.js:45:11\n    at process.processTicksAndRejections (node:internal/process/task_queues:105:5)\n    at async <anonymous> (/Users/pedrodivino/Dev/home_finances/backend/node_modules/src/node-postgres/session.ts:104:19)\n    at async AdminRepository.getAllUsers (/Users/pedrodivino/Dev/home_finances/backend/src/domain/repositories/admin.repository.ts:89:23)\n    at async AdminService.getAllUsers (/Users/pedrodivino/Dev/home_finances/backend/src/domain/services/admin.service.ts:180:12)\n    at async getUsers (/Users/pedrodivino/Dev/home_finances/backend/src/api/controllers/admin.controller.ts:98:21)","timestamp":"2025-12-20T21:32:09.363Z","url":"/api/admin/users?search=&status=all&plan=all","userAgent":"Mozilla/5.0 (Macintosh; Intel Mac OS X 10_15_7) AppleWebKit/537.36 (KHTML, like Gecko) Chrome/143.0.0.0 Safari/537.36"}
{"duration":"84ms","ip":"127.0.0.1","level":"info","message":"Request completed","method":"GET","statusCode":500,"timestamp":"2025-12-20T21:32:09.365Z","url":"/api/admin/users?search=&status=all&plan=all","userAgent":"Mozilla/5.0 (Macintosh; Intel Mac OS X 10_15_7) AppleWebKit/537.36 (KHTML, like Gecko) Chrome/143.0.0.0 Safari/537.36"}
{"error":"operator does not exist: plan_type = character varying","ip":"127.0.0.1","level":"error","message":"Error occurred:","method":"GET","stack":"error: operator does not exist: plan_type = character varying\n    at /Users/pedrodivino/Dev/home_finances/backend/node_modules/pg-pool/index.js:45:11\n    at process.processTicksAndRejections (node:internal/process/task_queues:105:5)\n    at async <anonymous> (/Users/pedrodivino/Dev/home_finances/backend/node_modules/src/node-postgres/session.ts:104:19)\n    at async AdminRepository.getAllUsers (/Users/pedrodivino/Dev/home_finances/backend/src/domain/repositories/admin.repository.ts:89:23)\n    at async AdminService.getAllUsers (/Users/pedrodivino/Dev/home_finances/backend/src/domain/services/admin.service.ts:180:12)\n    at async getUsers (/Users/pedrodivino/Dev/home_finances/backend/src/api/controllers/admin.controller.ts:98:21)","timestamp":"2025-12-20T21:32:10.403Z","url":"/api/admin/users?search=&status=all&plan=all","userAgent":"Mozilla/5.0 (Macintosh; Intel Mac OS X 10_15_7) AppleWebKit/537.36 (KHTML, like Gecko) Chrome/143.0.0.0 Safari/537.36"}
{"duration":"24ms","ip":"127.0.0.1","level":"info","message":"Request completed","method":"GET","statusCode":500,"timestamp":"2025-12-20T21:32:10.404Z","url":"/api/admin/users?search=&status=all&plan=all","userAgent":"Mozilla/5.0 (Macintosh; Intel Mac OS X 10_15_7) AppleWebKit/537.36 (KHTML, like Gecko) Chrome/143.0.0.0 Safari/537.36"}
{"level":"info","message":"SIGINT received, shutting down gracefully","timestamp":"2025-12-20T21:32:15.634Z"}
{"level":"info","message":"🚀 Server running on port 5001","timestamp":"2025-12-20T21:32:31.500Z"}
{"level":"info","message":"📊 Environment: development","timestamp":"2025-12-20T21:32:31.501Z"}
{"level":"info","message":"🔗 Frontend URL: http://localhost:3000","timestamp":"2025-12-20T21:32:31.501Z"}
{"level":"info","message":"Iniciando job de transações recorrentes","timestamp":"2025-12-20T21:32:31.501Z"}
{"level":"info","message":"Executando job de transações recorrentes","timestamp":"2025-12-20T21:32:31.501Z"}
{"level":"info","message":"Iniciando processamento de transações recorrentes","timestamp":"2025-12-20T21:32:31.501Z"}
{"level":"info","message":"Job agendado para executar a cada 24 horas","timestamp":"2025-12-20T21:32:31.502Z"}
{"level":"info","message":"⏰ Jobs iniciados","timestamp":"2025-12-20T21:32:31.502Z"}
{"level":"info","message":"Processamento concluído: 0 transações criadas","timestamp":"2025-12-20T21:32:31.526Z"}
{"level":"info","message":"Job de transações recorrentes concluído com sucesso","timestamp":"2025-12-20T21:32:31.526Z"}
{"error":"operator does not exist: plan_type = character varying","ip":"127.0.0.1","level":"error","message":"Error occurred:","method":"GET","stack":"error: operator does not exist: plan_type = character varying\n    at /Users/pedrodivino/Dev/home_finances/backend/node_modules/pg-pool/index.js:45:11\n    at process.processTicksAndRejections (node:internal/process/task_queues:105:5)\n    at async <anonymous> (/Users/pedrodivino/Dev/home_finances/backend/node_modules/src/node-postgres/session.ts:104:19)\n    at async AdminRepository.getAllUsers (/Users/pedrodivino/Dev/home_finances/backend/src/domain/repositories/admin.repository.ts:89:23)\n    at async AdminService.getAllUsers (/Users/pedrodivino/Dev/home_finances/backend/src/domain/services/admin.service.ts:180:12)\n    at async getUsers (/Users/pedrodivino/Dev/home_finances/backend/src/api/controllers/admin.controller.ts:98:21)","timestamp":"2025-12-20T21:32:40.230Z","url":"/api/admin/users?search=&status=all&plan=all","userAgent":"Mozilla/5.0 (Macintosh; Intel Mac OS X 10_15_7) AppleWebKit/537.36 (KHTML, like Gecko) Chrome/143.0.0.0 Safari/537.36"}
{"duration":"26ms","ip":"127.0.0.1","level":"info","message":"Request completed","method":"GET","statusCode":500,"timestamp":"2025-12-20T21:32:40.233Z","url":"/api/admin/users?search=&status=all&plan=all","userAgent":"Mozilla/5.0 (Macintosh; Intel Mac OS X 10_15_7) AppleWebKit/537.36 (KHTML, like Gecko) Chrome/143.0.0.0 Safari/537.36"}
{"error":"operator does not exist: plan_type = character varying","ip":"127.0.0.1","level":"error","message":"Error occurred:","method":"GET","stack":"error: operator does not exist: plan_type = character varying\n    at /Users/pedrodivino/Dev/home_finances/backend/node_modules/pg-pool/index.js:45:11\n    at process.processTicksAndRejections (node:internal/process/task_queues:105:5)\n    at async <anonymous> (/Users/pedrodivino/Dev/home_finances/backend/node_modules/src/node-postgres/session.ts:104:19)\n    at async AdminRepository.getAllUsers (/Users/pedrodivino/Dev/home_finances/backend/src/domain/repositories/admin.repository.ts:89:23)\n    at async AdminService.getAllUsers (/Users/pedrodivino/Dev/home_finances/backend/src/domain/services/admin.service.ts:180:12)\n    at async getUsers (/Users/pedrodivino/Dev/home_finances/backend/src/api/controllers/admin.controller.ts:98:21)","timestamp":"2025-12-20T21:32:41.268Z","url":"/api/admin/users?search=&status=all&plan=all","userAgent":"Mozilla/5.0 (Macintosh; Intel Mac OS X 10_15_7) AppleWebKit/537.36 (KHTML, like Gecko) Chrome/143.0.0.0 Safari/537.36"}
{"duration":"23ms","ip":"127.0.0.1","level":"info","message":"Request completed","method":"GET","statusCode":500,"timestamp":"2025-12-20T21:32:41.268Z","url":"/api/admin/users?search=&status=all&plan=all","userAgent":"Mozilla/5.0 (Macintosh; Intel Mac OS X 10_15_7) AppleWebKit/537.36 (KHTML, like Gecko) Chrome/143.0.0.0 Safari/537.36"}
{"error":"operator does not exist: plan_type = character varying","ip":"127.0.0.1","level":"error","message":"Error occurred:","method":"GET","stack":"error: operator does not exist: plan_type = character varying\n    at /Users/pedrodivino/Dev/home_finances/backend/node_modules/pg-pool/index.js:45:11\n    at process.processTicksAndRejections (node:internal/process/task_queues:105:5)\n    at async <anonymous> (/Users/pedrodivino/Dev/home_finances/backend/node_modules/src/node-postgres/session.ts:104:19)\n    at async AdminRepository.getAllUsers (/Users/pedrodivino/Dev/home_finances/backend/src/domain/repositories/admin.repository.ts:89:23)\n    at async AdminService.getAllUsers (/Users/pedrodivino/Dev/home_finances/backend/src/domain/services/admin.service.ts:180:12)\n    at async getUsers (/Users/pedrodivino/Dev/home_finances/backend/src/api/controllers/admin.controller.ts:98:21)","timestamp":"2025-12-20T21:32:44.557Z","url":"/api/admin/users?search=&status=all&plan=all","userAgent":"Mozilla/5.0 (Macintosh; Intel Mac OS X 10_15_7) AppleWebKit/537.36 (KHTML, like Gecko) Chrome/143.0.0.0 Safari/537.36"}
{"duration":"16ms","ip":"127.0.0.1","level":"info","message":"Request completed","method":"GET","statusCode":500,"timestamp":"2025-12-20T21:32:44.558Z","url":"/api/admin/users?search=&status=all&plan=all","userAgent":"Mozilla/5.0 (Macintosh; Intel Mac OS X 10_15_7) AppleWebKit/537.36 (KHTML, like Gecko) Chrome/143.0.0.0 Safari/537.36"}
{"error":"operator does not exist: plan_type = character varying","ip":"127.0.0.1","level":"error","message":"Error occurred:","method":"GET","stack":"error: operator does not exist: plan_type = character varying\n    at /Users/pedrodivino/Dev/home_finances/backend/node_modules/pg-pool/index.js:45:11\n    at process.processTicksAndRejections (node:internal/process/task_queues:105:5)\n    at async <anonymous> (/Users/pedrodivino/Dev/home_finances/backend/node_modules/src/node-postgres/session.ts:104:19)\n    at async AdminRepository.getAllUsers (/Users/pedrodivino/Dev/home_finances/backend/src/domain/repositories/admin.repository.ts:89:23)\n    at async AdminService.getAllUsers (/Users/pedrodivino/Dev/home_finances/backend/src/domain/services/admin.service.ts:180:12)\n    at async getUsers (/Users/pedrodivino/Dev/home_finances/backend/src/api/controllers/admin.controller.ts:98:21)","timestamp":"2025-12-20T21:32:45.591Z","url":"/api/admin/users?search=&status=all&plan=all","userAgent":"Mozilla/5.0 (Macintosh; Intel Mac OS X 10_15_7) AppleWebKit/537.36 (KHTML, like Gecko) Chrome/143.0.0.0 Safari/537.36"}
{"duration":"13ms","ip":"127.0.0.1","level":"info","message":"Request completed","method":"GET","statusCode":500,"timestamp":"2025-12-20T21:32:45.592Z","url":"/api/admin/users?search=&status=all&plan=all","userAgent":"Mozilla/5.0 (Macintosh; Intel Mac OS X 10_15_7) AppleWebKit/537.36 (KHTML, like Gecko) Chrome/143.0.0.0 Safari/537.36"}
{"level":"info","message":"SIGTERM received, shutting down gracefully","timestamp":"2025-12-20T21:33:18.036Z"}
{"level":"info","message":"🚀 Server running on port 5001","timestamp":"2025-12-20T21:33:18.797Z"}
{"level":"info","message":"📊 Environment: development","timestamp":"2025-12-20T21:33:18.799Z"}
{"level":"info","message":"🔗 Frontend URL: http://localhost:3000","timestamp":"2025-12-20T21:33:18.799Z"}
{"level":"info","message":"Iniciando job de transações recorrentes","timestamp":"2025-12-20T21:33:18.799Z"}
{"level":"info","message":"Executando job de transações recorrentes","timestamp":"2025-12-20T21:33:18.799Z"}
{"level":"info","message":"Iniciando processamento de transações recorrentes","timestamp":"2025-12-20T21:33:18.799Z"}
{"level":"info","message":"Job agendado para executar a cada 24 horas","timestamp":"2025-12-20T21:33:18.800Z"}
{"level":"info","message":"⏰ Jobs iniciados","timestamp":"2025-12-20T21:33:18.800Z"}
{"level":"info","message":"Processamento concluído: 0 transações criadas","timestamp":"2025-12-20T21:33:18.825Z"}
{"level":"info","message":"Job de transações recorrentes concluído com sucesso","timestamp":"2025-12-20T21:33:18.825Z"}
{"level":"info","message":"🚀 Server running on port 5001","timestamp":"2025-12-20T21:33:37.303Z"}
{"level":"info","message":"📊 Environment: development","timestamp":"2025-12-20T21:33:37.304Z"}
{"level":"info","message":"🔗 Frontend URL: http://localhost:3000","timestamp":"2025-12-20T21:33:37.304Z"}
{"level":"info","message":"Iniciando job de transações recorrentes","timestamp":"2025-12-20T21:33:37.304Z"}
{"level":"info","message":"Executando job de transações recorrentes","timestamp":"2025-12-20T21:33:37.304Z"}
{"level":"info","message":"Iniciando processamento de transações recorrentes","timestamp":"2025-12-20T21:33:37.305Z"}
{"level":"info","message":"Job agendado para executar a cada 24 horas","timestamp":"2025-12-20T21:33:37.305Z"}
{"level":"info","message":"⏰ Jobs iniciados","timestamp":"2025-12-20T21:33:37.305Z"}
{"level":"info","message":"Processamento concluído: 0 transações criadas","timestamp":"2025-12-20T21:33:37.329Z"}
{"level":"info","message":"Job de transações recorrentes concluído com sucesso","timestamp":"2025-12-20T21:33:37.330Z"}
{"duration":"60ms","ip":"127.0.0.1","level":"info","message":"Request completed","method":"GET","statusCode":200,"timestamp":"2025-12-20T21:34:48.444Z","url":"/users?search=&status=all&plan=all","userAgent":"Mozilla/5.0 (Macintosh; Intel Mac OS X 10_15_7) AppleWebKit/537.36 (KHTML, like Gecko) Chrome/143.0.0.0 Safari/537.36"}
{"duration":"88ms","ip":"127.0.0.1","level":"info","message":"Request completed","method":"GET","statusCode":304,"timestamp":"2025-12-20T21:40:49.054Z","url":"/plans","userAgent":"Mozilla/5.0 (Macintosh; Intel Mac OS X 10_15_7) AppleWebKit/537.36 (KHTML, like Gecko) Chrome/143.0.0.0 Safari/537.36"}
{"duration":"18ms","ip":"127.0.0.1","level":"info","message":"Request completed","method":"GET","statusCode":304,"timestamp":"2025-12-20T21:43:02.377Z","url":"/payments?status=pending","userAgent":"Mozilla/5.0 (Macintosh; Intel Mac OS X 10_15_7) AppleWebKit/537.36 (KHTML, like Gecko) Chrome/143.0.0.0 Safari/537.36"}
{"duration":"39ms","ip":"127.0.0.1","level":"info","message":"Request completed","method":"GET","statusCode":200,"timestamp":"2025-12-20T21:43:06.732Z","url":"/reports?period=month","userAgent":"Mozilla/5.0 (Macintosh; Intel Mac OS X 10_15_7) AppleWebKit/537.36 (KHTML, like Gecko) Chrome/143.0.0.0 Safari/537.36"}
{"duration":"13ms","ip":"127.0.0.1","level":"info","message":"Request completed","method":"GET","statusCode":304,"timestamp":"2025-12-20T21:43:08.906Z","url":"/content/landing","userAgent":"Mozilla/5.0 (Macintosh; Intel Mac OS X 10_15_7) AppleWebKit/537.36 (KHTML, like Gecko) Chrome/143.0.0.0 Safari/537.36"}
{"duration":"3ms","ip":"127.0.0.1","level":"info","message":"Request completed","method":"GET","statusCode":304,"timestamp":"2025-12-20T21:43:17.772Z","url":"/notifications","userAgent":"Mozilla/5.0 (Macintosh; Intel Mac OS X 10_15_7) AppleWebKit/537.36 (KHTML, like Gecko) Chrome/143.0.0.0 Safari/537.36"}
{"duration":"5ms","ip":"127.0.0.1","level":"info","message":"Request completed","method":"GET","statusCode":304,"timestamp":"2025-12-20T21:43:19.940Z","url":"/security/events","userAgent":"Mozilla/5.0 (Macintosh; Intel Mac OS X 10_15_7) AppleWebKit/537.36 (KHTML, like Gecko) Chrome/143.0.0.0 Safari/537.36"}
{"duration":"19ms","ip":"127.0.0.1","level":"info","message":"Request completed","method":"GET","statusCode":304,"timestamp":"2025-12-20T21:43:19.957Z","url":"/security/blocked-ips","userAgent":"Mozilla/5.0 (Macintosh; Intel Mac OS X 10_15_7) AppleWebKit/537.36 (KHTML, like Gecko) Chrome/143.0.0.0 Safari/537.36"}
{"duration":"4ms","ip":"127.0.0.1","level":"info","message":"Request completed","method":"GET","statusCode":304,"timestamp":"2025-12-20T21:43:26.009Z","url":"/settings","userAgent":"Mozilla/5.0 (Macintosh; Intel Mac OS X 10_15_7) AppleWebKit/537.36 (KHTML, like Gecko) Chrome/143.0.0.0 Safari/537.36"}
{"duration":"23ms","ip":"127.0.0.1","level":"info","message":"Request completed","method":"GET","statusCode":304,"timestamp":"2025-12-20T21:47:39.046Z","url":"/settings","userAgent":"Mozilla/5.0 (Macintosh; Intel Mac OS X 10_15_7) AppleWebKit/537.36 (KHTML, like Gecko) Chrome/143.0.0.0 Safari/537.36"}
{"level":"info","message":"SIGTERM received, shutting down gracefully","timestamp":"2025-12-20T21:48:13.415Z"}
{"level":"info","message":"🚀 Server running on port 5001","timestamp":"2025-12-20T21:48:14.415Z"}
{"level":"info","message":"📊 Environment: development","timestamp":"2025-12-20T21:48:14.419Z"}
{"level":"info","message":"🔗 Frontend URL: http://localhost:3000","timestamp":"2025-12-20T21:48:14.419Z"}
{"level":"info","message":"Iniciando job de transações recorrentes","timestamp":"2025-12-20T21:48:14.420Z"}
{"level":"info","message":"Executando job de transações recorrentes","timestamp":"2025-12-20T21:48:14.420Z"}
{"level":"info","message":"Iniciando processamento de transações recorrentes","timestamp":"2025-12-20T21:48:14.420Z"}
{"level":"info","message":"Job agendado para executar a cada 24 horas","timestamp":"2025-12-20T21:48:14.420Z"}
{"level":"info","message":"⏰ Jobs iniciados","timestamp":"2025-12-20T21:48:14.420Z"}
{"level":"info","message":"Processamento concluído: 0 transações criadas","timestamp":"2025-12-20T21:48:14.845Z"}
{"level":"info","message":"Job de transações recorrentes concluído com sucesso","timestamp":"2025-12-20T21:48:14.845Z"}
{"duration":"46ms","ip":"127.0.0.1","level":"info","message":"Request completed","method":"GET","statusCode":304,"timestamp":"2025-12-20T21:50:21.669Z","url":"/plans","userAgent":"Mozilla/5.0 (Macintosh; Intel Mac OS X 10_15_7) AppleWebKit/537.36 (KHTML, like Gecko) Chrome/143.0.0.0 Safari/537.36"}
{"error":"null value in column \"type\" of relation \"plans\" violates not-null constraint","ip":"127.0.0.1","level":"error","message":"Error occurred:","method":"POST","stack":"error: null value in column \"type\" of relation \"plans\" violates not-null constraint\n    at /Users/pedrodivino/Dev/home_finances/backend/node_modules/pg-pool/index.js:45:11\n    at process.processTicksAndRejections (node:internal/process/task_queues:105:5)\n    at async <anonymous> (/Users/pedrodivino/Dev/home_finances/backend/node_modules/src/node-postgres/session.ts:104:19)\n    at async AdminRepository.createPlan (/Users/pedrodivino/Dev/home_finances/backend/src/domain/repositories/admin.repository.ts:49:20)\n    at async AdminService.createPlan (/Users/pedrodivino/Dev/home_finances/backend/src/domain/services/admin.service.ts:135:18)\n    at async createPlan (/Users/pedrodivino/Dev/home_finances/backend/src/api/controllers/admin.controller.ts:47:20)","timestamp":"2025-12-20T21:51:24.827Z","url":"/api/admin/plans","userAgent":"Mozilla/5.0 (Macintosh; Intel Mac OS X 10_15_7) AppleWebKit/537.36 (KHTML, like Gecko) Chrome/143.0.0.0 Safari/537.36"}
{"duration":"49ms","ip":"127.0.0.1","level":"info","message":"Request completed","method":"POST","statusCode":500,"timestamp":"2025-12-20T21:51:24.829Z","url":"/api/admin/plans","userAgent":"Mozilla/5.0 (Macintosh; Intel Mac OS X 10_15_7) AppleWebKit/537.36 (KHTML, like Gecko) Chrome/143.0.0.0 Safari/537.36"}
{"level":"info","message":"SIGTERM received, shutting down gracefully","timestamp":"2025-12-20T21:52:37.526Z"}
{"level":"info","message":"🚀 Server running on port 5001","timestamp":"2025-12-20T21:52:38.483Z"}
{"level":"info","message":"📊 Environment: development","timestamp":"2025-12-20T21:52:38.490Z"}
{"level":"info","message":"🔗 Frontend URL: http://localhost:3000","timestamp":"2025-12-20T21:52:38.490Z"}
{"level":"info","message":"Iniciando job de transações recorrentes","timestamp":"2025-12-20T21:52:38.490Z"}
{"level":"info","message":"Executando job de transações recorrentes","timestamp":"2025-12-20T21:52:38.490Z"}
{"level":"info","message":"Iniciando processamento de transações recorrentes","timestamp":"2025-12-20T21:52:38.490Z"}
{"level":"info","message":"Job agendado para executar a cada 24 horas","timestamp":"2025-12-20T21:52:38.490Z"}
{"level":"info","message":"⏰ Jobs iniciados","timestamp":"2025-12-20T21:52:38.490Z"}
{"level":"info","message":"Processamento concluído: 0 transações criadas","timestamp":"2025-12-20T21:52:38.512Z"}
{"level":"info","message":"Job de transações recorrentes concluído com sucesso","timestamp":"2025-12-20T21:52:38.513Z"}
{"level":"info","message":"SIGTERM received, shutting down gracefully","timestamp":"2025-12-20T21:52:43.884Z"}
{"level":"info","message":"🚀 Server running on port 5001","timestamp":"2025-12-20T21:52:44.599Z"}
{"level":"info","message":"📊 Environment: development","timestamp":"2025-12-20T21:52:44.603Z"}
{"level":"info","message":"🔗 Frontend URL: http://localhost:3000","timestamp":"2025-12-20T21:52:44.603Z"}
{"level":"info","message":"Iniciando job de transações recorrentes","timestamp":"2025-12-20T21:52:44.603Z"}
{"level":"info","message":"Executando job de transações recorrentes","timestamp":"2025-12-20T21:52:44.603Z"}
{"level":"info","message":"Iniciando processamento de transações recorrentes","timestamp":"2025-12-20T21:52:44.603Z"}
{"level":"info","message":"Job agendado para executar a cada 24 horas","timestamp":"2025-12-20T21:52:44.604Z"}
{"level":"info","message":"⏰ Jobs iniciados","timestamp":"2025-12-20T21:52:44.604Z"}
{"level":"info","message":"Processamento concluído: 0 transações criadas","timestamp":"2025-12-20T21:52:44.629Z"}
{"level":"info","message":"Job de transações recorrentes concluído com sucesso","timestamp":"2025-12-20T21:52:44.629Z"}
{"level":"info","message":"SIGTERM received, shutting down gracefully","timestamp":"2025-12-20T21:52:55.693Z"}
{"level":"info","message":"🚀 Server running on port 5001","timestamp":"2025-12-20T21:52:56.510Z"}
{"level":"info","message":"📊 Environment: development","timestamp":"2025-12-20T21:52:56.512Z"}
{"level":"info","message":"🔗 Frontend URL: http://localhost:3000","timestamp":"2025-12-20T21:52:56.512Z"}
{"level":"info","message":"Iniciando job de transações recorrentes","timestamp":"2025-12-20T21:52:56.512Z"}
{"level":"info","message":"Executando job de transações recorrentes","timestamp":"2025-12-20T21:52:56.512Z"}
{"level":"info","message":"Iniciando processamento de transações recorrentes","timestamp":"2025-12-20T21:52:56.512Z"}
{"level":"info","message":"Job agendado para executar a cada 24 horas","timestamp":"2025-12-20T21:52:56.513Z"}
{"level":"info","message":"⏰ Jobs iniciados","timestamp":"2025-12-20T21:52:56.513Z"}
{"level":"info","message":"Processamento concluído: 0 transações criadas","timestamp":"2025-12-20T21:52:56.537Z"}
{"level":"info","message":"Job de transações recorrentes concluído com sucesso","timestamp":"2025-12-20T21:52:56.537Z"}
{"error":"invalid input value for enum plan_type: \"free\"","ip":"127.0.0.1","level":"error","message":"Error occurred:","method":"POST","stack":"error: invalid input value for enum plan_type: \"free\"\n    at /Users/pedrodivino/Dev/home_finances/backend/node_modules/pg-pool/index.js:45:11\n    at process.processTicksAndRejections (node:internal/process/task_queues:105:5)\n    at async <anonymous> (/Users/pedrodivino/Dev/home_finances/backend/node_modules/src/node-postgres/session.ts:104:19)\n    at async AdminRepository.createPlan (/Users/pedrodivino/Dev/home_finances/backend/src/domain/repositories/admin.repository.ts:49:20)\n    at async AdminService.createPlan (/Users/pedrodivino/Dev/home_finances/backend/src/domain/services/admin.service.ts:136:18)\n    at async createPlan (/Users/pedrodivino/Dev/home_finances/backend/src/api/controllers/admin.controller.ts:47:20)","timestamp":"2025-12-20T21:53:55.268Z","url":"/api/admin/plans","userAgent":"Mozilla/5.0 (Macintosh; Intel Mac OS X 10_15_7) AppleWebKit/537.36 (KHTML, like Gecko) Chrome/143.0.0.0 Safari/537.36"}
{"duration":"26ms","ip":"127.0.0.1","level":"info","message":"Request completed","method":"POST","statusCode":500,"timestamp":"2025-12-20T21:53:55.270Z","url":"/api/admin/plans","userAgent":"Mozilla/5.0 (Macintosh; Intel Mac OS X 10_15_7) AppleWebKit/537.36 (KHTML, like Gecko) Chrome/143.0.0.0 Safari/537.36"}
{"level":"info","message":"SIGTERM received, shutting down gracefully","timestamp":"2025-12-20T21:54:27.868Z"}
{"level":"info","message":"🚀 Server running on port 5001","timestamp":"2025-12-20T21:54:28.692Z"}
{"level":"info","message":"📊 Environment: development","timestamp":"2025-12-20T21:54:28.695Z"}
{"level":"info","message":"🔗 Frontend URL: http://localhost:3000","timestamp":"2025-12-20T21:54:28.695Z"}
{"level":"info","message":"Iniciando job de transações recorrentes","timestamp":"2025-12-20T21:54:28.695Z"}
{"level":"info","message":"Executando job de transações recorrentes","timestamp":"2025-12-20T21:54:28.695Z"}
{"level":"info","message":"Iniciando processamento de transações recorrentes","timestamp":"2025-12-20T21:54:28.695Z"}
{"level":"info","message":"Job agendado para executar a cada 24 horas","timestamp":"2025-12-20T21:54:28.695Z"}
{"level":"info","message":"⏰ Jobs iniciados","timestamp":"2025-12-20T21:54:28.695Z"}
{"level":"info","message":"Processamento concluído: 0 transações criadas","timestamp":"2025-12-20T21:54:28.823Z"}
{"level":"info","message":"Job de transações recorrentes concluído com sucesso","timestamp":"2025-12-20T21:54:28.823Z"}
{"duration":"68ms","ip":"127.0.0.1","level":"info","message":"Request completed","method":"GET","statusCode":304,"timestamp":"2025-12-20T21:56:48.962Z","url":"/plans","userAgent":"Mozilla/5.0 (Macintosh; Intel Mac OS X 10_15_7) AppleWebKit/537.36 (KHTML, like Gecko) Chrome/143.0.0.0 Safari/537.36"}
{"error":"Tipo de plano inválido. Use: basic, premium, enterprise","ip":"127.0.0.1","level":"error","message":"Error occurred:","method":"POST","stack":"Error: Tipo de plano inválido. Use: basic, premium, enterprise\n    at new BadRequestError (/Users/pedrodivino/Dev/home_finances/backend/src/core/errors/app-error.ts:21:5)\n    at AdminService.createPlan (/Users/pedrodivino/Dev/home_finances/backend/src/domain/services/admin.service.ts:129:13)\n    at createPlan (/Users/pedrodivino/Dev/home_finances/backend/src/api/controllers/admin.controller.ts:47:39)\n    at Layer.handle [as handle_request] (/Users/pedrodivino/Dev/home_finances/backend/node_modules/express/lib/router/layer.js:95:5)\n    at next (/Users/pedrodivino/Dev/home_finances/backend/node_modules/express/lib/router/route.js:149:13)\n    at Route.dispatch (/Users/pedrodivino/Dev/home_finances/backend/node_modules/express/lib/router/route.js:119:3)\n    at Layer.handle [as handle_request] (/Users/pedrodivino/Dev/home_finances/backend/node_modules/express/lib/router/layer.js:95:5)\n    at /Users/pedrodivino/Dev/home_finances/backend/node_modules/express/lib/router/index.js:284:15\n    at router.process_params (/Users/pedrodivino/Dev/home_finances/backend/node_modules/express/lib/router/index.js:346:12)\n    at next (/Users/pedrodivino/Dev/home_finances/backend/node_modules/express/lib/router/index.js:280:10)","timestamp":"2025-12-20T21:56:51.524Z","url":"/api/admin/plans","userAgent":"Mozilla/5.0 (Macintosh; Intel Mac OS X 10_15_7) AppleWebKit/537.36 (KHTML, like Gecko) Chrome/143.0.0.0 Safari/537.36"}
{"duration":"12ms","ip":"127.0.0.1","level":"info","message":"Request completed","method":"POST","statusCode":400,"timestamp":"2025-12-20T21:56:51.526Z","url":"/api/admin/plans","userAgent":"Mozilla/5.0 (Macintosh; Intel Mac OS X 10_15_7) AppleWebKit/537.36 (KHTML, like Gecko) Chrome/143.0.0.0 Safari/537.36"}
{"error":"Tipo de plano inválido. Use: basic, premium, enterprise","ip":"127.0.0.1","level":"error","message":"Error occurred:","method":"POST","stack":"Error: Tipo de plano inválido. Use: basic, premium, enterprise\n    at new BadRequestError (/Users/pedrodivino/Dev/home_finances/backend/src/core/errors/app-error.ts:21:5)\n    at AdminService.createPlan (/Users/pedrodivino/Dev/home_finances/backend/src/domain/services/admin.service.ts:129:13)\n    at createPlan (/Users/pedrodivino/Dev/home_finances/backend/src/api/controllers/admin.controller.ts:47:39)\n    at Layer.handle [as handle_request] (/Users/pedrodivino/Dev/home_finances/backend/node_modules/express/lib/router/layer.js:95:5)\n    at next (/Users/pedrodivino/Dev/home_finances/backend/node_modules/express/lib/router/route.js:149:13)\n    at Route.dispatch (/Users/pedrodivino/Dev/home_finances/backend/node_modules/express/lib/router/route.js:119:3)\n    at Layer.handle [as handle_request] (/Users/pedrodivino/Dev/home_finances/backend/node_modules/express/lib/router/layer.js:95:5)\n    at /Users/pedrodivino/Dev/home_finances/backend/node_modules/express/lib/router/index.js:284:15\n    at router.process_params (/Users/pedrodivino/Dev/home_finances/backend/node_modules/express/lib/router/index.js:346:12)\n    at next (/Users/pedrodivino/Dev/home_finances/backend/node_modules/express/lib/router/index.js:280:10)","timestamp":"2025-12-20T21:57:21.643Z","url":"/api/admin/plans","userAgent":"Mozilla/5.0 (Macintosh; Intel Mac OS X 10_15_7) AppleWebKit/537.36 (KHTML, like Gecko) Chrome/143.0.0.0 Safari/537.36"}
{"duration":"28ms","ip":"127.0.0.1","level":"info","message":"Request completed","method":"POST","statusCode":400,"timestamp":"2025-12-20T21:57:21.644Z","url":"/api/admin/plans","userAgent":"Mozilla/5.0 (Macintosh; Intel Mac OS X 10_15_7) AppleWebKit/537.36 (KHTML, like Gecko) Chrome/143.0.0.0 Safari/537.36"}
{"error":"Tipo de plano inválido. Use: basic, premium, enterprise","ip":"127.0.0.1","level":"error","message":"Error occurred:","method":"POST","stack":"Error: Tipo de plano inválido. Use: basic, premium, enterprise\n    at new BadRequestError (/Users/pedrodivino/Dev/home_finances/backend/src/core/errors/app-error.ts:21:5)\n    at AdminService.createPlan (/Users/pedrodivino/Dev/home_finances/backend/src/domain/services/admin.service.ts:129:13)\n    at createPlan (/Users/pedrodivino/Dev/home_finances/backend/src/api/controllers/admin.controller.ts:47:39)\n    at Layer.handle [as handle_request] (/Users/pedrodivino/Dev/home_finances/backend/node_modules/express/lib/router/layer.js:95:5)\n    at next (/Users/pedrodivino/Dev/home_finances/backend/node_modules/express/lib/router/route.js:149:13)\n    at Route.dispatch (/Users/pedrodivino/Dev/home_finances/backend/node_modules/express/lib/router/route.js:119:3)\n    at Layer.handle [as handle_request] (/Users/pedrodivino/Dev/home_finances/backend/node_modules/express/lib/router/layer.js:95:5)\n    at /Users/pedrodivino/Dev/home_finances/backend/node_modules/express/lib/router/index.js:284:15\n    at router.process_params (/Users/pedrodivino/Dev/home_finances/backend/node_modules/express/lib/router/index.js:346:12)\n    at next (/Users/pedrodivino/Dev/home_finances/backend/node_modules/express/lib/router/index.js:280:10)","timestamp":"2025-12-20T21:57:23.718Z","url":"/api/admin/plans","userAgent":"Mozilla/5.0 (Macintosh; Intel Mac OS X 10_15_7) AppleWebKit/537.36 (KHTML, like Gecko) Chrome/143.0.0.0 Safari/537.36"}
{"duration":"6ms","ip":"127.0.0.1","level":"info","message":"Request completed","method":"POST","statusCode":400,"timestamp":"2025-12-20T21:57:23.719Z","url":"/api/admin/plans","userAgent":"Mozilla/5.0 (Macintosh; Intel Mac OS X 10_15_7) AppleWebKit/537.36 (KHTML, like Gecko) Chrome/143.0.0.0 Safari/537.36"}
{"error":"Tipo de plano inválido. Use: basic, premium, enterprise","ip":"127.0.0.1","level":"error","message":"Error occurred:","method":"POST","stack":"Error: Tipo de plano inválido. Use: basic, premium, enterprise\n    at new BadRequestError (/Users/pedrodivino/Dev/home_finances/backend/src/core/errors/app-error.ts:21:5)\n    at AdminService.createPlan (/Users/pedrodivino/Dev/home_finances/backend/src/domain/services/admin.service.ts:129:13)\n    at createPlan (/Users/pedrodivino/Dev/home_finances/backend/src/api/controllers/admin.controller.ts:47:39)\n    at Layer.handle [as handle_request] (/Users/pedrodivino/Dev/home_finances/backend/node_modules/express/lib/router/layer.js:95:5)\n    at next (/Users/pedrodivino/Dev/home_finances/backend/node_modules/express/lib/router/route.js:149:13)\n    at Route.dispatch (/Users/pedrodivino/Dev/home_finances/backend/node_modules/express/lib/router/route.js:119:3)\n    at Layer.handle [as handle_request] (/Users/pedrodivino/Dev/home_finances/backend/node_modules/express/lib/router/layer.js:95:5)\n    at /Users/pedrodivino/Dev/home_finances/backend/node_modules/express/lib/router/index.js:284:15\n    at router.process_params (/Users/pedrodivino/Dev/home_finances/backend/node_modules/express/lib/router/index.js:346:12)\n    at next (/Users/pedrodivino/Dev/home_finances/backend/node_modules/express/lib/router/index.js:280:10)","timestamp":"2025-12-20T21:57:24.399Z","url":"/api/admin/plans","userAgent":"Mozilla/5.0 (Macintosh; Intel Mac OS X 10_15_7) AppleWebKit/537.36 (KHTML, like Gecko) Chrome/143.0.0.0 Safari/537.36"}
{"duration":"5ms","ip":"127.0.0.1","level":"info","message":"Request completed","method":"POST","statusCode":400,"timestamp":"2025-12-20T21:57:24.401Z","url":"/api/admin/plans","userAgent":"Mozilla/5.0 (Macintosh; Intel Mac OS X 10_15_7) AppleWebKit/537.36 (KHTML, like Gecko) Chrome/143.0.0.0 Safari/537.36"}
{"error":"Tipo de plano inválido. Use: basic, premium, enterprise","ip":"127.0.0.1","level":"error","message":"Error occurred:","method":"POST","stack":"Error: Tipo de plano inválido. Use: basic, premium, enterprise\n    at new BadRequestError (/Users/pedrodivino/Dev/home_finances/backend/src/core/errors/app-error.ts:21:5)\n    at AdminService.createPlan (/Users/pedrodivino/Dev/home_finances/backend/src/domain/services/admin.service.ts:129:13)\n    at createPlan (/Users/pedrodivino/Dev/home_finances/backend/src/api/controllers/admin.controller.ts:47:39)\n    at Layer.handle [as handle_request] (/Users/pedrodivino/Dev/home_finances/backend/node_modules/express/lib/router/layer.js:95:5)\n    at next (/Users/pedrodivino/Dev/home_finances/backend/node_modules/express/lib/router/route.js:149:13)\n    at Route.dispatch (/Users/pedrodivino/Dev/home_finances/backend/node_modules/express/lib/router/route.js:119:3)\n    at Layer.handle [as handle_request] (/Users/pedrodivino/Dev/home_finances/backend/node_modules/express/lib/router/layer.js:95:5)\n    at /Users/pedrodivino/Dev/home_finances/backend/node_modules/express/lib/router/index.js:284:15\n    at router.process_params (/Users/pedrodivino/Dev/home_finances/backend/node_modules/express/lib/router/index.js:346:12)\n    at next (/Users/pedrodivino/Dev/home_finances/backend/node_modules/express/lib/router/index.js:280:10)","timestamp":"2025-12-20T21:57:24.633Z","url":"/api/admin/plans","userAgent":"Mozilla/5.0 (Macintosh; Intel Mac OS X 10_15_7) AppleWebKit/537.36 (KHTML, like Gecko) Chrome/143.0.0.0 Safari/537.36"}
{"duration":"7ms","ip":"127.0.0.1","level":"info","message":"Request completed","method":"POST","statusCode":400,"timestamp":"2025-12-20T21:57:24.634Z","url":"/api/admin/plans","userAgent":"Mozilla/5.0 (Macintosh; Intel Mac OS X 10_15_7) AppleWebKit/537.36 (KHTML, like Gecko) Chrome/143.0.0.0 Safari/537.36"}
{"level":"info","message":"SIGTERM received, shutting down gracefully","timestamp":"2025-12-20T21:58:29.923Z"}
{"level":"info","message":"🚀 Server running on port 5001","timestamp":"2025-12-20T21:58:30.916Z"}
{"level":"info","message":"📊 Environment: development","timestamp":"2025-12-20T21:58:30.919Z"}
{"level":"info","message":"🔗 Frontend URL: http://localhost:3000","timestamp":"2025-12-20T21:58:30.919Z"}
{"level":"info","message":"Iniciando job de transações recorrentes","timestamp":"2025-12-20T21:58:30.919Z"}
{"level":"info","message":"Executando job de transações recorrentes","timestamp":"2025-12-20T21:58:30.919Z"}
{"level":"info","message":"Iniciando processamento de transações recorrentes","timestamp":"2025-12-20T21:58:30.919Z"}
{"level":"info","message":"Job agendado para executar a cada 24 horas","timestamp":"2025-12-20T21:58:30.923Z"}
{"level":"info","message":"⏰ Jobs iniciados","timestamp":"2025-12-20T21:58:30.923Z"}
{"level":"info","message":"Processamento concluído: 0 transações criadas","timestamp":"2025-12-20T21:58:30.973Z"}
{"level":"info","message":"Job de transações recorrentes concluído com sucesso","timestamp":"2025-12-20T21:58:30.973Z"}
{"duration":"38ms","ip":"127.0.0.1","level":"info","message":"Request completed","method":"GET","statusCode":304,"timestamp":"2025-12-20T22:00:41.799Z","url":"/plans","userAgent":"Mozilla/5.0 (Macintosh; Intel Mac OS X 10_15_7) AppleWebKit/537.36 (KHTML, like Gecko) Chrome/143.0.0.0 Safari/537.36"}
{"duration":"31ms","ip":"127.0.0.1","level":"info","message":"Request completed","method":"POST","statusCode":201,"timestamp":"2025-12-20T22:01:01.221Z","url":"/plans","userAgent":"Mozilla/5.0 (Macintosh; Intel Mac OS X 10_15_7) AppleWebKit/537.36 (KHTML, like Gecko) Chrome/143.0.0.0 Safari/537.36"}
{"duration":"4ms","ip":"127.0.0.1","level":"info","message":"Request completed","method":"GET","statusCode":200,"timestamp":"2025-12-20T22:01:01.231Z","url":"/plans","userAgent":"Mozilla/5.0 (Macintosh; Intel Mac OS X 10_15_7) AppleWebKit/537.36 (KHTML, like Gecko) Chrome/143.0.0.0 Safari/537.36"}
{"duration":"10ms","ip":"127.0.0.1","level":"info","message":"Request completed","method":"GET","statusCode":500,"timestamp":"2025-12-20T22:01:07.983Z","url":"/current","userAgent":"Mozilla/5.0 (Macintosh; Intel Mac OS X 10_15_7) AppleWebKit/537.36 (KHTML, like Gecko) Chrome/143.0.0.0 Safari/537.36"}
{"duration":"16ms","ip":"127.0.0.1","level":"info","message":"Request completed","method":"GET","statusCode":200,"timestamp":"2025-12-20T22:01:07.993Z","url":"/plans","userAgent":"Mozilla/5.0 (Macintosh; Intel Mac OS X 10_15_7) AppleWebKit/537.36 (KHTML, like Gecko) Chrome/143.0.0.0 Safari/537.36"}
{"duration":"19ms","ip":"127.0.0.1","level":"info","message":"Request completed","method":"GET","statusCode":500,"timestamp":"2025-12-20T22:01:07.994Z","url":"/payments","userAgent":"Mozilla/5.0 (Macintosh; Intel Mac OS X 10_15_7) AppleWebKit/537.36 (KHTML, like Gecko) Chrome/143.0.0.0 Safari/537.36"}
{"duration":"2ms","ip":"127.0.0.1","level":"info","message":"Request completed","method":"GET","statusCode":304,"timestamp":"2025-12-20T22:01:07.997Z","url":"/plans","userAgent":"Mozilla/5.0 (Macintosh; Intel Mac OS X 10_15_7) AppleWebKit/537.36 (KHTML, like Gecko) Chrome/143.0.0.0 Safari/537.36"}
{"duration":"14ms","ip":"127.0.0.1","level":"info","message":"Request completed","method":"GET","statusCode":500,"timestamp":"2025-12-20T22:01:07.998Z","url":"/current","userAgent":"Mozilla/5.0 (Macintosh; Intel Mac OS X 10_15_7) AppleWebKit/537.36 (KHTML, like Gecko) Chrome/143.0.0.0 Safari/537.36"}
{"duration":"9ms","ip":"127.0.0.1","level":"info","message":"Request completed","method":"GET","statusCode":500,"timestamp":"2025-12-20T22:01:08.004Z","url":"/payments","userAgent":"Mozilla/5.0 (Macintosh; Intel Mac OS X 10_15_7) AppleWebKit/537.36 (KHTML, like Gecko) Chrome/143.0.0.0 Safari/537.36"}
{"duration":"3ms","ip":"127.0.0.1","level":"info","message":"Request completed","method":"GET","statusCode":304,"timestamp":"2025-12-20T22:01:12.128Z","url":"/plans","userAgent":"Mozilla/5.0 (Macintosh; Intel Mac OS X 10_15_7) AppleWebKit/537.36 (KHTML, like Gecko) Chrome/143.0.0.0 Safari/537.36"}
{"duration":"1ms","ip":"127.0.0.1","level":"info","message":"Request completed","method":"GET","statusCode":304,"timestamp":"2025-12-20T22:01:12.131Z","url":"/plans","userAgent":"Mozilla/5.0 (Macintosh; Intel Mac OS X 10_15_7) AppleWebKit/537.36 (KHTML, like Gecko) Chrome/143.0.0.0 Safari/537.36"}
{"duration":"14ms","ip":"127.0.0.1","level":"info","message":"Request completed","method":"GET","statusCode":500,"timestamp":"2025-12-20T22:01:12.141Z","url":"/current","userAgent":"Mozilla/5.0 (Macintosh; Intel Mac OS X 10_15_7) AppleWebKit/537.36 (KHTML, like Gecko) Chrome/143.0.0.0 Safari/537.36"}
{"duration":"14ms","ip":"127.0.0.1","level":"info","message":"Request completed","method":"GET","statusCode":500,"timestamp":"2025-12-20T22:01:12.141Z","url":"/payments","userAgent":"Mozilla/5.0 (Macintosh; Intel Mac OS X 10_15_7) AppleWebKit/537.36 (KHTML, like Gecko) Chrome/143.0.0.0 Safari/537.36"}
{"duration":"3ms","ip":"127.0.0.1","level":"info","message":"Request completed","method":"GET","statusCode":500,"timestamp":"2025-12-20T22:01:12.145Z","url":"/current","userAgent":"Mozilla/5.0 (Macintosh; Intel Mac OS X 10_15_7) AppleWebKit/537.36 (KHTML, like Gecko) Chrome/143.0.0.0 Safari/537.36"}
{"duration":"9ms","ip":"127.0.0.1","level":"info","message":"Request completed","method":"GET","statusCode":500,"timestamp":"2025-12-20T22:01:12.152Z","url":"/payments","userAgent":"Mozilla/5.0 (Macintosh; Intel Mac OS X 10_15_7) AppleWebKit/537.36 (KHTML, like Gecko) Chrome/143.0.0.0 Safari/537.36"}
{"duration":"46ms","ip":"127.0.0.1","level":"info","message":"Request completed","method":"GET","statusCode":304,"timestamp":"2025-12-20T22:01:24.882Z","url":"/plans","userAgent":"Mozilla/5.0 (Macintosh; Intel Mac OS X 10_15_7) AppleWebKit/537.36 (KHTML, like Gecko) Chrome/143.0.0.0 Safari/537.36"}
{"duration":"2ms","ip":"127.0.0.1","level":"info","message":"Request completed","method":"GET","statusCode":304,"timestamp":"2025-12-20T22:01:24.884Z","url":"/plans","userAgent":"Mozilla/5.0 (Macintosh; Intel Mac OS X 10_15_7) AppleWebKit/537.36 (KHTML, like Gecko) Chrome/143.0.0.0 Safari/537.36"}
{"level":"info","message":"SIGTERM received, shutting down gracefully","timestamp":"2025-12-20T22:04:06.785Z"}
{"level":"info","message":"🚀 Server running on port 5001","timestamp":"2025-12-20T22:04:07.803Z"}
{"level":"info","message":"📊 Environment: development","timestamp":"2025-12-20T22:04:07.808Z"}
{"level":"info","message":"🔗 Frontend URL: http://localhost:3000","timestamp":"2025-12-20T22:04:07.808Z"}
{"level":"info","message":"Iniciando job de transações recorrentes","timestamp":"2025-12-20T22:04:07.808Z"}
{"level":"info","message":"Executando job de transações recorrentes","timestamp":"2025-12-20T22:04:07.808Z"}
{"level":"info","message":"Iniciando processamento de transações recorrentes","timestamp":"2025-12-20T22:04:07.808Z"}
{"level":"info","message":"Job agendado para executar a cada 24 horas","timestamp":"2025-12-20T22:04:07.809Z"}
{"level":"info","message":"⏰ Jobs iniciados","timestamp":"2025-12-20T22:04:07.809Z"}
{"level":"info","message":"Processamento concluído: 0 transações criadas","timestamp":"2025-12-20T22:04:08.308Z"}
{"level":"info","message":"Job de transações recorrentes concluído com sucesso","timestamp":"2025-12-20T22:04:08.308Z"}
{"level":"info","message":"SIGTERM received, shutting down gracefully","timestamp":"2025-12-20T22:04:27.264Z"}
{"level":"info","message":"🚀 Server running on port 5001","timestamp":"2025-12-20T22:04:28.044Z"}
{"level":"info","message":"📊 Environment: development","timestamp":"2025-12-20T22:04:28.046Z"}
{"level":"info","message":"🔗 Frontend URL: http://localhost:3000","timestamp":"2025-12-20T22:04:28.046Z"}
{"level":"info","message":"Iniciando job de transações recorrentes","timestamp":"2025-12-20T22:04:28.046Z"}
{"level":"info","message":"Executando job de transações recorrentes","timestamp":"2025-12-20T22:04:28.046Z"}
{"level":"info","message":"Iniciando processamento de transações recorrentes","timestamp":"2025-12-20T22:04:28.046Z"}
{"level":"info","message":"Job agendado para executar a cada 24 horas","timestamp":"2025-12-20T22:04:28.046Z"}
{"level":"info","message":"⏰ Jobs iniciados","timestamp":"2025-12-20T22:04:28.046Z"}
{"level":"info","message":"Processamento concluído: 0 transações criadas","timestamp":"2025-12-20T22:04:28.096Z"}
{"level":"info","message":"Job de transações recorrentes concluído com sucesso","timestamp":"2025-12-20T22:04:28.096Z"}
{"duration":"37ms","ip":"127.0.0.1","level":"info","message":"Request completed","method":"GET","statusCode":304,"timestamp":"2025-12-20T22:06:41.256Z","url":"/plans","userAgent":"Mozilla/5.0 (Macintosh; Intel Mac OS X 10_15_7) AppleWebKit/537.36 (KHTML, like Gecko) Chrome/143.0.0.0 Safari/537.36"}
{"duration":"1ms","ip":"127.0.0.1","level":"info","message":"Request completed","method":"GET","statusCode":304,"timestamp":"2025-12-20T22:06:41.259Z","url":"/plans","userAgent":"Mozilla/5.0 (Macintosh; Intel Mac OS X 10_15_7) AppleWebKit/537.36 (KHTML, like Gecko) Chrome/143.0.0.0 Safari/537.36"}
{"duration":"30ms","ip":"127.0.0.1","level":"info","message":"Request completed","method":"GET","statusCode":500,"timestamp":"2025-12-20T22:06:41.262Z","url":"/payments","userAgent":"Mozilla/5.0 (Macintosh; Intel Mac OS X 10_15_7) AppleWebKit/537.36 (KHTML, like Gecko) Chrome/143.0.0.0 Safari/537.36"}
{"duration":"40ms","ip":"127.0.0.1","level":"info","message":"Request completed","method":"GET","statusCode":500,"timestamp":"2025-12-20T22:06:41.263Z","url":"/current","userAgent":"Mozilla/5.0 (Macintosh; Intel Mac OS X 10_15_7) AppleWebKit/537.36 (KHTML, like Gecko) Chrome/143.0.0.0 Safari/537.36"}
{"duration":"2ms","ip":"127.0.0.1","level":"info","message":"Request completed","method":"GET","statusCode":500,"timestamp":"2025-12-20T22:06:41.266Z","url":"/payments","userAgent":"Mozilla/5.0 (Macintosh; Intel Mac OS X 10_15_7) AppleWebKit/537.36 (KHTML, like Gecko) Chrome/143.0.0.0 Safari/537.36"}
{"duration":"17ms","ip":"127.0.0.1","level":"info","message":"Request completed","method":"GET","statusCode":500,"timestamp":"2025-12-20T22:06:41.281Z","url":"/current","userAgent":"Mozilla/5.0 (Macintosh; Intel Mac OS X 10_15_7) AppleWebKit/537.36 (KHTML, like Gecko) Chrome/143.0.0.0 Safari/537.36"}
{"level":"info","message":"🚀 Server running on port 5001","timestamp":"2025-12-20T22:10:08.192Z"}
{"level":"info","message":"📊 Environment: development","timestamp":"2025-12-20T22:10:08.193Z"}
{"level":"info","message":"🔗 Frontend URL: http://localhost:3000","timestamp":"2025-12-20T22:10:08.193Z"}
{"level":"info","message":"Iniciando job de transações recorrentes","timestamp":"2025-12-20T22:10:08.193Z"}
{"level":"info","message":"Executando job de transações recorrentes","timestamp":"2025-12-20T22:10:08.193Z"}
{"level":"info","message":"Iniciando processamento de transações recorrentes","timestamp":"2025-12-20T22:10:08.194Z"}
{"level":"info","message":"Job agendado para executar a cada 24 horas","timestamp":"2025-12-20T22:10:08.194Z"}
{"level":"info","message":"⏰ Jobs iniciados","timestamp":"2025-12-20T22:10:08.194Z"}
{"level":"info","message":"Processamento concluído: 0 transações criadas","timestamp":"2025-12-20T22:10:08.216Z"}
{"level":"info","message":"Job de transações recorrentes concluído com sucesso","timestamp":"2025-12-20T22:10:08.216Z"}
{"duration":"22ms","ip":"127.0.0.1","level":"info","message":"Request completed","method":"GET","statusCode":304,"timestamp":"2025-12-20T22:11:22.413Z","url":"/plans","userAgent":"Mozilla/5.0 (Macintosh; Intel Mac OS X 10_15_7) AppleWebKit/537.36 (KHTML, like Gecko) Chrome/143.0.0.0 Safari/537.36"}
{"duration":"1ms","ip":"127.0.0.1","level":"info","message":"Request completed","method":"GET","statusCode":304,"timestamp":"2025-12-20T22:11:22.416Z","url":"/plans","userAgent":"Mozilla/5.0 (Macintosh; Intel Mac OS X 10_15_7) AppleWebKit/537.36 (KHTML, like Gecko) Chrome/143.0.0.0 Safari/537.36"}
{"duration":"24ms","ip":"127.0.0.1","level":"info","message":"Request completed","method":"GET","statusCode":200,"timestamp":"2025-12-20T22:11:22.417Z","url":"/current","userAgent":"Mozilla/5.0 (Macintosh; Intel Mac OS X 10_15_7) AppleWebKit/537.36 (KHTML, like Gecko) Chrome/143.0.0.0 Safari/537.36"}
{"duration":"21ms","ip":"127.0.0.1","level":"info","message":"Request completed","method":"GET","statusCode":200,"timestamp":"2025-12-20T22:11:22.417Z","url":"/payments","userAgent":"Mozilla/5.0 (Macintosh; Intel Mac OS X 10_15_7) AppleWebKit/537.36 (KHTML, like Gecko) Chrome/143.0.0.0 Safari/537.36"}
{"duration":"1ms","ip":"127.0.0.1","level":"info","message":"Request completed","method":"GET","statusCode":304,"timestamp":"2025-12-20T22:11:22.419Z","url":"/current","userAgent":"Mozilla/5.0 (Macintosh; Intel Mac OS X 10_15_7) AppleWebKit/537.36 (KHTML, like Gecko) Chrome/143.0.0.0 Safari/537.36"}
{"duration":"2ms","ip":"127.0.0.1","level":"info","message":"Request completed","method":"GET","statusCode":304,"timestamp":"2025-12-20T22:11:22.420Z","url":"/payments","userAgent":"Mozilla/5.0 (Macintosh; Intel Mac OS X 10_15_7) AppleWebKit/537.36 (KHTML, like Gecko) Chrome/143.0.0.0 Safari/537.36"}
{"duration":"18ms","ip":"127.0.0.1","level":"info","message":"Request completed","method":"POST","statusCode":200,"timestamp":"2025-12-20T22:11:29.255Z","url":"/subscribe","userAgent":"Mozilla/5.0 (Macintosh; Intel Mac OS X 10_15_7) AppleWebKit/537.36 (KHTML, like Gecko) Chrome/143.0.0.0 Safari/537.36"}
{"duration":"3ms","ip":"127.0.0.1","level":"info","message":"Request completed","method":"GET","statusCode":304,"timestamp":"2025-12-20T22:11:29.272Z","url":"/plans","userAgent":"Mozilla/5.0 (Macintosh; Intel Mac OS X 10_15_7) AppleWebKit/537.36 (KHTML, like Gecko) Chrome/143.0.0.0 Safari/537.36"}
{"duration":"5ms","ip":"127.0.0.1","level":"info","message":"Request completed","method":"GET","statusCode":304,"timestamp":"2025-12-20T22:11:29.276Z","url":"/payments","userAgent":"Mozilla/5.0 (Macintosh; Intel Mac OS X 10_15_7) AppleWebKit/537.36 (KHTML, like Gecko) Chrome/143.0.0.0 Safari/537.36"}
{"duration":"7ms","ip":"127.0.0.1","level":"info","message":"Request completed","method":"GET","statusCode":200,"timestamp":"2025-12-20T22:11:29.277Z","url":"/current","userAgent":"Mozilla/5.0 (Macintosh; Intel Mac OS X 10_15_7) AppleWebKit/537.36 (KHTML, like Gecko) Chrome/143.0.0.0 Safari/537.36"}
{"duration":"50ms","ip":"127.0.0.1","level":"info","message":"Request completed","method":"GET","statusCode":304,"timestamp":"2025-12-20T22:11:56.521Z","url":"/plans","userAgent":"Mozilla/5.0 (Macintosh; Intel Mac OS X 10_15_7) AppleWebKit/537.36 (KHTML, like Gecko) Chrome/143.0.0.0 Safari/537.36"}
{"duration":"24ms","ip":"127.0.0.1","level":"info","message":"Request completed","method":"POST","statusCode":201,"timestamp":"2025-12-20T22:12:20.843Z","url":"/plans","userAgent":"Mozilla/5.0 (Macintosh; Intel Mac OS X 10_15_7) AppleWebKit/537.36 (KHTML, like Gecko) Chrome/143.0.0.0 Safari/537.36"}
{"duration":"4ms","ip":"127.0.0.1","level":"info","message":"Request completed","method":"GET","statusCode":200,"timestamp":"2025-12-20T22:12:20.851Z","url":"/plans","userAgent":"Mozilla/5.0 (Macintosh; Intel Mac OS X 10_15_7) AppleWebKit/537.36 (KHTML, like Gecko) Chrome/143.0.0.0 Safari/537.36"}
{"duration":"25ms","ip":"127.0.0.1","level":"info","message":"Request completed","method":"GET","statusCode":200,"timestamp":"2025-12-20T22:13:02.758Z","url":"/plans","userAgent":"Mozilla/5.0 (Macintosh; Intel Mac OS X 10_15_7) AppleWebKit/537.36 (KHTML, like Gecko) Chrome/143.0.0.0 Safari/537.36"}
{"duration":"23ms","ip":"127.0.0.1","level":"info","message":"Request completed","method":"GET","statusCode":304,"timestamp":"2025-12-20T22:13:02.759Z","url":"/payments","userAgent":"Mozilla/5.0 (Macintosh; Intel Mac OS X 10_15_7) AppleWebKit/537.36 (KHTML, like Gecko) Chrome/143.0.0.0 Safari/537.36"}
{"duration":"27ms","ip":"127.0.0.1","level":"info","message":"Request completed","method":"GET","statusCode":304,"timestamp":"2025-12-20T22:13:02.761Z","url":"/current","userAgent":"Mozilla/5.0 (Macintosh; Intel Mac OS X 10_15_7) AppleWebKit/537.36 (KHTML, like Gecko) Chrome/143.0.0.0 Safari/537.36"}
{"duration":"1ms","ip":"127.0.0.1","level":"info","message":"Request completed","method":"GET","statusCode":304,"timestamp":"2025-12-20T22:13:02.761Z","url":"/plans","userAgent":"Mozilla/5.0 (Macintosh; Intel Mac OS X 10_15_7) AppleWebKit/537.36 (KHTML, like Gecko) Chrome/143.0.0.0 Safari/537.36"}
{"duration":"1ms","ip":"127.0.0.1","level":"info","message":"Request completed","method":"GET","statusCode":304,"timestamp":"2025-12-20T22:13:02.763Z","url":"/payments","userAgent":"Mozilla/5.0 (Macintosh; Intel Mac OS X 10_15_7) AppleWebKit/537.36 (KHTML, like Gecko) Chrome/143.0.0.0 Safari/537.36"}
{"duration":"2ms","ip":"127.0.0.1","level":"info","message":"Request completed","method":"GET","statusCode":304,"timestamp":"2025-12-20T22:13:02.764Z","url":"/current","userAgent":"Mozilla/5.0 (Macintosh; Intel Mac OS X 10_15_7) AppleWebKit/537.36 (KHTML, like Gecko) Chrome/143.0.0.0 Safari/537.36"}
{"duration":"6024ms","ip":"127.0.0.1","level":"info","message":"Request completed","method":"POST","statusCode":200,"timestamp":"2025-12-20T22:15:33.757Z","url":"/subscribe","userAgent":"Mozilla/5.0 (Macintosh; Intel Mac OS X 10_15_7) AppleWebKit/537.36 (KHTML, like Gecko) Chrome/143.0.0.0 Safari/537.36"}
{"duration":"516ms","ip":"127.0.0.1","level":"info","message":"Request completed","method":"GET","statusCode":200,"timestamp":"2025-12-20T22:15:51.508Z","url":"/payment/1/status","userAgent":"Mozilla/5.0 (Macintosh; Intel Mac OS X 10_15_7) AppleWebKit/537.36 (KHTML, like Gecko) Chrome/143.0.0.0 Safari/537.36"}
{"duration":"4946ms","ip":"127.0.0.1","level":"info","message":"Request completed","method":"POST","statusCode":200,"timestamp":"2025-12-20T22:17:38.575Z","url":"/subscribe","userAgent":"Mozilla/5.0 (Macintosh; Intel Mac OS X 10_15_7) AppleWebKit/537.36 (KHTML, like Gecko) Chrome/143.0.0.0 Safari/537.36"}
{"duration":"113ms","ip":"127.0.0.1","level":"info","message":"Request completed","method":"GET","statusCode":304,"timestamp":"2025-12-20T22:20:03.161Z","url":"/plans","userAgent":"Mozilla/5.0 (Macintosh; Intel Mac OS X 10_15_7) AppleWebKit/537.36 (KHTML, like Gecko) Chrome/143.0.0.0 Safari/537.36"}
{"duration":"112ms","ip":"127.0.0.1","level":"info","message":"Request completed","method":"GET","statusCode":200,"timestamp":"2025-12-20T22:20:03.161Z","url":"/payments","userAgent":"Mozilla/5.0 (Macintosh; Intel Mac OS X 10_15_7) AppleWebKit/537.36 (KHTML, like Gecko) Chrome/143.0.0.0 Safari/537.36"}
{"duration":"115ms","ip":"127.0.0.1","level":"info","message":"Request completed","method":"GET","statusCode":200,"timestamp":"2025-12-20T22:20:03.163Z","url":"/current","userAgent":"Mozilla/5.0 (Macintosh; Intel Mac OS X 10_15_7) AppleWebKit/537.36 (KHTML, like Gecko) Chrome/143.0.0.0 Safari/537.36"}
{"duration":"1ms","ip":"127.0.0.1","level":"info","message":"Request completed","method":"GET","statusCode":304,"timestamp":"2025-12-20T22:20:03.163Z","url":"/plans","userAgent":"Mozilla/5.0 (Macintosh; Intel Mac OS X 10_15_7) AppleWebKit/537.36 (KHTML, like Gecko) Chrome/143.0.0.0 Safari/537.36"}
{"duration":"3ms","ip":"127.0.0.1","level":"info","message":"Request completed","method":"GET","statusCode":304,"timestamp":"2025-12-20T22:20:03.165Z","url":"/payments","userAgent":"Mozilla/5.0 (Macintosh; Intel Mac OS X 10_15_7) AppleWebKit/537.36 (KHTML, like Gecko) Chrome/143.0.0.0 Safari/537.36"}
{"duration":"2ms","ip":"127.0.0.1","level":"info","message":"Request completed","method":"GET","statusCode":304,"timestamp":"2025-12-20T22:20:03.166Z","url":"/current","userAgent":"Mozilla/5.0 (Macintosh; Intel Mac OS X 10_15_7) AppleWebKit/537.36 (KHTML, like Gecko) Chrome/143.0.0.0 Safari/537.36"}
{"duration":"3ms","ip":"127.0.0.1","level":"info","message":"Request completed","method":"GET","statusCode":304,"timestamp":"2025-12-20T22:20:11.039Z","url":"/plans","userAgent":"Mozilla/5.0 (Macintosh; Intel Mac OS X 10_15_7) AppleWebKit/537.36 (KHTML, like Gecko) Chrome/143.0.0.0 Safari/537.36"}
{"duration":"3ms","ip":"127.0.0.1","level":"info","message":"Request completed","method":"GET","statusCode":304,"timestamp":"2025-12-20T22:20:11.040Z","url":"/payments","userAgent":"Mozilla/5.0 (Macintosh; Intel Mac OS X 10_15_7) AppleWebKit/537.36 (KHTML, like Gecko) Chrome/143.0.0.0 Safari/537.36"}
{"duration":"5ms","ip":"127.0.0.1","level":"info","message":"Request completed","method":"GET","statusCode":304,"timestamp":"2025-12-20T22:20:11.041Z","url":"/current","userAgent":"Mozilla/5.0 (Macintosh; Intel Mac OS X 10_15_7) AppleWebKit/537.36 (KHTML, like Gecko) Chrome/143.0.0.0 Safari/537.36"}
{"duration":"3ms","ip":"127.0.0.1","level":"info","message":"Request completed","method":"GET","statusCode":304,"timestamp":"2025-12-20T22:20:18.036Z","url":"/plans","userAgent":"Mozilla/5.0 (Macintosh; Intel Mac OS X 10_15_7) AppleWebKit/537.36 (KHTML, like Gecko) Chrome/143.0.0.0 Safari/537.36"}
{"duration":"2ms","ip":"127.0.0.1","level":"info","message":"Request completed","method":"GET","statusCode":304,"timestamp":"2025-12-20T22:20:18.037Z","url":"/payments","userAgent":"Mozilla/5.0 (Macintosh; Intel Mac OS X 10_15_7) AppleWebKit/537.36 (KHTML, like Gecko) Chrome/143.0.0.0 Safari/537.36"}
{"duration":"4ms","ip":"127.0.0.1","level":"info","message":"Request completed","method":"GET","statusCode":304,"timestamp":"2025-12-20T22:20:18.038Z","url":"/current","userAgent":"Mozilla/5.0 (Macintosh; Intel Mac OS X 10_15_7) AppleWebKit/537.36 (KHTML, like Gecko) Chrome/143.0.0.0 Safari/537.36"}
{"duration":"12ms","ip":"127.0.0.1","level":"info","message":"Request completed","method":"GET","statusCode":304,"timestamp":"2025-12-20T22:20:42.047Z","url":"/plans","userAgent":"Mozilla/5.0 (Macintosh; Intel Mac OS X 10_15_7) AppleWebKit/537.36 (KHTML, like Gecko) Chrome/143.0.0.0 Safari/537.36"}
{"duration":"11ms","ip":"127.0.0.1","level":"info","message":"Request completed","method":"GET","statusCode":304,"timestamp":"2025-12-20T22:20:42.048Z","url":"/payments","userAgent":"Mozilla/5.0 (Macintosh; Intel Mac OS X 10_15_7) AppleWebKit/537.36 (KHTML, like Gecko) Chrome/143.0.0.0 Safari/537.36"}
{"duration":"12ms","ip":"127.0.0.1","level":"info","message":"Request completed","method":"GET","statusCode":304,"timestamp":"2025-12-20T22:20:42.049Z","url":"/current","userAgent":"Mozilla/5.0 (Macintosh; Intel Mac OS X 10_15_7) AppleWebKit/537.36 (KHTML, like Gecko) Chrome/143.0.0.0 Safari/537.36"}
{"duration":"3ms","ip":"127.0.0.1","level":"info","message":"Request completed","method":"GET","statusCode":304,"timestamp":"2025-12-20T22:20:48.040Z","url":"/plans","userAgent":"Mozilla/5.0 (Macintosh; Intel Mac OS X 10_15_7) AppleWebKit/537.36 (KHTML, like Gecko) Chrome/143.0.0.0 Safari/537.36"}
{"duration":"5ms","ip":"127.0.0.1","level":"info","message":"Request completed","method":"GET","statusCode":304,"timestamp":"2025-12-20T22:20:48.044Z","url":"/payments","userAgent":"Mozilla/5.0 (Macintosh; Intel Mac OS X 10_15_7) AppleWebKit/537.36 (KHTML, like Gecko) Chrome/143.0.0.0 Safari/537.36"}
{"duration":"7ms","ip":"127.0.0.1","level":"info","message":"Request completed","method":"GET","statusCode":304,"timestamp":"2025-12-20T22:20:48.045Z","url":"/current","userAgent":"Mozilla/5.0 (Macintosh; Intel Mac OS X 10_15_7) AppleWebKit/537.36 (KHTML, like Gecko) Chrome/143.0.0.0 Safari/537.36"}
{"level":"info","message":"SIGTERM received, shutting down gracefully","timestamp":"2025-12-20T22:21:10.526Z"}
{"level":"info","message":"🚀 Server running on port 5001","timestamp":"2025-12-20T22:21:11.651Z"}
{"level":"info","message":"📊 Environment: development","timestamp":"2025-12-20T22:21:11.659Z"}
{"level":"info","message":"🔗 Frontend URL: http://localhost:3000","timestamp":"2025-12-20T22:21:11.659Z"}
{"level":"info","message":"Iniciando job de transações recorrentes","timestamp":"2025-12-20T22:21:11.659Z"}
{"level":"info","message":"Executando job de transações recorrentes","timestamp":"2025-12-20T22:21:11.659Z"}
{"level":"info","message":"Iniciando processamento de transações recorrentes","timestamp":"2025-12-20T22:21:11.659Z"}
{"level":"info","message":"Job agendado para executar a cada 24 horas","timestamp":"2025-12-20T22:21:11.660Z"}
{"level":"info","message":"⏰ Jobs iniciados","timestamp":"2025-12-20T22:21:11.660Z"}
{"level":"info","message":"Processamento concluído: 0 transações criadas","timestamp":"2025-12-20T22:21:11.813Z"}
{"level":"info","message":"Job de transações recorrentes concluído com sucesso","timestamp":"2025-12-20T22:21:11.813Z"}
{"level":"info","message":"SIGTERM received, shutting down gracefully","timestamp":"2025-12-20T22:21:31.793Z"}
{"level":"info","message":"🚀 Server running on port 5001","timestamp":"2025-12-20T22:21:32.606Z"}
{"level":"info","message":"📊 Environment: development","timestamp":"2025-12-20T22:21:32.608Z"}
{"level":"info","message":"🔗 Frontend URL: http://localhost:3000","timestamp":"2025-12-20T22:21:32.608Z"}
{"level":"info","message":"Iniciando job de transações recorrentes","timestamp":"2025-12-20T22:21:32.608Z"}
{"level":"info","message":"Executando job de transações recorrentes","timestamp":"2025-12-20T22:21:32.608Z"}
{"level":"info","message":"Iniciando processamento de transações recorrentes","timestamp":"2025-12-20T22:21:32.608Z"}
{"level":"info","message":"Job agendado para executar a cada 24 horas","timestamp":"2025-12-20T22:21:32.608Z"}
{"level":"info","message":"⏰ Jobs iniciados","timestamp":"2025-12-20T22:21:32.609Z"}
{"level":"info","message":"Processamento concluído: 0 transações criadas","timestamp":"2025-12-20T22:21:32.631Z"}
{"level":"info","message":"Job de transações recorrentes concluído com sucesso","timestamp":"2025-12-20T22:21:32.631Z"}
{"level":"info","message":"🚀 Server running on port 5001","timestamp":"2025-12-20T22:22:28.699Z"}
{"level":"info","message":"📊 Environment: development","timestamp":"2025-12-20T22:22:28.701Z"}
{"level":"info","message":"🔗 Frontend URL: http://localhost:3000","timestamp":"2025-12-20T22:22:28.701Z"}
{"level":"info","message":"Iniciando job de transações recorrentes","timestamp":"2025-12-20T22:22:28.701Z"}
{"level":"info","message":"Executando job de transações recorrentes","timestamp":"2025-12-20T22:22:28.701Z"}
{"level":"info","message":"Iniciando processamento de transações recorrentes","timestamp":"2025-12-20T22:22:28.701Z"}
{"level":"info","message":"Job agendado para executar a cada 24 horas","timestamp":"2025-12-20T22:22:28.702Z"}
{"level":"info","message":"⏰ Jobs iniciados","timestamp":"2025-12-20T22:22:28.702Z"}
{"level":"info","message":"Processamento concluído: 0 transações criadas","timestamp":"2025-12-20T22:22:28.721Z"}
{"level":"info","message":"Job de transações recorrentes concluído com sucesso","timestamp":"2025-12-20T22:22:28.721Z"}
{"duration":"48ms","ip":"127.0.0.1","level":"info","message":"Request completed","method":"POST","statusCode":200,"timestamp":"2025-12-20T22:23:30.495Z","url":"/subscribe","userAgent":"Mozilla/5.0 (Macintosh; Intel Mac OS X 10_15_7) AppleWebKit/537.36 (KHTML, like Gecko) Chrome/143.0.0.0 Safari/537.36"}
{"duration":"5ms","ip":"127.0.0.1","level":"info","message":"Request completed","method":"GET","statusCode":304,"timestamp":"2025-12-20T22:23:30.505Z","url":"/plans","userAgent":"Mozilla/5.0 (Macintosh; Intel Mac OS X 10_15_7) AppleWebKit/537.36 (KHTML, like Gecko) Chrome/143.0.0.0 Safari/537.36"}
{"duration":"12ms","ip":"127.0.0.1","level":"info","message":"Request completed","method":"GET","statusCode":304,"timestamp":"2025-12-20T22:23:30.516Z","url":"/payments","userAgent":"Mozilla/5.0 (Macintosh; Intel Mac OS X 10_15_7) AppleWebKit/537.36 (KHTML, like Gecko) Chrome/143.0.0.0 Safari/537.36"}
{"duration":"14ms","ip":"127.0.0.1","level":"info","message":"Request completed","method":"GET","statusCode":200,"timestamp":"2025-12-20T22:23:30.516Z","url":"/current","userAgent":"Mozilla/5.0 (Macintosh; Intel Mac OS X 10_15_7) AppleWebKit/537.36 (KHTML, like Gecko) Chrome/143.0.0.0 Safari/537.36"}
{"duration":"26ms","ip":"127.0.0.1","level":"info","message":"Request completed","method":"GET","statusCode":304,"timestamp":"2025-12-20T22:25:08.080Z","url":"/plans","userAgent":"Mozilla/5.0 (Macintosh; Intel Mac OS X 10_15_7) AppleWebKit/537.36 (KHTML, like Gecko) Chrome/143.0.0.0 Safari/537.36"}
{"duration":"22ms","ip":"127.0.0.1","level":"info","message":"Request completed","method":"GET","statusCode":304,"timestamp":"2025-12-20T22:25:08.081Z","url":"/payments","userAgent":"Mozilla/5.0 (Macintosh; Intel Mac OS X 10_15_7) AppleWebKit/537.36 (KHTML, like Gecko) Chrome/143.0.0.0 Safari/537.36"}
{"duration":"26ms","ip":"127.0.0.1","level":"info","message":"Request completed","method":"GET","statusCode":304,"timestamp":"2025-12-20T22:25:08.084Z","url":"/current","userAgent":"Mozilla/5.0 (Macintosh; Intel Mac OS X 10_15_7) AppleWebKit/537.36 (KHTML, like Gecko) Chrome/143.0.0.0 Safari/537.36"}
{"duration":"2ms","ip":"127.0.0.1","level":"info","message":"Request completed","method":"GET","statusCode":304,"timestamp":"2025-12-20T22:25:08.085Z","url":"/plans","userAgent":"Mozilla/5.0 (Macintosh; Intel Mac OS X 10_15_7) AppleWebKit/537.36 (KHTML, like Gecko) Chrome/143.0.0.0 Safari/537.36"}
{"duration":"4ms","ip":"127.0.0.1","level":"info","message":"Request completed","method":"GET","statusCode":304,"timestamp":"2025-12-20T22:25:08.087Z","url":"/payments","userAgent":"Mozilla/5.0 (Macintosh; Intel Mac OS X 10_15_7) AppleWebKit/537.36 (KHTML, like Gecko) Chrome/143.0.0.0 Safari/537.36"}
{"duration":"4ms","ip":"127.0.0.1","level":"info","message":"Request completed","method":"GET","statusCode":304,"timestamp":"2025-12-20T22:25:08.089Z","url":"/current","userAgent":"Mozilla/5.0 (Macintosh; Intel Mac OS X 10_15_7) AppleWebKit/537.36 (KHTML, like Gecko) Chrome/143.0.0.0 Safari/537.36"}
{"duration":"6ms","ip":"127.0.0.1","level":"info","message":"Request completed","method":"GET","statusCode":304,"timestamp":"2025-12-20T22:25:17.043Z","url":"/plans","userAgent":"Mozilla/5.0 (Macintosh; Intel Mac OS X 10_15_7) AppleWebKit/537.36 (KHTML, like Gecko) Chrome/143.0.0.0 Safari/537.36"}
{"duration":"4ms","ip":"127.0.0.1","level":"info","message":"Request completed","method":"GET","statusCode":304,"timestamp":"2025-12-20T22:25:17.045Z","url":"/payments","userAgent":"Mozilla/5.0 (Macintosh; Intel Mac OS X 10_15_7) AppleWebKit/537.36 (KHTML, like Gecko) Chrome/143.0.0.0 Safari/537.36"}
{"duration":"6ms","ip":"127.0.0.1","level":"info","message":"Request completed","method":"GET","statusCode":304,"timestamp":"2025-12-20T22:25:17.046Z","url":"/current","userAgent":"Mozilla/5.0 (Macintosh; Intel Mac OS X 10_15_7) AppleWebKit/537.36 (KHTML, like Gecko) Chrome/143.0.0.0 Safari/537.36"}
{"duration":"254ms","ip":"127.0.0.1","level":"info","message":"Request completed","method":"GET","statusCode":304,"timestamp":"2025-12-20T22:26:08.303Z","url":"/plans","userAgent":"Mozilla/5.0 (Macintosh; Intel Mac OS X 10_15_7) AppleWebKit/537.36 (KHTML, like Gecko) Chrome/143.0.0.0 Safari/537.36"}
{"duration":"253ms","ip":"127.0.0.1","level":"info","message":"Request completed","method":"GET","statusCode":304,"timestamp":"2025-12-20T22:26:08.304Z","url":"/payments","userAgent":"Mozilla/5.0 (Macintosh; Intel Mac OS X 10_15_7) AppleWebKit/537.36 (KHTML, like Gecko) Chrome/143.0.0.0 Safari/537.36"}
{"duration":"256ms","ip":"127.0.0.1","level":"info","message":"Request completed","method":"GET","statusCode":304,"timestamp":"2025-12-20T22:26:08.306Z","url":"/current","userAgent":"Mozilla/5.0 (Macintosh; Intel Mac OS X 10_15_7) AppleWebKit/537.36 (KHTML, like Gecko) Chrome/143.0.0.0 Safari/537.36"}
{"duration":"6980ms","ip":"127.0.0.1","level":"info","message":"Request completed","method":"POST","statusCode":200,"timestamp":"2025-12-20T22:28:36.510Z","url":"/subscribe","userAgent":"Mozilla/5.0 (Macintosh; Intel Mac OS X 10_15_7) AppleWebKit/537.36 (KHTML, like Gecko) Chrome/143.0.0.0 Safari/537.36"}
{"duration":"477ms","ip":"127.0.0.1","level":"info","message":"Request completed","method":"GET","statusCode":200,"timestamp":"2025-12-20T22:28:55.531Z","url":"/payment/3/status","userAgent":"Mozilla/5.0 (Macintosh; Intel Mac OS X 10_15_7) AppleWebKit/537.36 (KHTML, like Gecko) Chrome/143.0.0.0 Safari/537.36"}
{"duration":"464ms","ip":"127.0.0.1","level":"info","message":"Request completed","method":"GET","statusCode":200,"timestamp":"2025-12-20T22:29:51.805Z","url":"/payment/3/status","userAgent":"Mozilla/5.0 (Macintosh; Intel Mac OS X 10_15_7) AppleWebKit/537.36 (KHTML, like Gecko) Chrome/143.0.0.0 Safari/537.36"}
{"level":"info","message":"SIGTERM received, shutting down gracefully","timestamp":"2025-12-20T22:31:10.455Z"}
{"level":"info","message":"🚀 Server running on port 5001","timestamp":"2025-12-20T22:31:11.444Z"}
{"level":"info","message":"📊 Environment: development","timestamp":"2025-12-20T22:31:11.446Z"}
{"level":"info","message":"🔗 Frontend URL: http://localhost:3000","timestamp":"2025-12-20T22:31:11.446Z"}
{"level":"info","message":"Iniciando job de transações recorrentes","timestamp":"2025-12-20T22:31:11.446Z"}
{"level":"info","message":"Executando job de transações recorrentes","timestamp":"2025-12-20T22:31:11.446Z"}
{"level":"info","message":"Iniciando processamento de transações recorrentes","timestamp":"2025-12-20T22:31:11.446Z"}
{"level":"info","message":"Job agendado para executar a cada 24 horas","timestamp":"2025-12-20T22:31:11.447Z"}
{"level":"info","message":"⏰ Jobs iniciados","timestamp":"2025-12-20T22:31:11.447Z"}
{"level":"info","message":"Processamento concluído: 0 transações criadas","timestamp":"2025-12-20T22:31:11.706Z"}
{"level":"info","message":"Job de transações recorrentes concluído com sucesso","timestamp":"2025-12-20T22:31:11.707Z"}
{"level":"info","message":"SIGTERM received, shutting down gracefully","timestamp":"2025-12-20T22:31:28.200Z"}
{"level":"info","message":"🚀 Server running on port 5001","timestamp":"2025-12-20T22:31:29.175Z"}
{"level":"info","message":"📊 Environment: development","timestamp":"2025-12-20T22:31:29.178Z"}
{"level":"info","message":"🔗 Frontend URL: http://localhost:3000","timestamp":"2025-12-20T22:31:29.178Z"}
{"level":"info","message":"Iniciando job de transações recorrentes","timestamp":"2025-12-20T22:31:29.178Z"}
{"level":"info","message":"Executando job de transações recorrentes","timestamp":"2025-12-20T22:31:29.178Z"}
{"level":"info","message":"Iniciando processamento de transações recorrentes","timestamp":"2025-12-20T22:31:29.178Z"}
{"level":"info","message":"Job agendado para executar a cada 24 horas","timestamp":"2025-12-20T22:31:29.178Z"}
{"level":"info","message":"⏰ Jobs iniciados","timestamp":"2025-12-20T22:31:29.179Z"}
{"level":"info","message":"Processamento concluído: 0 transações criadas","timestamp":"2025-12-20T22:31:29.201Z"}
{"level":"info","message":"Job de transações recorrentes concluído com sucesso","timestamp":"2025-12-20T22:31:29.202Z"}
{"level":"info","message":"SIGTERM received, shutting down gracefully","timestamp":"2025-12-20T22:31:40.312Z"}
{"level":"info","message":"🚀 Server running on port 5001","timestamp":"2025-12-20T22:31:41.138Z"}
{"level":"info","message":"📊 Environment: development","timestamp":"2025-12-20T22:31:41.141Z"}
{"level":"info","message":"🔗 Frontend URL: http://localhost:3000","timestamp":"2025-12-20T22:31:41.141Z"}
{"level":"info","message":"Iniciando job de transações recorrentes","timestamp":"2025-12-20T22:31:41.141Z"}
{"level":"info","message":"Executando job de transações recorrentes","timestamp":"2025-12-20T22:31:41.141Z"}
{"level":"info","message":"Iniciando processamento de transações recorrentes","timestamp":"2025-12-20T22:31:41.141Z"}
{"level":"info","message":"Job agendado para executar a cada 24 horas","timestamp":"2025-12-20T22:31:41.142Z"}
{"level":"info","message":"⏰ Jobs iniciados","timestamp":"2025-12-20T22:31:41.142Z"}
{"level":"info","message":"Processamento concluído: 0 transações criadas","timestamp":"2025-12-20T22:31:41.165Z"}
{"level":"info","message":"Job de transações recorrentes concluído com sucesso","timestamp":"2025-12-20T22:31:41.165Z"}
{"level":"info","message":"SIGTERM received, shutting down gracefully","timestamp":"2025-12-20T22:31:50.914Z"}
{"level":"info","message":"🚀 Server running on port 5001","timestamp":"2025-12-20T22:31:51.842Z"}
{"level":"info","message":"📊 Environment: development","timestamp":"2025-12-20T22:31:51.844Z"}
{"level":"info","message":"🔗 Frontend URL: http://localhost:3000","timestamp":"2025-12-20T22:31:51.844Z"}
{"level":"info","message":"Iniciando job de transações recorrentes","timestamp":"2025-12-20T22:31:51.844Z"}
{"level":"info","message":"Executando job de transações recorrentes","timestamp":"2025-12-20T22:31:51.844Z"}
{"level":"info","message":"Iniciando processamento de transações recorrentes","timestamp":"2025-12-20T22:31:51.845Z"}
{"level":"info","message":"Job agendado para executar a cada 24 horas","timestamp":"2025-12-20T22:31:51.845Z"}
{"level":"info","message":"⏰ Jobs iniciados","timestamp":"2025-12-20T22:31:51.845Z"}
{"level":"info","message":"Processamento concluído: 0 transações criadas","timestamp":"2025-12-20T22:31:52.104Z"}
{"level":"info","message":"Job de transações recorrentes concluído com sucesso","timestamp":"2025-12-20T22:31:52.104Z"}
{"duration":"5964ms","ip":"127.0.0.1","level":"info","message":"Request completed","method":"POST","statusCode":200,"timestamp":"2025-12-20T22:35:01.553Z","url":"/subscribe","userAgent":"Mozilla/5.0 (Macintosh; Intel Mac OS X 10_15_7) AppleWebKit/537.36 (KHTML, like Gecko) Chrome/143.0.0.0 Safari/537.36"}
{"level":"info","message":"SIGTERM received, shutting down gracefully","timestamp":"2025-12-20T22:36:46.173Z"}
{"level":"info","message":"🚀 Server running on port 5001","timestamp":"2025-12-20T22:36:47.286Z"}
{"level":"info","message":"📊 Environment: development","timestamp":"2025-12-20T22:36:47.291Z"}
{"level":"info","message":"🔗 Frontend URL: http://localhost:3000","timestamp":"2025-12-20T22:36:47.291Z"}
{"level":"info","message":"Iniciando job de transações recorrentes","timestamp":"2025-12-20T22:36:47.291Z"}
{"level":"info","message":"Executando job de transações recorrentes","timestamp":"2025-12-20T22:36:47.291Z"}
{"level":"info","message":"Iniciando processamento de transações recorrentes","timestamp":"2025-12-20T22:36:47.292Z"}
{"level":"info","message":"Job agendado para executar a cada 24 horas","timestamp":"2025-12-20T22:36:47.292Z"}
{"level":"info","message":"⏰ Jobs iniciados","timestamp":"2025-12-20T22:36:47.292Z"}
{"level":"info","message":"Processamento concluído: 0 transações criadas","timestamp":"2025-12-20T22:36:48.002Z"}
{"level":"info","message":"Job de transações recorrentes concluído com sucesso","timestamp":"2025-12-20T22:36:48.002Z"}
{"level":"info","message":"SIGTERM received, shutting down gracefully","timestamp":"2025-12-20T22:36:57.052Z"}
{"level":"info","message":"🚀 Server running on port 5001","timestamp":"2025-12-20T22:36:57.804Z"}
{"level":"info","message":"📊 Environment: development","timestamp":"2025-12-20T22:36:57.807Z"}
{"level":"info","message":"🔗 Frontend URL: http://localhost:3000","timestamp":"2025-12-20T22:36:57.808Z"}
{"level":"info","message":"Iniciando job de transações recorrentes","timestamp":"2025-12-20T22:36:57.808Z"}
{"level":"info","message":"Executando job de transações recorrentes","timestamp":"2025-12-20T22:36:57.808Z"}
{"level":"info","message":"Iniciando processamento de transações recorrentes","timestamp":"2025-12-20T22:36:57.808Z"}
{"level":"info","message":"Job agendado para executar a cada 24 horas","timestamp":"2025-12-20T22:36:57.808Z"}
{"level":"info","message":"⏰ Jobs iniciados","timestamp":"2025-12-20T22:36:57.808Z"}
{"level":"info","message":"Processamento concluído: 0 transações criadas","timestamp":"2025-12-20T22:36:58.045Z"}
{"level":"info","message":"Job de transações recorrentes concluído com sucesso","timestamp":"2025-12-20T22:36:58.045Z"}
{"level":"info","message":"SIGTERM received, shutting down gracefully","timestamp":"2025-12-20T22:37:11.519Z"}
{"level":"info","message":"🚀 Server running on port 5001","timestamp":"2025-12-20T22:37:12.431Z"}
{"level":"info","message":"📊 Environment: development","timestamp":"2025-12-20T22:37:12.434Z"}
{"level":"info","message":"🔗 Frontend URL: http://localhost:3000","timestamp":"2025-12-20T22:37:12.434Z"}
{"level":"info","message":"Iniciando job de transações recorrentes","timestamp":"2025-12-20T22:37:12.434Z"}
{"level":"info","message":"Executando job de transações recorrentes","timestamp":"2025-12-20T22:37:12.434Z"}
{"level":"info","message":"Iniciando processamento de transações recorrentes","timestamp":"2025-12-20T22:37:12.434Z"}
{"level":"info","message":"Job agendado para executar a cada 24 horas","timestamp":"2025-12-20T22:37:12.434Z"}
{"level":"info","message":"⏰ Jobs iniciados","timestamp":"2025-12-20T22:37:12.434Z"}
{"level":"info","message":"Processamento concluído: 0 transações criadas","timestamp":"2025-12-20T22:37:12.470Z"}
{"level":"info","message":"Job de transações recorrentes concluído com sucesso","timestamp":"2025-12-20T22:37:12.471Z"}
{"duration":"260ms","ip":"127.0.0.1","level":"info","message":"Request completed","method":"GET","statusCode":304,"timestamp":"2025-12-20T22:39:25.413Z","url":"/plans","userAgent":"Mozilla/5.0 (Macintosh; Intel Mac OS X 10_15_7) AppleWebKit/537.36 (KHTML, like Gecko) Chrome/143.0.0.0 Safari/537.36"}
{"duration":"2ms","ip":"127.0.0.1","level":"info","message":"Request completed","method":"GET","statusCode":304,"timestamp":"2025-12-20T22:39:25.419Z","url":"/plans","userAgent":"Mozilla/5.0 (Macintosh; Intel Mac OS X 10_15_7) AppleWebKit/537.36 (KHTML, like Gecko) Chrome/143.0.0.0 Safari/537.36"}
{"duration":"254ms","ip":"127.0.0.1","level":"info","message":"Request completed","method":"GET","statusCode":200,"timestamp":"2025-12-20T22:39:25.421Z","url":"/payments","userAgent":"Mozilla/5.0 (Macintosh; Intel Mac OS X 10_15_7) AppleWebKit/537.36 (KHTML, like Gecko) Chrome/143.0.0.0 Safari/537.36"}
{"duration":"265ms","ip":"127.0.0.1","level":"info","message":"Request completed","method":"GET","statusCode":200,"timestamp":"2025-12-20T22:39:25.422Z","url":"/current","userAgent":"Mozilla/5.0 (Macintosh; Intel Mac OS X 10_15_7) AppleWebKit/537.36 (KHTML, like Gecko) Chrome/143.0.0.0 Safari/537.36"}
{"duration":"5ms","ip":"127.0.0.1","level":"info","message":"Request completed","method":"GET","statusCode":304,"timestamp":"2025-12-20T22:39:25.428Z","url":"/payments","userAgent":"Mozilla/5.0 (Macintosh; Intel Mac OS X 10_15_7) AppleWebKit/537.36 (KHTML, like Gecko) Chrome/143.0.0.0 Safari/537.36"}
{"duration":"8ms","ip":"127.0.0.1","level":"info","message":"Request completed","method":"GET","statusCode":304,"timestamp":"2025-12-20T22:39:25.433Z","url":"/current","userAgent":"Mozilla/5.0 (Macintosh; Intel Mac OS X 10_15_7) AppleWebKit/537.36 (KHTML, like Gecko) Chrome/143.0.0.0 Safari/537.36"}
{"duration":"5ms","ip":"127.0.0.1","level":"info","message":"Request completed","method":"GET","statusCode":304,"timestamp":"2025-12-20T22:39:34.068Z","url":"/plans","userAgent":"Mozilla/5.0 (Macintosh; Intel Mac OS X 10_15_7) AppleWebKit/537.36 (KHTML, like Gecko) Chrome/143.0.0.0 Safari/537.36"}
{"duration":"9ms","ip":"127.0.0.1","level":"info","message":"Request completed","method":"GET","statusCode":304,"timestamp":"2025-12-20T22:39:34.074Z","url":"/current","userAgent":"Mozilla/5.0 (Macintosh; Intel Mac OS X 10_15_7) AppleWebKit/537.36 (KHTML, like Gecko) Chrome/143.0.0.0 Safari/537.36"}
{"duration":"9ms","ip":"127.0.0.1","level":"info","message":"Request completed","method":"GET","statusCode":304,"timestamp":"2025-12-20T22:39:34.076Z","url":"/payments","userAgent":"Mozilla/5.0 (Macintosh; Intel Mac OS X 10_15_7) AppleWebKit/537.36 (KHTML, like Gecko) Chrome/143.0.0.0 Safari/537.36"}
{"duration":"3ms","ip":"127.0.0.1","level":"info","message":"Request completed","method":"GET","statusCode":304,"timestamp":"2025-12-20T22:39:43.066Z","url":"/plans","userAgent":"Mozilla/5.0 (Macintosh; Intel Mac OS X 10_15_7) AppleWebKit/537.36 (KHTML, like Gecko) Chrome/143.0.0.0 Safari/537.36"}
{"duration":"4ms","ip":"127.0.0.1","level":"info","message":"Request completed","method":"GET","statusCode":304,"timestamp":"2025-12-20T22:39:43.069Z","url":"/payments","userAgent":"Mozilla/5.0 (Macintosh; Intel Mac OS X 10_15_7) AppleWebKit/537.36 (KHTML, like Gecko) Chrome/143.0.0.0 Safari/537.36"}
{"duration":"5ms","ip":"127.0.0.1","level":"info","message":"Request completed","method":"GET","statusCode":304,"timestamp":"2025-12-20T22:39:43.069Z","url":"/current","userAgent":"Mozilla/5.0 (Macintosh; Intel Mac OS X 10_15_7) AppleWebKit/537.36 (KHTML, like Gecko) Chrome/143.0.0.0 Safari/537.36"}
{"duration":"16ms","ip":"127.0.0.1","level":"info","message":"Request completed","method":"GET","statusCode":304,"timestamp":"2025-12-20T22:40:08.080Z","url":"/plans","userAgent":"Mozilla/5.0 (Macintosh; Intel Mac OS X 10_15_7) AppleWebKit/537.36 (KHTML, like Gecko) Chrome/143.0.0.0 Safari/537.36"}
{"duration":"18ms","ip":"127.0.0.1","level":"info","message":"Request completed","method":"GET","statusCode":304,"timestamp":"2025-12-20T22:40:08.082Z","url":"/payments","userAgent":"Mozilla/5.0 (Macintosh; Intel Mac OS X 10_15_7) AppleWebKit/537.36 (KHTML, like Gecko) Chrome/143.0.0.0 Safari/537.36"}
{"duration":"21ms","ip":"127.0.0.1","level":"info","message":"Request completed","method":"GET","statusCode":304,"timestamp":"2025-12-20T22:40:08.083Z","url":"/current","userAgent":"Mozilla/5.0 (Macintosh; Intel Mac OS X 10_15_7) AppleWebKit/537.36 (KHTML, like Gecko) Chrome/143.0.0.0 Safari/537.36"}
{"duration":"103ms","ip":"127.0.0.1","level":"info","message":"Request completed","method":"GET","statusCode":304,"timestamp":"2025-12-20T22:40:51.169Z","url":"/plans","userAgent":"Mozilla/5.0 (Macintosh; Intel Mac OS X 10_15_7) AppleWebKit/537.36 (KHTML, like Gecko) Chrome/143.0.0.0 Safari/537.36"}
{"duration":"105ms","ip":"127.0.0.1","level":"info","message":"Request completed","method":"GET","statusCode":304,"timestamp":"2025-12-20T22:40:51.175Z","url":"/payments","userAgent":"Mozilla/5.0 (Macintosh; Intel Mac OS X 10_15_7) AppleWebKit/537.36 (KHTML, like Gecko) Chrome/143.0.0.0 Safari/537.36"}
{"duration":"109ms","ip":"127.0.0.1","level":"info","message":"Request completed","method":"GET","statusCode":304,"timestamp":"2025-12-20T22:40:51.177Z","url":"/current","userAgent":"Mozilla/5.0 (Macintosh; Intel Mac OS X 10_15_7) AppleWebKit/537.36 (KHTML, like Gecko) Chrome/143.0.0.0 Safari/537.36"}
{"level":"info","message":"SIGTERM received, shutting down gracefully","timestamp":"2025-12-20T22:40:52.017Z"}
{"level":"info","message":"🚀 Server running on port 5001","timestamp":"2025-12-20T22:40:53.029Z"}
{"level":"info","message":"📊 Environment: development","timestamp":"2025-12-20T22:40:53.033Z"}
{"level":"info","message":"🔗 Frontend URL: http://localhost:3000","timestamp":"2025-12-20T22:40:53.033Z"}
{"level":"info","message":"Iniciando job de transações recorrentes","timestamp":"2025-12-20T22:40:53.033Z"}
{"level":"info","message":"Executando job de transações recorrentes","timestamp":"2025-12-20T22:40:53.033Z"}
{"level":"info","message":"Iniciando processamento de transações recorrentes","timestamp":"2025-12-20T22:40:53.033Z"}
{"level":"info","message":"Job agendado para executar a cada 24 horas","timestamp":"2025-12-20T22:40:53.034Z"}
{"level":"info","message":"⏰ Jobs iniciados","timestamp":"2025-12-20T22:40:53.034Z"}
{"level":"info","message":"Processamento concluído: 0 transações criadas","timestamp":"2025-12-20T22:40:53.070Z"}
{"level":"info","message":"Job de transações recorrentes concluído com sucesso","timestamp":"2025-12-20T22:40:53.070Z"}
{"level":"info","message":"SIGTERM received, shutting down gracefully","timestamp":"2025-12-20T22:40:53.251Z"}
{"level":"info","message":"🚀 Server running on port 5001","timestamp":"2025-12-20T22:40:53.964Z"}
{"level":"info","message":"📊 Environment: development","timestamp":"2025-12-20T22:40:53.965Z"}
{"level":"info","message":"🔗 Frontend URL: http://localhost:3000","timestamp":"2025-12-20T22:40:53.965Z"}
{"level":"info","message":"Iniciando job de transações recorrentes","timestamp":"2025-12-20T22:40:53.966Z"}
{"level":"info","message":"Executando job de transações recorrentes","timestamp":"2025-12-20T22:40:53.966Z"}
{"level":"info","message":"Iniciando processamento de transações recorrentes","timestamp":"2025-12-20T22:40:53.966Z"}
{"level":"info","message":"Job agendado para executar a cada 24 horas","timestamp":"2025-12-20T22:40:53.966Z"}
{"level":"info","message":"⏰ Jobs iniciados","timestamp":"2025-12-20T22:40:53.966Z"}
{"level":"info","message":"Processamento concluído: 0 transações criadas","timestamp":"2025-12-20T22:40:53.988Z"}
{"level":"info","message":"Job de transações recorrentes concluído com sucesso","timestamp":"2025-12-20T22:40:53.988Z"}
{"level":"info","message":"SIGTERM received, shutting down gracefully","timestamp":"2025-12-20T22:40:59.367Z"}
{"level":"info","message":"🚀 Server running on port 5001","timestamp":"2025-12-20T22:41:00.220Z"}
{"level":"info","message":"📊 Environment: development","timestamp":"2025-12-20T22:41:00.222Z"}
{"level":"info","message":"🔗 Frontend URL: http://localhost:3000","timestamp":"2025-12-20T22:41:00.222Z"}
{"level":"info","message":"Iniciando job de transações recorrentes","timestamp":"2025-12-20T22:41:00.223Z"}
{"level":"info","message":"Executando job de transações recorrentes","timestamp":"2025-12-20T22:41:00.223Z"}
{"level":"info","message":"Iniciando processamento de transações recorrentes","timestamp":"2025-12-20T22:41:00.223Z"}
{"level":"info","message":"Job agendado para executar a cada 24 horas","timestamp":"2025-12-20T22:41:00.223Z"}
{"level":"info","message":"⏰ Jobs iniciados","timestamp":"2025-12-20T22:41:00.223Z"}
{"level":"info","message":"Processamento concluído: 0 transações criadas","timestamp":"2025-12-20T22:41:00.253Z"}
{"level":"info","message":"Job de transações recorrentes concluído com sucesso","timestamp":"2025-12-20T22:41:00.253Z"}
{"level":"info","message":"SIGTERM received, shutting down gracefully","timestamp":"2025-12-20T22:41:06.821Z"}
{"level":"info","message":"🚀 Server running on port 5001","timestamp":"2025-12-20T22:41:07.531Z"}
{"level":"info","message":"📊 Environment: development","timestamp":"2025-12-20T22:41:07.533Z"}
{"level":"info","message":"🔗 Frontend URL: http://localhost:3000","timestamp":"2025-12-20T22:41:07.533Z"}
{"level":"info","message":"Iniciando job de transações recorrentes","timestamp":"2025-12-20T22:41:07.533Z"}
{"level":"info","message":"Executando job de transações recorrentes","timestamp":"2025-12-20T22:41:07.533Z"}
{"level":"info","message":"Iniciando processamento de transações recorrentes","timestamp":"2025-12-20T22:41:07.533Z"}
{"level":"info","message":"Job agendado para executar a cada 24 horas","timestamp":"2025-12-20T22:41:07.534Z"}
{"level":"info","message":"⏰ Jobs iniciados","timestamp":"2025-12-20T22:41:07.534Z"}
{"level":"info","message":"Processamento concluído: 0 transações criadas","timestamp":"2025-12-20T22:41:07.556Z"}
{"level":"info","message":"Job de transações recorrentes concluído com sucesso","timestamp":"2025-12-20T22:41:07.556Z"}
{"level":"info","message":"🚀 Server running on port 5001","timestamp":"2025-12-20T22:41:20.071Z"}
{"level":"info","message":"📊 Environment: development","timestamp":"2025-12-20T22:41:20.073Z"}
{"level":"info","message":"🔗 Frontend URL: http://localhost:3000","timestamp":"2025-12-20T22:41:20.073Z"}
{"level":"info","message":"Iniciando job de transações recorrentes","timestamp":"2025-12-20T22:41:20.073Z"}
{"level":"info","message":"Executando job de transações recorrentes","timestamp":"2025-12-20T22:41:20.073Z"}
{"level":"info","message":"Iniciando processamento de transações recorrentes","timestamp":"2025-12-20T22:41:20.073Z"}
{"level":"info","message":"Job agendado para executar a cada 24 horas","timestamp":"2025-12-20T22:41:20.074Z"}
{"level":"info","message":"⏰ Jobs iniciados","timestamp":"2025-12-20T22:41:20.074Z"}
{"level":"info","message":"Processamento concluído: 0 transações criadas","timestamp":"2025-12-20T22:41:20.098Z"}
{"level":"info","message":"Job de transações recorrentes concluído com sucesso","timestamp":"2025-12-20T22:41:20.098Z"}
{"duration":"84ms","ip":"127.0.0.1","level":"info","message":"Request completed","method":"POST","statusCode":200,"timestamp":"2025-12-20T22:46:20.811Z","url":"/subscribe","userAgent":"Mozilla/5.0 (Macintosh; Intel Mac OS X 10_15_7) AppleWebKit/537.36 (KHTML, like Gecko) Chrome/143.0.0.0 Safari/537.36"}
{"duration":"12ms","ip":"127.0.0.1","level":"info","message":"Request completed","method":"GET","statusCode":304,"timestamp":"2025-12-20T22:46:20.831Z","url":"/plans","userAgent":"Mozilla/5.0 (Macintosh; Intel Mac OS X 10_15_7) AppleWebKit/537.36 (KHTML, like Gecko) Chrome/143.0.0.0 Safari/537.36"}
{"duration":"12ms","ip":"127.0.0.1","level":"info","message":"Request completed","method":"GET","statusCode":304,"timestamp":"2025-12-20T22:46:20.834Z","url":"/payments","userAgent":"Mozilla/5.0 (Macintosh; Intel Mac OS X 10_15_7) AppleWebKit/537.36 (KHTML, like Gecko) Chrome/143.0.0.0 Safari/537.36"}
{"duration":"13ms","ip":"127.0.0.1","level":"info","message":"Request completed","method":"GET","statusCode":200,"timestamp":"2025-12-20T22:46:20.834Z","url":"/current","userAgent":"Mozilla/5.0 (Macintosh; Intel Mac OS X 10_15_7) AppleWebKit/537.36 (KHTML, like Gecko) Chrome/143.0.0.0 Safari/537.36"}
{"duration":"8314ms","ip":"127.0.0.1","level":"info","message":"Request completed","method":"POST","statusCode":200,"timestamp":"2025-12-20T22:46:51.892Z","url":"/subscribe","userAgent":"Mozilla/5.0 (Macintosh; Intel Mac OS X 10_15_7) AppleWebKit/537.36 (KHTML, like Gecko) Chrome/143.0.0.0 Safari/537.36"}
{"duration":"463ms","ip":"127.0.0.1","level":"info","message":"Request completed","method":"GET","statusCode":200,"timestamp":"2025-12-20T22:47:18.798Z","url":"/payment/5/status","userAgent":"Mozilla/5.0 (Macintosh; Intel Mac OS X 10_15_7) AppleWebKit/537.36 (KHTML, like Gecko) Chrome/143.0.0.0 Safari/537.36"}
{"duration":"458ms","ip":"127.0.0.1","level":"info","message":"Request completed","method":"GET","statusCode":304,"timestamp":"2025-12-20T22:48:35.272Z","url":"/payment/5/status","userAgent":"Mozilla/5.0 (Macintosh; Intel Mac OS X 10_15_7) AppleWebKit/537.36 (KHTML, like Gecko) Chrome/143.0.0.0 Safari/537.36"}
{"level":"info","message":"SIGTERM received, shutting down gracefully","timestamp":"2025-12-20T22:49:11.130Z"}
{"level":"info","message":"🚀 Server running on port 5001","timestamp":"2025-12-20T22:49:12.139Z"}
{"level":"info","message":"📊 Environment: development","timestamp":"2025-12-20T22:49:12.142Z"}
{"level":"info","message":"🔗 Frontend URL: http://localhost:3000","timestamp":"2025-12-20T22:49:12.142Z"}
{"level":"info","message":"Iniciando job de transações recorrentes","timestamp":"2025-12-20T22:49:12.142Z"}
{"level":"info","message":"Executando job de transações recorrentes","timestamp":"2025-12-20T22:49:12.142Z"}
{"level":"info","message":"Iniciando processamento de transações recorrentes","timestamp":"2025-12-20T22:49:12.143Z"}
{"level":"info","message":"Job agendado para executar a cada 24 horas","timestamp":"2025-12-20T22:49:12.143Z"}
{"level":"info","message":"⏰ Jobs iniciados","timestamp":"2025-12-20T22:49:12.143Z"}
{"level":"info","message":"Processamento concluído: 0 transações criadas","timestamp":"2025-12-20T22:49:12.472Z"}
{"level":"info","message":"Job de transações recorrentes concluído com sucesso","timestamp":"2025-12-20T22:49:12.472Z"}
{"duration":"32ms","ip":"127.0.0.1","level":"info","message":"Request completed","method":"GET","statusCode":304,"timestamp":"2025-12-20T22:49:35.099Z","url":"/plans","userAgent":"Mozilla/5.0 (Macintosh; Intel Mac OS X 10_15_7) AppleWebKit/537.36 (KHTML, like Gecko) Chrome/143.0.0.0 Safari/537.36"}
{"duration":"29ms","ip":"127.0.0.1","level":"info","message":"Request completed","method":"GET","statusCode":200,"timestamp":"2025-12-20T22:49:35.101Z","url":"/payments","userAgent":"Mozilla/5.0 (Macintosh; Intel Mac OS X 10_15_7) AppleWebKit/537.36 (KHTML, like Gecko) Chrome/143.0.0.0 Safari/537.36"}
{"duration":"33ms","ip":"127.0.0.1","level":"info","message":"Request completed","method":"GET","statusCode":200,"timestamp":"2025-12-20T22:49:35.102Z","url":"/current","userAgent":"Mozilla/5.0 (Macintosh; Intel Mac OS X 10_15_7) AppleWebKit/537.36 (KHTML, like Gecko) Chrome/143.0.0.0 Safari/537.36"}
{"duration":"34ms","ip":"127.0.0.1","level":"info","message":"Request completed","method":"POST","statusCode":200,"timestamp":"2025-12-20T22:50:57.186Z","url":"/subscribe","userAgent":"Mozilla/5.0 (Macintosh; Intel Mac OS X 10_15_7) AppleWebKit/537.36 (KHTML, like Gecko) Chrome/143.0.0.0 Safari/537.36"}
{"duration":"9ms","ip":"127.0.0.1","level":"info","message":"Request completed","method":"GET","statusCode":200,"timestamp":"2025-12-20T22:50:57.203Z","url":"/current","userAgent":"Mozilla/5.0 (Macintosh; Intel Mac OS X 10_15_7) AppleWebKit/537.36 (KHTML, like Gecko) Chrome/143.0.0.0 Safari/537.36"}
{"duration":"20ms","ip":"127.0.0.1","level":"info","message":"Request completed","method":"GET","statusCode":304,"timestamp":"2025-12-20T22:50:57.215Z","url":"/plans","userAgent":"Mozilla/5.0 (Macintosh; Intel Mac OS X 10_15_7) AppleWebKit/537.36 (KHTML, like Gecko) Chrome/143.0.0.0 Safari/537.36"}
{"duration":"20ms","ip":"127.0.0.1","level":"info","message":"Request completed","method":"GET","statusCode":304,"timestamp":"2025-12-20T22:50:57.216Z","url":"/payments","userAgent":"Mozilla/5.0 (Macintosh; Intel Mac OS X 10_15_7) AppleWebKit/537.36 (KHTML, like Gecko) Chrome/143.0.0.0 Safari/537.36"}
{"level":"info","message":"SIGINT received, shutting down gracefully","timestamp":"2025-12-20T22:51:03.732Z"}
{"level":"info","message":"🚀 Server running on port 5001","timestamp":"2025-12-20T22:51:25.479Z"}
{"level":"info","message":"📊 Environment: development","timestamp":"2025-12-20T22:51:25.481Z"}
{"level":"info","message":"🔗 Frontend URL: http://localhost:3000","timestamp":"2025-12-20T22:51:25.481Z"}
{"level":"info","message":"Iniciando job de transações recorrentes","timestamp":"2025-12-20T22:51:25.481Z"}
{"level":"info","message":"Executando job de transações recorrentes","timestamp":"2025-12-20T22:51:25.481Z"}
{"level":"info","message":"Iniciando processamento de transações recorrentes","timestamp":"2025-12-20T22:51:25.481Z"}
{"level":"info","message":"Job agendado para executar a cada 24 horas","timestamp":"2025-12-20T22:51:25.481Z"}
{"level":"info","message":"⏰ Jobs iniciados","timestamp":"2025-12-20T22:51:25.481Z"}
{"level":"info","message":"Processamento concluído: 0 transações criadas","timestamp":"2025-12-20T22:51:25.507Z"}
{"level":"info","message":"Job de transações recorrentes concluído com sucesso","timestamp":"2025-12-20T22:51:25.507Z"}
{"duration":"6657ms","ip":"127.0.0.1","level":"info","message":"Request completed","method":"POST","statusCode":200,"timestamp":"2025-12-20T22:51:52.347Z","url":"/subscribe","userAgent":"Mozilla/5.0 (Macintosh; Intel Mac OS X 10_15_7) AppleWebKit/537.36 (KHTML, like Gecko) Chrome/143.0.0.0 Safari/537.36"}
{"duration":"5ms","ip":"127.0.0.1","level":"info","message":"Request completed","method":"GET","statusCode":304,"timestamp":"2025-12-20T22:51:52.370Z","url":"/plans","userAgent":"Mozilla/5.0 (Macintosh; Intel Mac OS X 10_15_7) AppleWebKit/537.36 (KHTML, like Gecko) Chrome/143.0.0.0 Safari/537.36"}
{"duration":"16ms","ip":"127.0.0.1","level":"info","message":"Request completed","method":"GET","statusCode":200,"timestamp":"2025-12-20T22:51:52.384Z","url":"/payments","userAgent":"Mozilla/5.0 (Macintosh; Intel Mac OS X 10_15_7) AppleWebKit/537.36 (KHTML, like Gecko) Chrome/143.0.0.0 Safari/537.36"}
{"duration":"19ms","ip":"127.0.0.1","level":"info","message":"Request completed","method":"GET","statusCode":200,"timestamp":"2025-12-20T22:51:52.385Z","url":"/current","userAgent":"Mozilla/5.0 (Macintosh; Intel Mac OS X 10_15_7) AppleWebKit/537.36 (KHTML, like Gecko) Chrome/143.0.0.0 Safari/537.36"}
{"duration":"81ms","ip":"127.0.0.1","level":"info","message":"Request completed","method":"GET","statusCode":304,"timestamp":"2025-12-20T22:53:26.477Z","url":"/plans","userAgent":"Mozilla/5.0 (Macintosh; Intel Mac OS X 10_15_7) AppleWebKit/537.36 (KHTML, like Gecko) Chrome/143.0.0.0 Safari/537.36"}
{"duration":"84ms","ip":"127.0.0.1","level":"info","message":"Request completed","method":"GET","statusCode":304,"timestamp":"2025-12-20T22:53:26.486Z","url":"/payments","userAgent":"Mozilla/5.0 (Macintosh; Intel Mac OS X 10_15_7) AppleWebKit/537.36 (KHTML, like Gecko) Chrome/143.0.0.0 Safari/537.36"}
{"duration":"92ms","ip":"127.0.0.1","level":"info","message":"Request completed","method":"GET","statusCode":304,"timestamp":"2025-12-20T22:53:26.488Z","url":"/current","userAgent":"Mozilla/5.0 (Macintosh; Intel Mac OS X 10_15_7) AppleWebKit/537.36 (KHTML, like Gecko) Chrome/143.0.0.0 Safari/537.36"}
{"duration":"5ms","ip":"127.0.0.1","level":"info","message":"Request completed","method":"GET","statusCode":200,"timestamp":"2025-12-20T22:53:38.192Z","url":"/plans","userAgent":"Mozilla/5.0 (Macintosh; Intel Mac OS X 10_15_7) AppleWebKit/537.36 (KHTML, like Gecko) Chrome/143.0.0.0 Safari/537.36"}
{"duration":"2ms","ip":"127.0.0.1","level":"info","message":"Request completed","method":"GET","statusCode":304,"timestamp":"2025-12-20T22:53:38.196Z","url":"/plans","userAgent":"Mozilla/5.0 (Macintosh; Intel Mac OS X 10_15_7) AppleWebKit/537.36 (KHTML, like Gecko) Chrome/143.0.0.0 Safari/537.36"}
{"duration":"4ms","ip":"127.0.0.1","level":"info","message":"Request completed","method":"GET","statusCode":200,"timestamp":"2025-12-20T22:53:38.197Z","url":"/payments","userAgent":"Mozilla/5.0 (Macintosh; Intel Mac OS X 10_15_7) AppleWebKit/537.36 (KHTML, like Gecko) Chrome/143.0.0.0 Safari/537.36"}
{"duration":"7ms","ip":"127.0.0.1","level":"info","message":"Request completed","method":"GET","statusCode":200,"timestamp":"2025-12-20T22:53:38.199Z","url":"/current","userAgent":"Mozilla/5.0 (Macintosh; Intel Mac OS X 10_15_7) AppleWebKit/537.36 (KHTML, like Gecko) Chrome/143.0.0.0 Safari/537.36"}
{"duration":"4ms","ip":"127.0.0.1","level":"info","message":"Request completed","method":"GET","statusCode":304,"timestamp":"2025-12-20T22:53:38.203Z","url":"/payments","userAgent":"Mozilla/5.0 (Macintosh; Intel Mac OS X 10_15_7) AppleWebKit/537.36 (KHTML, like Gecko) Chrome/143.0.0.0 Safari/537.36"}
{"duration":"4ms","ip":"127.0.0.1","level":"info","message":"Request completed","method":"GET","statusCode":304,"timestamp":"2025-12-20T22:53:38.205Z","url":"/current","userAgent":"Mozilla/5.0 (Macintosh; Intel Mac OS X 10_15_7) AppleWebKit/537.36 (KHTML, like Gecko) Chrome/143.0.0.0 Safari/537.36"}
{"duration":"27ms","ip":"127.0.0.1","level":"info","message":"Request completed","method":"GET","statusCode":304,"timestamp":"2025-12-20T22:53:44.979Z","url":"/plans","userAgent":"Mozilla/5.0 (Macintosh; Intel Mac OS X 10_15_7) AppleWebKit/537.36 (KHTML, like Gecko) Chrome/143.0.0.0 Safari/537.36"}
{"duration":"16ms","ip":"127.0.0.1","level":"info","message":"Request completed","method":"GET","statusCode":304,"timestamp":"2025-12-20T22:53:44.983Z","url":"/payments","userAgent":"Mozilla/5.0 (Macintosh; Intel Mac OS X 10_15_7) AppleWebKit/537.36 (KHTML, like Gecko) Chrome/143.0.0.0 Safari/537.36"}
{"duration":"33ms","ip":"127.0.0.1","level":"info","message":"Request completed","method":"GET","statusCode":304,"timestamp":"2025-12-20T22:53:44.984Z","url":"/current","userAgent":"Mozilla/5.0 (Macintosh; Intel Mac OS X 10_15_7) AppleWebKit/537.36 (KHTML, like Gecko) Chrome/143.0.0.0 Safari/537.36"}
{"duration":"52ms","ip":"127.0.0.1","level":"info","message":"Request completed","method":"GET","statusCode":304,"timestamp":"2025-12-20T22:54:26.323Z","url":"/plans","userAgent":"Mozilla/5.0 (Macintosh; Intel Mac OS X 10_15_7) AppleWebKit/537.36 (KHTML, like Gecko) Chrome/143.0.0.0 Safari/537.36"}
{"duration":"51ms","ip":"127.0.0.1","level":"info","message":"Request completed","method":"GET","statusCode":304,"timestamp":"2025-12-20T22:54:26.327Z","url":"/payments","userAgent":"Mozilla/5.0 (Macintosh; Intel Mac OS X 10_15_7) AppleWebKit/537.36 (KHTML, like Gecko) Chrome/143.0.0.0 Safari/537.36"}
{"duration":"55ms","ip":"127.0.0.1","level":"info","message":"Request completed","method":"GET","statusCode":304,"timestamp":"2025-12-20T22:54:26.329Z","url":"/current","userAgent":"Mozilla/5.0 (Macintosh; Intel Mac OS X 10_15_7) AppleWebKit/537.36 (KHTML, like Gecko) Chrome/143.0.0.0 Safari/537.36"}
{"level":"info","message":"🚀 Server running on port 5001","timestamp":"2025-12-22T10:20:51.645Z"}
{"level":"info","message":"📊 Environment: development","timestamp":"2025-12-22T10:20:51.647Z"}
{"level":"info","message":"🔗 Frontend URL: http://localhost:3000","timestamp":"2025-12-22T10:20:51.647Z"}
{"level":"info","message":"Iniciando job de transações recorrentes","timestamp":"2025-12-22T10:20:51.647Z"}
{"level":"info","message":"Executando job de transações recorrentes","timestamp":"2025-12-22T10:20:51.647Z"}
{"level":"info","message":"Iniciando processamento de transações recorrentes","timestamp":"2025-12-22T10:20:51.647Z"}
{"level":"info","message":"Job agendado para executar a cada 24 horas","timestamp":"2025-12-22T10:20:51.648Z"}
{"level":"info","message":"⏰ Jobs iniciados","timestamp":"2025-12-22T10:20:51.648Z"}
{"level":"info","message":"Processamento concluído: 0 transações criadas","timestamp":"2025-12-22T10:20:51.722Z"}
{"level":"info","message":"Job de transações recorrentes concluído com sucesso","timestamp":"2025-12-22T10:20:51.723Z"}
{"duration":"73ms","ip":"127.0.0.1","level":"info","message":"Request completed","method":"GET","statusCode":200,"timestamp":"2025-12-22T10:22:17.113Z","url":"/dashboard/stats","userAgent":"Mozilla/5.0 (Macintosh; Intel Mac OS X 10_15_7) AppleWebKit/537.36 (KHTML, like Gecko) Chrome/143.0.0.0 Safari/537.36"}
{"duration":"6ms","ip":"127.0.0.1","level":"info","message":"Request completed","method":"GET","statusCode":304,"timestamp":"2025-12-22T10:22:21.403Z","url":"/plans","userAgent":"Mozilla/5.0 (Macintosh; Intel Mac OS X 10_15_7) AppleWebKit/537.36 (KHTML, like Gecko) Chrome/143.0.0.0 Safari/537.36"}
{"duration":"1ms","ip":"127.0.0.1","level":"info","message":"Request completed","method":"GET","statusCode":304,"timestamp":"2025-12-22T10:22:21.404Z","url":"/plans","userAgent":"Mozilla/5.0 (Macintosh; Intel Mac OS X 10_15_7) AppleWebKit/537.36 (KHTML, like Gecko) Chrome/143.0.0.0 Safari/537.36"}
{"duration":"16ms","ip":"127.0.0.1","level":"info","message":"Request completed","method":"GET","statusCode":304,"timestamp":"2025-12-22T10:22:21.417Z","url":"/payments","userAgent":"Mozilla/5.0 (Macintosh; Intel Mac OS X 10_15_7) AppleWebKit/537.36 (KHTML, like Gecko) Chrome/143.0.0.0 Safari/537.36"}
{"duration":"20ms","ip":"127.0.0.1","level":"info","message":"Request completed","method":"GET","statusCode":304,"timestamp":"2025-12-22T10:22:21.419Z","url":"/current","userAgent":"Mozilla/5.0 (Macintosh; Intel Mac OS X 10_15_7) AppleWebKit/537.36 (KHTML, like Gecko) Chrome/143.0.0.0 Safari/537.36"}
{"duration":"2ms","ip":"127.0.0.1","level":"info","message":"Request completed","method":"GET","statusCode":304,"timestamp":"2025-12-22T10:22:21.419Z","url":"/payments","userAgent":"Mozilla/5.0 (Macintosh; Intel Mac OS X 10_15_7) AppleWebKit/537.36 (KHTML, like Gecko) Chrome/143.0.0.0 Safari/537.36"}
{"duration":"4ms","ip":"127.0.0.1","level":"info","message":"Request completed","method":"GET","statusCode":304,"timestamp":"2025-12-22T10:22:21.424Z","url":"/current","userAgent":"Mozilla/5.0 (Macintosh; Intel Mac OS X 10_15_7) AppleWebKit/537.36 (KHTML, like Gecko) Chrome/143.0.0.0 Safari/537.36"}
{"duration":"34ms","ip":"127.0.0.1","level":"info","message":"Request completed","method":"GET","statusCode":200,"timestamp":"2025-12-22T10:22:32.856Z","url":"/me","userAgent":"Mozilla/5.0 (Macintosh; Intel Mac OS X 10_15_7) AppleWebKit/537.36 (KHTML, like Gecko) Chrome/143.0.0.0 Safari/537.36"}
{"duration":"32ms","ip":"127.0.0.1","level":"info","message":"Request completed","method":"GET","statusCode":304,"timestamp":"2025-12-22T10:22:32.857Z","url":"/","userAgent":"Mozilla/5.0 (Macintosh; Intel Mac OS X 10_15_7) AppleWebKit/537.36 (KHTML, like Gecko) Chrome/143.0.0.0 Safari/537.36"}
{"duration":"35ms","ip":"127.0.0.1","level":"info","message":"Request completed","method":"GET","statusCode":304,"timestamp":"2025-12-22T10:22:32.859Z","url":"/summary","userAgent":"Mozilla/5.0 (Macintosh; Intel Mac OS X 10_15_7) AppleWebKit/537.36 (KHTML, like Gecko) Chrome/143.0.0.0 Safari/537.36"}
{"duration":"41ms","ip":"127.0.0.1","level":"info","message":"Request completed","method":"GET","statusCode":304,"timestamp":"2025-12-22T10:22:32.864Z","url":"/summary","userAgent":"Mozilla/5.0 (Macintosh; Intel Mac OS X 10_15_7) AppleWebKit/537.36 (KHTML, like Gecko) Chrome/143.0.0.0 Safari/537.36"}
{"duration":"3ms","ip":"127.0.0.1","level":"info","message":"Request completed","method":"GET","statusCode":304,"timestamp":"2025-12-22T10:22:35.003Z","url":"/","userAgent":"Mozilla/5.0 (Macintosh; Intel Mac OS X 10_15_7) AppleWebKit/537.36 (KHTML, like Gecko) Chrome/143.0.0.0 Safari/537.36"}
{"duration":"20ms","ip":"127.0.0.1","level":"info","message":"Request completed","method":"GET","statusCode":304,"timestamp":"2025-12-22T10:27:43.209Z","url":"/","userAgent":"Mozilla/5.0 (Macintosh; Intel Mac OS X 10_15_7) AppleWebKit/537.36 (KHTML, like Gecko) Chrome/143.0.0.0 Safari/537.36"}
{"duration":"24ms","ip":"127.0.0.1","level":"info","message":"Request completed","method":"GET","statusCode":304,"timestamp":"2025-12-22T10:27:43.210Z","url":"/","userAgent":"Mozilla/5.0 (Macintosh; Intel Mac OS X 10_15_7) AppleWebKit/537.36 (KHTML, like Gecko) Chrome/143.0.0.0 Safari/537.36"}
{"duration":"23ms","ip":"127.0.0.1","level":"info","message":"Request completed","method":"GET","statusCode":304,"timestamp":"2025-12-22T10:27:43.214Z","url":"/summary","userAgent":"Mozilla/5.0 (Macintosh; Intel Mac OS X 10_15_7) AppleWebKit/537.36 (KHTML, like Gecko) Chrome/143.0.0.0 Safari/537.36"}
{"duration":"98ms","ip":"127.0.0.1","level":"info","message":"Request completed","method":"GET","statusCode":304,"timestamp":"2025-12-22T10:32:13.601Z","url":"/dashboard/stats","userAgent":"Mozilla/5.0 (Macintosh; Intel Mac OS X 10_15_7) AppleWebKit/537.36 (KHTML, like Gecko) Chrome/143.0.0.0 Safari/537.36"}
{"level":"info","message":"🚀 Server running on port 5001","timestamp":"2025-12-22T10:32:58.571Z"}
{"level":"info","message":"📊 Environment: development","timestamp":"2025-12-22T10:32:58.572Z"}
{"level":"info","message":"🔗 Frontend URL: http://localhost:3000","timestamp":"2025-12-22T10:32:58.572Z"}
{"level":"info","message":"Iniciando job de transações recorrentes","timestamp":"2025-12-22T10:32:58.573Z"}
{"level":"info","message":"Executando job de transações recorrentes","timestamp":"2025-12-22T10:32:58.573Z"}
{"level":"info","message":"Iniciando processamento de transações recorrentes","timestamp":"2025-12-22T10:32:58.573Z"}
{"level":"info","message":"Job agendado para executar a cada 24 horas","timestamp":"2025-12-22T10:32:58.573Z"}
{"level":"info","message":"⏰ Jobs iniciados","timestamp":"2025-12-22T10:32:58.573Z"}
{"level":"info","message":"Processamento concluído: 0 transações criadas","timestamp":"2025-12-22T10:32:58.618Z"}
{"level":"info","message":"Job de transações recorrentes concluído com sucesso","timestamp":"2025-12-22T10:32:58.619Z"}
{"duration":"42ms","ip":"127.0.0.1","level":"info","message":"Request completed","method":"GET","statusCode":304,"timestamp":"2025-12-22T10:34:00.636Z","url":"/dashboard/stats","userAgent":"Mozilla/5.0 (Macintosh; Intel Mac OS X 10_15_7) AppleWebKit/537.36 (KHTML, like Gecko) Chrome/143.0.0.0 Safari/537.36"}
{"duration":"20ms","ip":"127.0.0.1","level":"info","message":"Request completed","method":"GET","statusCode":304,"timestamp":"2025-12-22T10:34:09.148Z","url":"/me","userAgent":"Mozilla/5.0 (Macintosh; Intel Mac OS X 10_15_7) AppleWebKit/537.36 (KHTML, like Gecko) Chrome/143.0.0.0 Safari/537.36"}
{"duration":"51ms","ip":"127.0.0.1","level":"info","message":"Request completed","method":"GET","statusCode":304,"timestamp":"2025-12-22T10:34:09.188Z","url":"/","userAgent":"Mozilla/5.0 (Macintosh; Intel Mac OS X 10_15_7) AppleWebKit/537.36 (KHTML, like Gecko) Chrome/143.0.0.0 Safari/537.36"}
{"duration":"51ms","ip":"127.0.0.1","level":"info","message":"Request completed","method":"GET","statusCode":304,"timestamp":"2025-12-22T10:34:09.189Z","url":"/summary","userAgent":"Mozilla/5.0 (Macintosh; Intel Mac OS X 10_15_7) AppleWebKit/537.36 (KHTML, like Gecko) Chrome/143.0.0.0 Safari/537.36"}
{"duration":"59ms","ip":"127.0.0.1","level":"info","message":"Request completed","method":"GET","statusCode":304,"timestamp":"2025-12-22T10:34:09.191Z","url":"/summary","userAgent":"Mozilla/5.0 (Macintosh; Intel Mac OS X 10_15_7) AppleWebKit/537.36 (KHTML, like Gecko) Chrome/143.0.0.0 Safari/537.36"}
{"level":"info","message":"SIGTERM received, shutting down gracefully","timestamp":"2025-12-22T10:34:42.223Z"}
{"level":"info","message":"🚀 Server running on port 5001","timestamp":"2025-12-22T10:35:01.071Z"}
{"level":"info","message":"📊 Environment: development","timestamp":"2025-12-22T10:35:01.073Z"}
{"level":"info","message":"🔗 Frontend URL: http://localhost:3000","timestamp":"2025-12-22T10:35:01.073Z"}
{"level":"info","message":"Iniciando job de transações recorrentes","timestamp":"2025-12-22T10:35:01.073Z"}
{"level":"info","message":"Executando job de transações recorrentes","timestamp":"2025-12-22T10:35:01.073Z"}
{"level":"info","message":"Iniciando processamento de transações recorrentes","timestamp":"2025-12-22T10:35:01.073Z"}
{"level":"info","message":"Job agendado para executar a cada 24 horas","timestamp":"2025-12-22T10:35:01.074Z"}
{"level":"info","message":"⏰ Jobs iniciados","timestamp":"2025-12-22T10:35:01.074Z"}
{"level":"info","message":"Processamento concluído: 0 transações criadas","timestamp":"2025-12-22T10:35:01.094Z"}
{"level":"info","message":"Job de transações recorrentes concluído com sucesso","timestamp":"2025-12-22T10:35:01.094Z"}
{"duration":"263ms","ip":"127.0.0.1","level":"info","message":"Request completed","method":"GET","statusCode":304,"timestamp":"2025-12-22T10:35:16.065Z","url":"/me","userAgent":"Mozilla/5.0 (Macintosh; Intel Mac OS X 10_15_7) AppleWebKit/537.36 (KHTML, like Gecko) Chrome/143.0.0.0 Safari/537.36"}
{"duration":"254ms","ip":"127.0.0.1","level":"info","message":"Request completed","method":"GET","statusCode":304,"timestamp":"2025-12-22T10:35:16.065Z","url":"/summary","userAgent":"Mozilla/5.0 (Macintosh; Intel Mac OS X 10_15_7) AppleWebKit/537.36 (KHTML, like Gecko) Chrome/143.0.0.0 Safari/537.36"}
{"duration":"255ms","ip":"127.0.0.1","level":"info","message":"Request completed","method":"GET","statusCode":304,"timestamp":"2025-12-22T10:35:16.065Z","url":"/","userAgent":"Mozilla/5.0 (Macintosh; Intel Mac OS X 10_15_7) AppleWebKit/537.36 (KHTML, like Gecko) Chrome/143.0.0.0 Safari/537.36"}
{"duration":"259ms","ip":"127.0.0.1","level":"info","message":"Request completed","method":"GET","statusCode":304,"timestamp":"2025-12-22T10:35:16.066Z","url":"/summary","userAgent":"Mozilla/5.0 (Macintosh; Intel Mac OS X 10_15_7) AppleWebKit/537.36 (KHTML, like Gecko) Chrome/143.0.0.0 Safari/537.36"}
{"duration":"76ms","ip":"127.0.0.1","level":"info","message":"Request completed","method":"GET","statusCode":304,"timestamp":"2025-12-22T10:35:26.838Z","url":"/","userAgent":"Mozilla/5.0 (Macintosh; Intel Mac OS X 10_15_7) AppleWebKit/537.36 (KHTML, like Gecko) Chrome/143.0.0.0 Safari/537.36"}
{"duration":"91ms","ip":"127.0.0.1","level":"info","message":"Request completed","method":"GET","statusCode":304,"timestamp":"2025-12-22T10:35:26.841Z","url":"/me","userAgent":"Mozilla/5.0 (Macintosh; Intel Mac OS X 10_15_7) AppleWebKit/537.36 (KHTML, like Gecko) Chrome/143.0.0.0 Safari/537.36"}
{"duration":"86ms","ip":"127.0.0.1","level":"info","message":"Request completed","method":"GET","statusCode":304,"timestamp":"2025-12-22T10:35:26.841Z","url":"/summary","userAgent":"Mozilla/5.0 (Macintosh; Intel Mac OS X 10_15_7) AppleWebKit/537.36 (KHTML, like Gecko) Chrome/143.0.0.0 Safari/537.36"}
{"duration":"76ms","ip":"127.0.0.1","level":"info","message":"Request completed","method":"GET","statusCode":304,"timestamp":"2025-12-22T10:35:26.842Z","url":"/summary","userAgent":"Mozilla/5.0 (Macintosh; Intel Mac OS X 10_15_7) AppleWebKit/537.36 (KHTML, like Gecko) Chrome/143.0.0.0 Safari/537.36"}
{"level":"info","message":"🚀 Server running on port 5001","timestamp":"2025-12-22T10:40:27.949Z"}
{"level":"info","message":"📊 Environment: development","timestamp":"2025-12-22T10:40:27.950Z"}
{"level":"info","message":"🔗 Frontend URL: http://localhost:3000","timestamp":"2025-12-22T10:40:27.951Z"}
{"level":"info","message":"Iniciando job de transações recorrentes","timestamp":"2025-12-22T10:40:27.951Z"}
{"level":"info","message":"Executando job de transações recorrentes","timestamp":"2025-12-22T10:40:27.951Z"}
{"level":"info","message":"Iniciando processamento de transações recorrentes","timestamp":"2025-12-22T10:40:27.951Z"}
{"level":"info","message":"Job agendado para executar a cada 24 horas","timestamp":"2025-12-22T10:40:27.951Z"}
{"level":"info","message":"⏰ Jobs iniciados","timestamp":"2025-12-22T10:40:27.951Z"}
{"level":"info","message":"Processamento concluído: 0 transações criadas","timestamp":"2025-12-22T10:40:27.990Z"}
{"level":"info","message":"Job de transações recorrentes concluído com sucesso","timestamp":"2025-12-22T10:40:27.990Z"}
{"duration":"80ms","ip":"127.0.0.1","level":"info","message":"Request completed","method":"GET","statusCode":304,"timestamp":"2025-12-22T10:44:37.253Z","url":"/dashboard/stats","userAgent":"Mozilla/5.0 (Macintosh; Intel Mac OS X 10_15_7) AppleWebKit/537.36 (KHTML, like Gecko) Chrome/143.0.0.0 Safari/537.36"}
{"duration":"9ms","ip":"127.0.0.1","level":"info","message":"Request completed","method":"GET","statusCode":304,"timestamp":"2025-12-22T10:44:39.646Z","url":"/me","userAgent":"Mozilla/5.0 (Macintosh; Intel Mac OS X 10_15_7) AppleWebKit/537.36 (KHTML, like Gecko) Chrome/143.0.0.0 Safari/537.36"}
{"duration":"19ms","ip":"127.0.0.1","level":"info","message":"Request completed","method":"GET","statusCode":304,"timestamp":"2025-12-22T10:44:39.660Z","url":"/","userAgent":"Mozilla/5.0 (Macintosh; Intel Mac OS X 10_15_7) AppleWebKit/537.36 (KHTML, like Gecko) Chrome/143.0.0.0 Safari/537.36"}
{"duration":"17ms","ip":"127.0.0.1","level":"info","message":"Request completed","method":"GET","statusCode":304,"timestamp":"2025-12-22T10:44:39.661Z","url":"/summary","userAgent":"Mozilla/5.0 (Macintosh; Intel Mac OS X 10_15_7) AppleWebKit/537.36 (KHTML, like Gecko) Chrome/143.0.0.0 Safari/537.36"}
{"duration":"22ms","ip":"127.0.0.1","level":"info","message":"Request completed","method":"GET","statusCode":304,"timestamp":"2025-12-22T10:44:39.662Z","url":"/summary","userAgent":"Mozilla/5.0 (Macintosh; Intel Mac OS X 10_15_7) AppleWebKit/537.36 (KHTML, like Gecko) Chrome/143.0.0.0 Safari/537.36"}
{"duration":"58ms","ip":"127.0.0.1","level":"info","message":"Request completed","method":"GET","statusCode":304,"timestamp":"2025-12-22T10:45:30.210Z","url":"/","userAgent":"Mozilla/5.0 (Macintosh; Intel Mac OS X 10_15_7) AppleWebKit/537.36 (KHTML, like Gecko) Chrome/143.0.0.0 Safari/537.36"}
{"duration":"81ms","ip":"127.0.0.1","level":"info","message":"Request completed","method":"GET","statusCode":200,"timestamp":"2025-12-22T10:45:30.217Z","url":"/","userAgent":"Mozilla/5.0 (Macintosh; Intel Mac OS X 10_15_7) AppleWebKit/537.36 (KHTML, like Gecko) Chrome/143.0.0.0 Safari/537.36"}
{"error":"User not found","ip":"127.0.0.1","level":"error","message":"Error occurred:","method":"POST","stack":"Error: User not found\n    at new NotFoundError (/Users/pedrodivino/Dev/home_finances/backend/src/core/errors/app-error.ts:39:5)\n    at AccountService.createAccount (/Users/pedrodivino/Dev/home_finances/backend/src/domain/services/account.service.ts:58:13)\n    at process.processTicksAndRejections (node:internal/process/task_queues:105:5)\n    at async createAccount (/Users/pedrodivino/Dev/home_finances/backend/src/api/controllers/account.controller.ts:60:23)","timestamp":"2025-12-22T10:47:03.288Z","url":"/api/accounts","userAgent":"Mozilla/5.0 (Macintosh; Intel Mac OS X 10_15_7) AppleWebKit/537.36 (KHTML, like Gecko) Chrome/143.0.0.0 Safari/537.36"}
{"duration":"24ms","ip":"127.0.0.1","level":"info","message":"Request completed","method":"POST","statusCode":404,"timestamp":"2025-12-22T10:47:03.288Z","url":"/api/accounts","userAgent":"Mozilla/5.0 (Macintosh; Intel Mac OS X 10_15_7) AppleWebKit/537.36 (KHTML, like Gecko) Chrome/143.0.0.0 Safari/537.36"}
{"error":"User not found","ip":"127.0.0.1","level":"error","message":"Error occurred:","method":"POST","stack":"Error: User not found\n    at new NotFoundError (/Users/pedrodivino/Dev/home_finances/backend/src/core/errors/app-error.ts:39:5)\n    at AccountService.createAccount (/Users/pedrodivino/Dev/home_finances/backend/src/domain/services/account.service.ts:58:13)\n    at process.processTicksAndRejections (node:internal/process/task_queues:105:5)\n    at async createAccount (/Users/pedrodivino/Dev/home_finances/backend/src/api/controllers/account.controller.ts:60:23)","timestamp":"2025-12-22T10:47:10.738Z","url":"/api/accounts","userAgent":"Mozilla/5.0 (Macintosh; Intel Mac OS X 10_15_7) AppleWebKit/537.36 (KHTML, like Gecko) Chrome/143.0.0.0 Safari/537.36"}
{"duration":"7ms","ip":"127.0.0.1","level":"info","message":"Request completed","method":"POST","statusCode":404,"timestamp":"2025-12-22T10:47:10.740Z","url":"/api/accounts","userAgent":"Mozilla/5.0 (Macintosh; Intel Mac OS X 10_15_7) AppleWebKit/537.36 (KHTML, like Gecko) Chrome/143.0.0.0 Safari/537.36"}
{"level":"info","message":"SIGTERM received, shutting down gracefully","timestamp":"2025-12-22T10:48:20.986Z"}
{"level":"info","message":"🚀 Server running on port 5001","timestamp":"2025-12-22T10:48:22.195Z"}
{"level":"info","message":"📊 Environment: development","timestamp":"2025-12-22T10:48:22.197Z"}
{"level":"info","message":"🔗 Frontend URL: http://localhost:3000","timestamp":"2025-12-22T10:48:22.197Z"}
{"level":"info","message":"Iniciando job de transações recorrentes","timestamp":"2025-12-22T10:48:22.198Z"}
{"level":"info","message":"Executando job de transações recorrentes","timestamp":"2025-12-22T10:48:22.198Z"}
{"level":"info","message":"Iniciando processamento de transações recorrentes","timestamp":"2025-12-22T10:48:22.198Z"}
{"level":"info","message":"Job agendado para executar a cada 24 horas","timestamp":"2025-12-22T10:48:22.198Z"}
{"level":"info","message":"⏰ Jobs iniciados","timestamp":"2025-12-22T10:48:22.198Z"}
{"level":"info","message":"Processamento concluído: 0 transações criadas","timestamp":"2025-12-22T10:48:22.817Z"}
{"level":"info","message":"Job de transações recorrentes concluído com sucesso","timestamp":"2025-12-22T10:48:22.818Z"}
{"level":"info","message":"SIGTERM received, shutting down gracefully","timestamp":"2025-12-22T10:49:00.201Z"}
{"level":"info","message":"🚀 Server running on port 5001","timestamp":"2025-12-22T10:49:01.023Z"}
{"level":"info","message":"📊 Environment: development","timestamp":"2025-12-22T10:49:01.025Z"}
{"level":"info","message":"🔗 Frontend URL: http://localhost:3000","timestamp":"2025-12-22T10:49:01.025Z"}
{"level":"info","message":"Iniciando job de transações recorrentes","timestamp":"2025-12-22T10:49:01.025Z"}
{"level":"info","message":"Executando job de transações recorrentes","timestamp":"2025-12-22T10:49:01.025Z"}
{"level":"info","message":"Iniciando processamento de transações recorrentes","timestamp":"2025-12-22T10:49:01.025Z"}
{"level":"info","message":"Job agendado para executar a cada 24 horas","timestamp":"2025-12-22T10:49:01.025Z"}
{"level":"info","message":"⏰ Jobs iniciados","timestamp":"2025-12-22T10:49:01.026Z"}
{"level":"info","message":"Processamento concluído: 0 transações criadas","timestamp":"2025-12-22T10:49:01.044Z"}
{"level":"info","message":"Job de transações recorrentes concluído com sucesso","timestamp":"2025-12-22T10:49:01.045Z"}
{"level":"info","message":"SIGTERM received, shutting down gracefully","timestamp":"2025-12-22T10:49:07.494Z"}
{"level":"info","message":"🚀 Server running on port 5001","timestamp":"2025-12-22T10:49:08.175Z"}
{"level":"info","message":"📊 Environment: development","timestamp":"2025-12-22T10:49:08.177Z"}
{"level":"info","message":"🔗 Frontend URL: http://localhost:3000","timestamp":"2025-12-22T10:49:08.177Z"}
{"level":"info","message":"Iniciando job de transações recorrentes","timestamp":"2025-12-22T10:49:08.177Z"}
{"level":"info","message":"Executando job de transações recorrentes","timestamp":"2025-12-22T10:49:08.177Z"}
{"level":"info","message":"Iniciando processamento de transações recorrentes","timestamp":"2025-12-22T10:49:08.177Z"}
{"level":"info","message":"Job agendado para executar a cada 24 horas","timestamp":"2025-12-22T10:49:08.178Z"}
{"level":"info","message":"⏰ Jobs iniciados","timestamp":"2025-12-22T10:49:08.178Z"}
{"level":"info","message":"Processamento concluído: 0 transações criadas","timestamp":"2025-12-22T10:49:08.199Z"}
{"level":"info","message":"Job de transações recorrentes concluído com sucesso","timestamp":"2025-12-22T10:49:08.199Z"}
{"level":"info","message":"SIGTERM received, shutting down gracefully","timestamp":"2025-12-22T10:49:28.234Z"}
{"level":"info","message":"🚀 Server running on port 5001","timestamp":"2025-12-22T10:49:28.882Z"}
{"level":"info","message":"📊 Environment: development","timestamp":"2025-12-22T10:49:28.884Z"}
{"level":"info","message":"🔗 Frontend URL: http://localhost:3000","timestamp":"2025-12-22T10:49:28.884Z"}
{"level":"info","message":"Iniciando job de transações recorrentes","timestamp":"2025-12-22T10:49:28.885Z"}
{"level":"info","message":"Executando job de transações recorrentes","timestamp":"2025-12-22T10:49:28.885Z"}
{"level":"info","message":"Iniciando processamento de transações recorrentes","timestamp":"2025-12-22T10:49:28.885Z"}
{"level":"info","message":"Job agendado para executar a cada 24 horas","timestamp":"2025-12-22T10:49:28.887Z"}
{"level":"info","message":"⏰ Jobs iniciados","timestamp":"2025-12-22T10:49:28.887Z"}
{"level":"info","message":"Processamento concluído: 0 transações criadas","timestamp":"2025-12-22T10:49:28.908Z"}
{"level":"info","message":"Job de transações recorrentes concluído com sucesso","timestamp":"2025-12-22T10:49:28.909Z"}
{"duration":"23ms","ip":"127.0.0.1","level":"info","message":"Request completed","method":"GET","statusCode":304,"timestamp":"2025-12-22T10:50:13.634Z","url":"/","userAgent":"Mozilla/5.0 (Macintosh; Intel Mac OS X 10_15_7) AppleWebKit/537.36 (KHTML, like Gecko) Chrome/143.0.0.0 Safari/537.36"}
{"duration":"17ms","ip":"127.0.0.1","level":"info","message":"Request completed","method":"GET","statusCode":304,"timestamp":"2025-12-22T10:50:13.635Z","url":"/summary","userAgent":"Mozilla/5.0 (Macintosh; Intel Mac OS X 10_15_7) AppleWebKit/537.36 (KHTML, like Gecko) Chrome/143.0.0.0 Safari/537.36"}
{"duration":"20ms","ip":"127.0.0.1","level":"info","message":"Request completed","method":"POST","statusCode":201,"timestamp":"2025-12-22T10:50:16.249Z","url":"/","userAgent":"Mozilla/5.0 (Macintosh; Intel Mac OS X 10_15_7) AppleWebKit/537.36 (KHTML, like Gecko) Chrome/143.0.0.0 Safari/537.36"}
{"duration":"3ms","ip":"127.0.0.1","level":"info","message":"Request completed","method":"GET","statusCode":200,"timestamp":"2025-12-22T10:50:16.256Z","url":"/","userAgent":"Mozilla/5.0 (Macintosh; Intel Mac OS X 10_15_7) AppleWebKit/537.36 (KHTML, like Gecko) Chrome/143.0.0.0 Safari/537.36"}
{"duration":"27ms","ip":"127.0.0.1","level":"info","message":"Request completed","method":"GET","statusCode":304,"timestamp":"2025-12-22T10:50:42.026Z","url":"/","userAgent":"Mozilla/5.0 (Macintosh; Intel Mac OS X 10_15_7) AppleWebKit/537.36 (KHTML, like Gecko) Chrome/143.0.0.0 Safari/537.36"}
{"duration":"26ms","ip":"127.0.0.1","level":"info","message":"Request completed","method":"GET","statusCode":304,"timestamp":"2025-12-22T10:50:42.027Z","url":"/summary","userAgent":"Mozilla/5.0 (Macintosh; Intel Mac OS X 10_15_7) AppleWebKit/537.36 (KHTML, like Gecko) Chrome/143.0.0.0 Safari/537.36"}
{"duration":"25ms","ip":"127.0.0.1","level":"info","message":"Request completed","method":"GET","statusCode":304,"timestamp":"2025-12-22T10:50:42.028Z","url":"/","userAgent":"Mozilla/5.0 (Macintosh; Intel Mac OS X 10_15_7) AppleWebKit/537.36 (KHTML, like Gecko) Chrome/143.0.0.0 Safari/537.36"}
{"duration":"25ms","ip":"127.0.0.1","level":"info","message":"Request completed","method":"GET","statusCode":304,"timestamp":"2025-12-22T10:50:42.029Z","url":"/","userAgent":"Mozilla/5.0 (Macintosh; Intel Mac OS X 10_15_7) AppleWebKit/537.36 (KHTML, like Gecko) Chrome/143.0.0.0 Safari/537.36"}
{"duration":"8ms","ip":"127.0.0.1","level":"info","message":"Request completed","method":"GET","statusCode":304,"timestamp":"2025-12-22T10:50:49.686Z","url":"/","userAgent":"Mozilla/5.0 (Macintosh; Intel Mac OS X 10_15_7) AppleWebKit/537.36 (KHTML, like Gecko) Chrome/143.0.0.0 Safari/537.36"}
{"duration":"120ms","ip":"127.0.0.1","level":"info","message":"Request completed","method":"POST","statusCode":200,"timestamp":"2025-12-22T10:55:19.823Z","url":"/defaults","userAgent":"Mozilla/5.0 (Macintosh; Intel Mac OS X 10_15_7) AppleWebKit/537.36 (KHTML, like Gecko) Chrome/143.0.0.0 Safari/537.36"}
{"duration":"96ms","ip":"127.0.0.1","level":"info","message":"Request completed","method":"POST","statusCode":200,"timestamp":"2025-12-22T10:55:19.824Z","url":"/defaults","userAgent":"Mozilla/5.0 (Macintosh; Intel Mac OS X 10_15_7) AppleWebKit/537.36 (KHTML, like Gecko) Chrome/143.0.0.0 Safari/537.36"}
{"duration":"3ms","ip":"127.0.0.1","level":"info","message":"Request completed","method":"GET","statusCode":200,"timestamp":"2025-12-22T10:55:19.834Z","url":"/","userAgent":"Mozilla/5.0 (Macintosh; Intel Mac OS X 10_15_7) AppleWebKit/537.36 (KHTML, like Gecko) Chrome/143.0.0.0 Safari/537.36"}
{"duration":"2ms","ip":"127.0.0.1","level":"info","message":"Request completed","method":"GET","statusCode":304,"timestamp":"2025-12-22T10:55:19.837Z","url":"/","userAgent":"Mozilla/5.0 (Macintosh; Intel Mac OS X 10_15_7) AppleWebKit/537.36 (KHTML, like Gecko) Chrome/143.0.0.0 Safari/537.36"}
{"duration":"47ms","ip":"127.0.0.1","level":"info","message":"Request completed","method":"GET","statusCode":304,"timestamp":"2025-12-22T10:55:43.600Z","url":"/","userAgent":"Mozilla/5.0 (Macintosh; Intel Mac OS X 10_15_7) AppleWebKit/537.36 (KHTML, like Gecko) Chrome/143.0.0.0 Safari/537.36"}
{"duration":"52ms","ip":"127.0.0.1","level":"info","message":"Request completed","method":"GET","statusCode":304,"timestamp":"2025-12-22T10:55:43.601Z","url":"/","userAgent":"Mozilla/5.0 (Macintosh; Intel Mac OS X 10_15_7) AppleWebKit/537.36 (KHTML, like Gecko) Chrome/143.0.0.0 Safari/537.36"}
{"duration":"48ms","ip":"127.0.0.1","level":"info","message":"Request completed","method":"GET","statusCode":304,"timestamp":"2025-12-22T10:55:43.602Z","url":"/summary","userAgent":"Mozilla/5.0 (Macintosh; Intel Mac OS X 10_15_7) AppleWebKit/537.36 (KHTML, like Gecko) Chrome/143.0.0.0 Safari/537.36"}
{"duration":"22ms","ip":"127.0.0.1","level":"info","message":"Request completed","method":"GET","statusCode":304,"timestamp":"2025-12-22T10:56:03.781Z","url":"/","userAgent":"Mozilla/5.0 (Macintosh; Intel Mac OS X 10_15_7) AppleWebKit/537.36 (KHTML, like Gecko) Chrome/143.0.0.0 Safari/537.36"}
{"duration":"30ms","ip":"127.0.0.1","level":"info","message":"Request completed","method":"GET","statusCode":304,"timestamp":"2025-12-22T10:56:03.783Z","url":"/","userAgent":"Mozilla/5.0 (Macintosh; Intel Mac OS X 10_15_7) AppleWebKit/537.36 (KHTML, like Gecko) Chrome/143.0.0.0 Safari/537.36"}
{"duration":"27ms","ip":"127.0.0.1","level":"info","message":"Request completed","method":"GET","statusCode":304,"timestamp":"2025-12-22T10:56:03.784Z","url":"/summary","userAgent":"Mozilla/5.0 (Macintosh; Intel Mac OS X 10_15_7) AppleWebKit/537.36 (KHTML, like Gecko) Chrome/143.0.0.0 Safari/537.36"}
{"duration":"47ms","ip":"127.0.0.1","level":"info","message":"Request completed","method":"GET","statusCode":304,"timestamp":"2025-12-22T11:00:23.665Z","url":"/","userAgent":"Mozilla/5.0 (Macintosh; Intel Mac OS X 10_15_7) AppleWebKit/537.36 (KHTML, like Gecko) Chrome/143.0.0.0 Safari/537.36"}
{"duration":"16ms","ip":"127.0.0.1","level":"info","message":"Request completed","method":"GET","statusCode":304,"timestamp":"2025-12-22T11:00:49.621Z","url":"/","userAgent":"Mozilla/5.0 (Macintosh; Intel Mac OS X 10_15_7) AppleWebKit/537.36 (KHTML, like Gecko) Chrome/143.0.0.0 Safari/537.36"}
{"duration":"15ms","ip":"127.0.0.1","level":"info","message":"Request completed","method":"GET","statusCode":304,"timestamp":"2025-12-22T11:00:49.621Z","url":"/","userAgent":"Mozilla/5.0 (Macintosh; Intel Mac OS X 10_15_7) AppleWebKit/537.36 (KHTML, like Gecko) Chrome/143.0.0.0 Safari/537.36"}
{"duration":"15ms","ip":"127.0.0.1","level":"info","message":"Request completed","method":"GET","statusCode":304,"timestamp":"2025-12-22T11:00:49.622Z","url":"/summary","userAgent":"Mozilla/5.0 (Macintosh; Intel Mac OS X 10_15_7) AppleWebKit/537.36 (KHTML, like Gecko) Chrome/143.0.0.0 Safari/537.36"}
{"duration":"49ms","ip":"127.0.0.1","level":"info","message":"Request completed","method":"GET","statusCode":304,"timestamp":"2025-12-22T11:02:20.074Z","url":"/","userAgent":"Mozilla/5.0 (Macintosh; Intel Mac OS X 10_15_7) AppleWebKit/537.36 (KHTML, like Gecko) Chrome/143.0.0.0 Safari/537.36"}
{"duration":"207ms","ip":"127.0.0.1","level":"info","message":"Request completed","method":"GET","statusCode":304,"timestamp":"2025-12-22T11:02:22.414Z","url":"/","userAgent":"Mozilla/5.0 (Macintosh; Intel Mac OS X 10_15_7) AppleWebKit/537.36 (KHTML, like Gecko) Chrome/143.0.0.0 Safari/537.36"}
{"duration":"5ms","ip":"127.0.0.1","level":"info","message":"Request completed","method":"GET","statusCode":304,"timestamp":"2025-12-22T11:02:22.422Z","url":"/","userAgent":"Mozilla/5.0 (Macintosh; Intel Mac OS X 10_15_7) AppleWebKit/537.36 (KHTML, like Gecko) Chrome/143.0.0.0 Safari/537.36"}
{"duration":"86ms","ip":"127.0.0.1","level":"info","message":"Request completed","method":"GET","statusCode":304,"timestamp":"2025-12-22T11:02:22.447Z","url":"/","userAgent":"Mozilla/5.0 (Macintosh; Intel Mac OS X 10_15_7) AppleWebKit/537.36 (KHTML, like Gecko) Chrome/143.0.0.0 Safari/537.36"}
{"duration":"151ms","ip":"127.0.0.1","level":"info","message":"Request completed","method":"GET","statusCode":304,"timestamp":"2025-12-22T11:02:22.448Z","url":"/","userAgent":"Mozilla/5.0 (Macintosh; Intel Mac OS X 10_15_7) AppleWebKit/537.36 (KHTML, like Gecko) Chrome/143.0.0.0 Safari/537.36"}
{"duration":"112ms","ip":"127.0.0.1","level":"info","message":"Request completed","method":"GET","statusCode":304,"timestamp":"2025-12-22T11:02:22.452Z","url":"/summary","userAgent":"Mozilla/5.0 (Macintosh; Intel Mac OS X 10_15_7) AppleWebKit/537.36 (KHTML, like Gecko) Chrome/143.0.0.0 Safari/537.36"}
{"duration":"11ms","ip":"127.0.0.1","level":"info","message":"Request completed","method":"GET","statusCode":304,"timestamp":"2025-12-22T11:02:23.312Z","url":"/","userAgent":"Mozilla/5.0 (Macintosh; Intel Mac OS X 10_15_7) AppleWebKit/537.36 (KHTML, like Gecko) Chrome/143.0.0.0 Safari/537.36"}
{"duration":"7ms","ip":"127.0.0.1","level":"info","message":"Request completed","method":"GET","statusCode":304,"timestamp":"2025-12-22T11:02:23.770Z","url":"/","userAgent":"Mozilla/5.0 (Macintosh; Intel Mac OS X 10_15_7) AppleWebKit/537.36 (KHTML, like Gecko) Chrome/143.0.0.0 Safari/537.36"}
{"duration":"7ms","ip":"127.0.0.1","level":"info","message":"Request completed","method":"GET","statusCode":304,"timestamp":"2025-12-22T11:02:23.771Z","url":"/summary","userAgent":"Mozilla/5.0 (Macintosh; Intel Mac OS X 10_15_7) AppleWebKit/537.36 (KHTML, like Gecko) Chrome/143.0.0.0 Safari/537.36"}
{"duration":"3ms","ip":"127.0.0.1","level":"info","message":"Request completed","method":"GET","statusCode":304,"timestamp":"2025-12-22T11:02:23.771Z","url":"/","userAgent":"Mozilla/5.0 (Macintosh; Intel Mac OS X 10_15_7) AppleWebKit/537.36 (KHTML, like Gecko) Chrome/143.0.0.0 Safari/537.36"}
{"duration":"7ms","ip":"127.0.0.1","level":"info","message":"Request completed","method":"GET","statusCode":304,"timestamp":"2025-12-22T11:02:23.772Z","url":"/","userAgent":"Mozilla/5.0 (Macintosh; Intel Mac OS X 10_15_7) AppleWebKit/537.36 (KHTML, like Gecko) Chrome/143.0.0.0 Safari/537.36"}
{"duration":"44ms","ip":"127.0.0.1","level":"info","message":"Request completed","method":"GET","statusCode":304,"timestamp":"2025-12-22T11:03:05.863Z","url":"/","userAgent":"Mozilla/5.0 (Macintosh; Intel Mac OS X 10_15_7) AppleWebKit/537.36 (KHTML, like Gecko) Chrome/143.0.0.0 Safari/537.36"}
{"duration":"46ms","ip":"127.0.0.1","level":"info","message":"Request completed","method":"GET","statusCode":304,"timestamp":"2025-12-22T11:03:05.863Z","url":"/","userAgent":"Mozilla/5.0 (Macintosh; Intel Mac OS X 10_15_7) AppleWebKit/537.36 (KHTML, like Gecko) Chrome/143.0.0.0 Safari/537.36"}
{"duration":"44ms","ip":"127.0.0.1","level":"info","message":"Request completed","method":"GET","statusCode":304,"timestamp":"2025-12-22T11:03:05.864Z","url":"/summary","userAgent":"Mozilla/5.0 (Macintosh; Intel Mac OS X 10_15_7) AppleWebKit/537.36 (KHTML, like Gecko) Chrome/143.0.0.0 Safari/537.36"}
{"duration":"62ms","ip":"127.0.0.1","level":"info","message":"Request completed","method":"GET","statusCode":304,"timestamp":"2025-12-22T11:03:05.865Z","url":"/","userAgent":"Mozilla/5.0 (Macintosh; Intel Mac OS X 10_15_7) AppleWebKit/537.36 (KHTML, like Gecko) Chrome/143.0.0.0 Safari/537.36"}
{"duration":"2ms","ip":"127.0.0.1","level":"info","message":"Request completed","method":"GET","statusCode":304,"timestamp":"2025-12-22T11:03:05.869Z","url":"/","userAgent":"Mozilla/5.0 (Macintosh; Intel Mac OS X 10_15_7) AppleWebKit/537.36 (KHTML, like Gecko) Chrome/143.0.0.0 Safari/537.36"}
{"duration":"20ms","ip":"127.0.0.1","level":"info","message":"Request completed","method":"GET","statusCode":304,"timestamp":"2025-12-22T11:03:09.105Z","url":"/summary","userAgent":"Mozilla/5.0 (Macintosh; Intel Mac OS X 10_15_7) AppleWebKit/537.36 (KHTML, like Gecko) Chrome/143.0.0.0 Safari/537.36"}
{"duration":"20ms","ip":"127.0.0.1","level":"info","message":"Request completed","method":"GET","statusCode":304,"timestamp":"2025-12-22T11:03:09.106Z","url":"/","userAgent":"Mozilla/5.0 (Macintosh; Intel Mac OS X 10_15_7) AppleWebKit/537.36 (KHTML, like Gecko) Chrome/143.0.0.0 Safari/537.36"}
{"duration":"21ms","ip":"127.0.0.1","level":"info","message":"Request completed","method":"GET","statusCode":304,"timestamp":"2025-12-22T11:03:09.106Z","url":"/","userAgent":"Mozilla/5.0 (Macintosh; Intel Mac OS X 10_15_7) AppleWebKit/537.36 (KHTML, like Gecko) Chrome/143.0.0.0 Safari/537.36"}
{"duration":"30ms","ip":"127.0.0.1","level":"info","message":"Request completed","method":"GET","statusCode":304,"timestamp":"2025-12-22T11:03:09.107Z","url":"/","userAgent":"Mozilla/5.0 (Macintosh; Intel Mac OS X 10_15_7) AppleWebKit/537.36 (KHTML, like Gecko) Chrome/143.0.0.0 Safari/537.36"}
{"duration":"2ms","ip":"127.0.0.1","level":"info","message":"Request completed","method":"GET","statusCode":304,"timestamp":"2025-12-22T11:03:09.111Z","url":"/","userAgent":"Mozilla/5.0 (Macintosh; Intel Mac OS X 10_15_7) AppleWebKit/537.36 (KHTML, like Gecko) Chrome/143.0.0.0 Safari/537.36"}
{"duration":"110ms","ip":"127.0.0.1","level":"info","message":"Request completed","method":"DELETE","statusCode":200,"timestamp":"2025-12-22T11:07:30.355Z","url":"/3","userAgent":"Mozilla/5.0 (Macintosh; Intel Mac OS X 10_15_7) AppleWebKit/537.36 (KHTML, like Gecko) Chrome/143.0.0.0 Safari/537.36"}
{"duration":"5ms","ip":"127.0.0.1","level":"info","message":"Request completed","method":"GET","statusCode":200,"timestamp":"2025-12-22T11:07:30.366Z","url":"/","userAgent":"Mozilla/5.0 (Macintosh; Intel Mac OS X 10_15_7) AppleWebKit/537.36 (KHTML, like Gecko) Chrome/143.0.0.0 Safari/537.36"}
{"duration":"7ms","ip":"127.0.0.1","level":"info","message":"Request completed","method":"DELETE","statusCode":200,"timestamp":"2025-12-22T11:07:33.177Z","url":"/5","userAgent":"Mozilla/5.0 (Macintosh; Intel Mac OS X 10_15_7) AppleWebKit/537.36 (KHTML, like Gecko) Chrome/143.0.0.0 Safari/537.36"}
{"duration":"3ms","ip":"127.0.0.1","level":"info","message":"Request completed","method":"GET","statusCode":200,"timestamp":"2025-12-22T11:07:33.182Z","url":"/","userAgent":"Mozilla/5.0 (Macintosh; Intel Mac OS X 10_15_7) AppleWebKit/537.36 (KHTML, like Gecko) Chrome/143.0.0.0 Safari/537.36"}
{"duration":"7ms","ip":"127.0.0.1","level":"info","message":"Request completed","method":"DELETE","statusCode":200,"timestamp":"2025-12-22T11:07:42.293Z","url":"/2","userAgent":"Mozilla/5.0 (Macintosh; Intel Mac OS X 10_15_7) AppleWebKit/537.36 (KHTML, like Gecko) Chrome/143.0.0.0 Safari/537.36"}
{"duration":"4ms","ip":"127.0.0.1","level":"info","message":"Request completed","method":"GET","statusCode":200,"timestamp":"2025-12-22T11:07:42.302Z","url":"/","userAgent":"Mozilla/5.0 (Macintosh; Intel Mac OS X 10_15_7) AppleWebKit/537.36 (KHTML, like Gecko) Chrome/143.0.0.0 Safari/537.36"}
{"duration":"9ms","ip":"127.0.0.1","level":"info","message":"Request completed","method":"DELETE","statusCode":200,"timestamp":"2025-12-22T11:07:48.193Z","url":"/8","userAgent":"Mozilla/5.0 (Macintosh; Intel Mac OS X 10_15_7) AppleWebKit/537.36 (KHTML, like Gecko) Chrome/143.0.0.0 Safari/537.36"}
{"duration":"3ms","ip":"127.0.0.1","level":"info","message":"Request completed","method":"GET","statusCode":200,"timestamp":"2025-12-22T11:07:48.200Z","url":"/","userAgent":"Mozilla/5.0 (Macintosh; Intel Mac OS X 10_15_7) AppleWebKit/537.36 (KHTML, like Gecko) Chrome/143.0.0.0 Safari/537.36"}
{"duration":"27ms","ip":"127.0.0.1","level":"info","message":"Request completed","method":"DELETE","statusCode":200,"timestamp":"2025-12-22T11:08:00.874Z","url":"/11","userAgent":"Mozilla/5.0 (Macintosh; Intel Mac OS X 10_15_7) AppleWebKit/537.36 (KHTML, like Gecko) Chrome/143.0.0.0 Safari/537.36"}
{"duration":"4ms","ip":"127.0.0.1","level":"info","message":"Request completed","method":"GET","statusCode":200,"timestamp":"2025-12-22T11:08:00.885Z","url":"/","userAgent":"Mozilla/5.0 (Macintosh; Intel Mac OS X 10_15_7) AppleWebKit/537.36 (KHTML, like Gecko) Chrome/143.0.0.0 Safari/537.36"}
{"duration":"71ms","ip":"127.0.0.1","level":"info","message":"Request completed","method":"DELETE","statusCode":200,"timestamp":"2025-12-22T11:09:33.834Z","url":"/23","userAgent":"Mozilla/5.0 (Macintosh; Intel Mac OS X 10_15_7) AppleWebKit/537.36 (KHTML, like Gecko) Chrome/143.0.0.0 Safari/537.36"}
{"duration":"4ms","ip":"127.0.0.1","level":"info","message":"Request completed","method":"GET","statusCode":200,"timestamp":"2025-12-22T11:09:33.845Z","url":"/","userAgent":"Mozilla/5.0 (Macintosh; Intel Mac OS X 10_15_7) AppleWebKit/537.36 (KHTML, like Gecko) Chrome/143.0.0.0 Safari/537.36"}
{"duration":"9ms","ip":"127.0.0.1","level":"info","message":"Request completed","method":"DELETE","statusCode":200,"timestamp":"2025-12-22T11:09:38.409Z","url":"/25","userAgent":"Mozilla/5.0 (Macintosh; Intel Mac OS X 10_15_7) AppleWebKit/537.36 (KHTML, like Gecko) Chrome/143.0.0.0 Safari/537.36"}
{"duration":"2ms","ip":"127.0.0.1","level":"info","message":"Request completed","method":"GET","statusCode":200,"timestamp":"2025-12-22T11:09:38.414Z","url":"/","userAgent":"Mozilla/5.0 (Macintosh; Intel Mac OS X 10_15_7) AppleWebKit/537.36 (KHTML, like Gecko) Chrome/143.0.0.0 Safari/537.36"}
{"duration":"9ms","ip":"127.0.0.1","level":"info","message":"Request completed","method":"DELETE","statusCode":200,"timestamp":"2025-12-22T11:09:42.324Z","url":"/17","userAgent":"Mozilla/5.0 (Macintosh; Intel Mac OS X 10_15_7) AppleWebKit/537.36 (KHTML, like Gecko) Chrome/143.0.0.0 Safari/537.36"}
{"duration":"2ms","ip":"127.0.0.1","level":"info","message":"Request completed","method":"GET","statusCode":200,"timestamp":"2025-12-22T11:09:42.332Z","url":"/","userAgent":"Mozilla/5.0 (Macintosh; Intel Mac OS X 10_15_7) AppleWebKit/537.36 (KHTML, like Gecko) Chrome/143.0.0.0 Safari/537.36"}
{"duration":"5ms","ip":"127.0.0.1","level":"info","message":"Request completed","method":"DELETE","statusCode":200,"timestamp":"2025-12-22T11:09:45.154Z","url":"/13","userAgent":"Mozilla/5.0 (Macintosh; Intel Mac OS X 10_15_7) AppleWebKit/537.36 (KHTML, like Gecko) Chrome/143.0.0.0 Safari/537.36"}
{"duration":"3ms","ip":"127.0.0.1","level":"info","message":"Request completed","method":"GET","statusCode":200,"timestamp":"2025-12-22T11:09:45.160Z","url":"/","userAgent":"Mozilla/5.0 (Macintosh; Intel Mac OS X 10_15_7) AppleWebKit/537.36 (KHTML, like Gecko) Chrome/143.0.0.0 Safari/537.36"}
{"duration":"7ms","ip":"127.0.0.1","level":"info","message":"Request completed","method":"DELETE","statusCode":200,"timestamp":"2025-12-22T11:09:47.637Z","url":"/20","userAgent":"Mozilla/5.0 (Macintosh; Intel Mac OS X 10_15_7) AppleWebKit/537.36 (KHTML, like Gecko) Chrome/143.0.0.0 Safari/537.36"}
{"duration":"2ms","ip":"127.0.0.1","level":"info","message":"Request completed","method":"GET","statusCode":200,"timestamp":"2025-12-22T11:09:47.644Z","url":"/","userAgent":"Mozilla/5.0 (Macintosh; Intel Mac OS X 10_15_7) AppleWebKit/537.36 (KHTML, like Gecko) Chrome/143.0.0.0 Safari/537.36"}
{"duration":"6ms","ip":"127.0.0.1","level":"info","message":"Request completed","method":"DELETE","statusCode":200,"timestamp":"2025-12-22T11:09:50.371Z","url":"/16","userAgent":"Mozilla/5.0 (Macintosh; Intel Mac OS X 10_15_7) AppleWebKit/537.36 (KHTML, like Gecko) Chrome/143.0.0.0 Safari/537.36"}
{"duration":"3ms","ip":"127.0.0.1","level":"info","message":"Request completed","method":"GET","statusCode":200,"timestamp":"2025-12-22T11:09:50.375Z","url":"/","userAgent":"Mozilla/5.0 (Macintosh; Intel Mac OS X 10_15_7) AppleWebKit/537.36 (KHTML, like Gecko) Chrome/143.0.0.0 Safari/537.36"}
{"duration":"46ms","ip":"127.0.0.1","level":"info","message":"Request completed","method":"GET","statusCode":304,"timestamp":"2025-12-22T11:10:14.223Z","url":"/","userAgent":"Mozilla/5.0 (Macintosh; Intel Mac OS X 10_15_7) AppleWebKit/537.36 (KHTML, like Gecko) Chrome/143.0.0.0 Safari/537.36"}
{"duration":"44ms","ip":"127.0.0.1","level":"info","message":"Request completed","method":"GET","statusCode":304,"timestamp":"2025-12-22T11:10:14.224Z","url":"/","userAgent":"Mozilla/5.0 (Macintosh; Intel Mac OS X 10_15_7) AppleWebKit/537.36 (KHTML, like Gecko) Chrome/143.0.0.0 Safari/537.36"}
{"duration":"55ms","ip":"127.0.0.1","level":"info","message":"Request completed","method":"GET","statusCode":304,"timestamp":"2025-12-22T11:10:14.234Z","url":"/summary","userAgent":"Mozilla/5.0 (Macintosh; Intel Mac OS X 10_15_7) AppleWebKit/537.36 (KHTML, like Gecko) Chrome/143.0.0.0 Safari/537.36"}
{"level":"info","message":"SIGTERM received, shutting down gracefully","timestamp":"2025-12-22T11:14:03.689Z"}
{"level":"info","message":"🚀 Server running on port 5001","timestamp":"2025-12-22T11:14:04.802Z"}
{"level":"info","message":"📊 Environment: development","timestamp":"2025-12-22T11:14:04.807Z"}
{"level":"info","message":"🔗 Frontend URL: http://localhost:3000","timestamp":"2025-12-22T11:14:04.808Z"}
{"level":"info","message":"Iniciando job de transações recorrentes","timestamp":"2025-12-22T11:14:04.808Z"}
{"level":"info","message":"Executando job de transações recorrentes","timestamp":"2025-12-22T11:14:04.808Z"}
{"level":"info","message":"Iniciando processamento de transações recorrentes","timestamp":"2025-12-22T11:14:04.808Z"}
{"level":"info","message":"Job agendado para executar a cada 24 horas","timestamp":"2025-12-22T11:14:04.808Z"}
{"level":"info","message":"⏰ Jobs iniciados","timestamp":"2025-12-22T11:14:04.808Z"}
{"level":"info","message":"Processamento concluído: 0 transações criadas","timestamp":"2025-12-22T11:14:04.955Z"}
{"level":"info","message":"Job de transações recorrentes concluído com sucesso","timestamp":"2025-12-22T11:14:04.955Z"}
{"level":"info","message":"SIGTERM received, shutting down gracefully","timestamp":"2025-12-22T11:14:28.584Z"}
{"level":"info","message":"🚀 Server running on port 5001","timestamp":"2025-12-22T11:14:29.486Z"}
{"level":"info","message":"📊 Environment: development","timestamp":"2025-12-22T11:14:29.489Z"}
{"level":"info","message":"🔗 Frontend URL: http://localhost:3000","timestamp":"2025-12-22T11:14:29.489Z"}
{"level":"info","message":"Iniciando job de transações recorrentes","timestamp":"2025-12-22T11:14:29.489Z"}
{"level":"info","message":"Executando job de transações recorrentes","timestamp":"2025-12-22T11:14:29.489Z"}
{"level":"info","message":"Iniciando processamento de transações recorrentes","timestamp":"2025-12-22T11:14:29.489Z"}
{"level":"info","message":"Job agendado para executar a cada 24 horas","timestamp":"2025-12-22T11:14:29.489Z"}
{"level":"info","message":"⏰ Jobs iniciados","timestamp":"2025-12-22T11:14:29.489Z"}
{"level":"info","message":"Processamento concluído: 0 transações criadas","timestamp":"2025-12-22T11:14:29.513Z"}
{"level":"info","message":"Job de transações recorrentes concluído com sucesso","timestamp":"2025-12-22T11:14:29.513Z"}
{"level":"info","message":"SIGTERM received, shutting down gracefully","timestamp":"2025-12-22T11:14:51.689Z"}
{"level":"info","message":"🚀 Server running on port 5001","timestamp":"2025-12-22T11:14:52.428Z"}
{"level":"info","message":"📊 Environment: development","timestamp":"2025-12-22T11:14:52.430Z"}
{"level":"info","message":"🔗 Frontend URL: http://localhost:3000","timestamp":"2025-12-22T11:14:52.430Z"}
{"level":"info","message":"Iniciando job de transações recorrentes","timestamp":"2025-12-22T11:14:52.430Z"}
{"level":"info","message":"Executando job de transações recorrentes","timestamp":"2025-12-22T11:14:52.430Z"}
{"level":"info","message":"Iniciando processamento de transações recorrentes","timestamp":"2025-12-22T11:14:52.430Z"}
{"level":"info","message":"Job agendado para executar a cada 24 horas","timestamp":"2025-12-22T11:14:52.431Z"}
{"level":"info","message":"⏰ Jobs iniciados","timestamp":"2025-12-22T11:14:52.431Z"}
{"level":"info","message":"Processamento concluído: 0 transações criadas","timestamp":"2025-12-22T11:14:52.454Z"}
{"level":"info","message":"Job de transações recorrentes concluído com sucesso","timestamp":"2025-12-22T11:14:52.454Z"}
{"duration":"25ms","ip":"127.0.0.1","level":"info","message":"Request completed","method":"GET","statusCode":304,"timestamp":"2025-12-22T11:14:58.939Z","url":"/plans","userAgent":"Mozilla/5.0 (Macintosh; Intel Mac OS X 10_15_7) AppleWebKit/537.36 (KHTML, like Gecko) Chrome/143.0.0.0 Safari/537.36"}
{"duration":"2ms","ip":"127.0.0.1","level":"info","message":"Request completed","method":"GET","statusCode":304,"timestamp":"2025-12-22T11:14:58.942Z","url":"/plans","userAgent":"Mozilla/5.0 (Macintosh; Intel Mac OS X 10_15_7) AppleWebKit/537.36 (KHTML, like Gecko) Chrome/143.0.0.0 Safari/537.36"}
{"duration":"3ms","ip":"127.0.0.1","level":"info","message":"Request completed","method":"GET","statusCode":304,"timestamp":"2025-12-22T11:15:00.539Z","url":"/plans","userAgent":"Mozilla/5.0 (Macintosh; Intel Mac OS X 10_15_7) AppleWebKit/537.36 (KHTML, like Gecko) Chrome/143.0.0.0 Safari/537.36"}
{"duration":"2ms","ip":"127.0.0.1","level":"info","message":"Request completed","method":"GET","statusCode":304,"timestamp":"2025-12-22T11:15:00.542Z","url":"/plans","userAgent":"Mozilla/5.0 (Macintosh; Intel Mac OS X 10_15_7) AppleWebKit/537.36 (KHTML, like Gecko) Chrome/143.0.0.0 Safari/537.36"}
{"level":"info","message":"SIGTERM received, shutting down gracefully","timestamp":"2025-12-22T11:15:06.737Z"}
{"level":"info","message":"🚀 Server running on port 5001","timestamp":"2025-12-22T11:15:07.501Z"}
{"level":"info","message":"📊 Environment: development","timestamp":"2025-12-22T11:15:07.503Z"}
{"level":"info","message":"🔗 Frontend URL: http://localhost:3000","timestamp":"2025-12-22T11:15:07.503Z"}
{"level":"info","message":"Iniciando job de transações recorrentes","timestamp":"2025-12-22T11:15:07.503Z"}
{"level":"info","message":"Executando job de transações recorrentes","timestamp":"2025-12-22T11:15:07.503Z"}
{"level":"info","message":"Iniciando processamento de transações recorrentes","timestamp":"2025-12-22T11:15:07.503Z"}
{"level":"info","message":"Job agendado para executar a cada 24 horas","timestamp":"2025-12-22T11:15:07.504Z"}
{"level":"info","message":"⏰ Jobs iniciados","timestamp":"2025-12-22T11:15:07.504Z"}
{"level":"info","message":"Processamento concluído: 0 transações criadas","timestamp":"2025-12-22T11:15:07.525Z"}
{"level":"info","message":"Job de transações recorrentes concluído com sucesso","timestamp":"2025-12-22T11:15:07.525Z"}
{"level":"info","message":"SIGTERM received, shutting down gracefully","timestamp":"2025-12-22T11:15:14.610Z"}
{"level":"info","message":"🚀 Server running on port 5001","timestamp":"2025-12-22T11:15:15.415Z"}
{"level":"info","message":"📊 Environment: development","timestamp":"2025-12-22T11:15:15.417Z"}
{"level":"info","message":"🔗 Frontend URL: http://localhost:3000","timestamp":"2025-12-22T11:15:15.417Z"}
{"level":"info","message":"Iniciando job de transações recorrentes","timestamp":"2025-12-22T11:15:15.417Z"}
{"level":"info","message":"Executando job de transações recorrentes","timestamp":"2025-12-22T11:15:15.418Z"}
{"level":"info","message":"Iniciando processamento de transações recorrentes","timestamp":"2025-12-22T11:15:15.418Z"}
{"level":"info","message":"Job agendado para executar a cada 24 horas","timestamp":"2025-12-22T11:15:15.418Z"}
{"level":"info","message":"⏰ Jobs iniciados","timestamp":"2025-12-22T11:15:15.418Z"}
{"level":"info","message":"Processamento concluído: 0 transações criadas","timestamp":"2025-12-22T11:15:15.435Z"}
{"level":"info","message":"Job de transações recorrentes concluído com sucesso","timestamp":"2025-12-22T11:15:15.435Z"}
{"duration":"8ms","ip":"127.0.0.1","level":"info","message":"Request completed","method":"GET","statusCode":304,"timestamp":"2025-12-22T11:15:18.037Z","url":"/plans","userAgent":"Mozilla/5.0 (Macintosh; Intel Mac OS X 10_15_7) AppleWebKit/537.36 (KHTML, like Gecko) Chrome/143.0.0.0 Safari/537.36"}
{"duration":"2ms","ip":"127.0.0.1","level":"info","message":"Request completed","method":"GET","statusCode":304,"timestamp":"2025-12-22T11:15:18.040Z","url":"/plans","userAgent":"Mozilla/5.0 (Macintosh; Intel Mac OS X 10_15_7) AppleWebKit/537.36 (KHTML, like Gecko) Chrome/143.0.0.0 Safari/537.36"}
{"duration":"3ms","ip":"127.0.0.1","level":"info","message":"Request completed","method":"GET","statusCode":304,"timestamp":"2025-12-22T11:15:19.662Z","url":"/plans","userAgent":"Mozilla/5.0 (Macintosh; Intel Mac OS X 10_15_7) AppleWebKit/537.36 (KHTML, like Gecko) Chrome/143.0.0.0 Safari/537.36"}
{"duration":"1ms","ip":"127.0.0.1","level":"info","message":"Request completed","method":"GET","statusCode":304,"timestamp":"2025-12-22T11:15:19.663Z","url":"/plans","userAgent":"Mozilla/5.0 (Macintosh; Intel Mac OS X 10_15_7) AppleWebKit/537.36 (KHTML, like Gecko) Chrome/143.0.0.0 Safari/537.36"}
{"level":"info","message":"SIGTERM received, shutting down gracefully","timestamp":"2025-12-22T11:15:21.194Z"}
{"level":"info","message":"🚀 Server running on port 5001","timestamp":"2025-12-22T11:15:22.034Z"}
{"level":"info","message":"📊 Environment: development","timestamp":"2025-12-22T11:15:22.036Z"}
{"level":"info","message":"🔗 Frontend URL: http://localhost:3000","timestamp":"2025-12-22T11:15:22.036Z"}
{"level":"info","message":"Iniciando job de transações recorrentes","timestamp":"2025-12-22T11:15:22.036Z"}
{"level":"info","message":"Executando job de transações recorrentes","timestamp":"2025-12-22T11:15:22.036Z"}
{"level":"info","message":"Iniciando processamento de transações recorrentes","timestamp":"2025-12-22T11:15:22.036Z"}
{"level":"info","message":"Job agendado para executar a cada 24 horas","timestamp":"2025-12-22T11:15:22.037Z"}
{"level":"info","message":"⏰ Jobs iniciados","timestamp":"2025-12-22T11:15:22.037Z"}
{"level":"info","message":"Processamento concluído: 0 transações criadas","timestamp":"2025-12-22T11:15:22.057Z"}
{"level":"info","message":"Job de transações recorrentes concluído com sucesso","timestamp":"2025-12-22T11:15:22.057Z"}
{"duration":"5ms","ip":"127.0.0.1","level":"info","message":"Request completed","method":"GET","statusCode":304,"timestamp":"2025-12-22T11:15:22.663Z","url":"/plans","userAgent":"Mozilla/5.0 (Macintosh; Intel Mac OS X 10_15_7) AppleWebKit/537.36 (KHTML, like Gecko) Chrome/143.0.0.0 Safari/537.36"}
{"duration":"1ms","ip":"127.0.0.1","level":"info","message":"Request completed","method":"GET","statusCode":304,"timestamp":"2025-12-22T11:15:22.665Z","url":"/plans","userAgent":"Mozilla/5.0 (Macintosh; Intel Mac OS X 10_15_7) AppleWebKit/537.36 (KHTML, like Gecko) Chrome/143.0.0.0 Safari/537.36"}
{"error":"Access token required","ip":"127.0.0.1","level":"error","message":"Error occurred:","method":"GET","stack":"Error: Access token required\n    at new UnauthorizedError (/Users/pedrodivino/Dev/home_finances/backend/src/core/errors/app-error.ts:27:5)\n    at authenticate (/Users/pedrodivino/Dev/home_finances/backend/src/api/middlewares/auth.ts:51:13)\n    at Layer.handle [as handle_request] (/Users/pedrodivino/Dev/home_finances/backend/node_modules/express/lib/router/layer.js:95:5)\n    at trim_prefix (/Users/pedrodivino/Dev/home_finances/backend/node_modules/express/lib/router/index.js:328:13)\n    at /Users/pedrodivino/Dev/home_finances/backend/node_modules/express/lib/router/index.js:286:9\n    at router.process_params (/Users/pedrodivino/Dev/home_finances/backend/node_modules/express/lib/router/index.js:346:12)\n    at next (/Users/pedrodivino/Dev/home_finances/backend/node_modules/express/lib/router/index.js:280:10)\n    at router.handle (/Users/pedrodivino/Dev/home_finances/backend/node_modules/express/lib/router/index.js:175:3)\n    at router (/Users/pedrodivino/Dev/home_finances/backend/node_modules/express/lib/router/index.js:47:12)\n    at Layer.handle [as handle_request] (/Users/pedrodivino/Dev/home_finances/backend/node_modules/express/lib/router/layer.js:95:5)","timestamp":"2025-12-22T11:18:01.296Z","url":"/api/categories","userAgent":"Mozilla/5.0 (Macintosh; Intel Mac OS X 10_15_7) AppleWebKit/537.36 (KHTML, like Gecko) Chrome/143.0.0.0 Safari/537.36"}
{"duration":"5ms","ip":"127.0.0.1","level":"info","message":"Request completed","method":"GET","statusCode":401,"timestamp":"2025-12-22T11:18:01.298Z","url":"/api/categories","userAgent":"Mozilla/5.0 (Macintosh; Intel Mac OS X 10_15_7) AppleWebKit/537.36 (KHTML, like Gecko) Chrome/143.0.0.0 Safari/537.36"}
{"error":"Access token required","ip":"127.0.0.1","level":"error","message":"Error occurred:","method":"GET","stack":"Error: Access token required\n    at new UnauthorizedError (/Users/pedrodivino/Dev/home_finances/backend/src/core/errors/app-error.ts:27:5)\n    at authenticate (/Users/pedrodivino/Dev/home_finances/backend/src/api/middlewares/auth.ts:51:13)\n    at Layer.handle [as handle_request] (/Users/pedrodivino/Dev/home_finances/backend/node_modules/express/lib/router/layer.js:95:5)\n    at trim_prefix (/Users/pedrodivino/Dev/home_finances/backend/node_modules/express/lib/router/index.js:328:13)\n    at /Users/pedrodivino/Dev/home_finances/backend/node_modules/express/lib/router/index.js:286:9\n    at router.process_params (/Users/pedrodivino/Dev/home_finances/backend/node_modules/express/lib/router/index.js:346:12)\n    at next (/Users/pedrodivino/Dev/home_finances/backend/node_modules/express/lib/router/index.js:280:10)\n    at router.handle (/Users/pedrodivino/Dev/home_finances/backend/node_modules/express/lib/router/index.js:175:3)\n    at router (/Users/pedrodivino/Dev/home_finances/backend/node_modules/express/lib/router/index.js:47:12)\n    at Layer.handle [as handle_request] (/Users/pedrodivino/Dev/home_finances/backend/node_modules/express/lib/router/layer.js:95:5)","timestamp":"2025-12-22T11:18:01.300Z","url":"/api/accounts","userAgent":"Mozilla/5.0 (Macintosh; Intel Mac OS X 10_15_7) AppleWebKit/537.36 (KHTML, like Gecko) Chrome/143.0.0.0 Safari/537.36"}
{"duration":"1ms","ip":"127.0.0.1","level":"info","message":"Request completed","method":"GET","statusCode":401,"timestamp":"2025-12-22T11:18:01.301Z","url":"/api/accounts","userAgent":"Mozilla/5.0 (Macintosh; Intel Mac OS X 10_15_7) AppleWebKit/537.36 (KHTML, like Gecko) Chrome/143.0.0.0 Safari/537.36"}
{"error":"Access token required","ip":"127.0.0.1","level":"error","message":"Error occurred:","method":"GET","stack":"Error: Access token required\n    at new UnauthorizedError (/Users/pedrodivino/Dev/home_finances/backend/src/core/errors/app-error.ts:27:5)\n    at authenticate (/Users/pedrodivino/Dev/home_finances/backend/src/api/middlewares/auth.ts:51:13)\n    at Layer.handle [as handle_request] (/Users/pedrodivino/Dev/home_finances/backend/node_modules/express/lib/router/layer.js:95:5)\n    at trim_prefix (/Users/pedrodivino/Dev/home_finances/backend/node_modules/express/lib/router/index.js:328:13)\n    at /Users/pedrodivino/Dev/home_finances/backend/node_modules/express/lib/router/index.js:286:9\n    at router.process_params (/Users/pedrodivino/Dev/home_finances/backend/node_modules/express/lib/router/index.js:346:12)\n    at next (/Users/pedrodivino/Dev/home_finances/backend/node_modules/express/lib/router/index.js:280:10)\n    at router.handle (/Users/pedrodivino/Dev/home_finances/backend/node_modules/express/lib/router/index.js:175:3)\n    at router (/Users/pedrodivino/Dev/home_finances/backend/node_modules/express/lib/router/index.js:47:12)\n    at Layer.handle [as handle_request] (/Users/pedrodivino/Dev/home_finances/backend/node_modules/express/lib/router/layer.js:95:5)","timestamp":"2025-12-22T11:18:01.305Z","url":"/api/transactions","userAgent":"Mozilla/5.0 (Macintosh; Intel Mac OS X 10_15_7) AppleWebKit/537.36 (KHTML, like Gecko) Chrome/143.0.0.0 Safari/537.36"}
{"duration":"4ms","ip":"127.0.0.1","level":"info","message":"Request completed","method":"GET","statusCode":401,"timestamp":"2025-12-22T11:18:01.307Z","url":"/api/transactions","userAgent":"Mozilla/5.0 (Macintosh; Intel Mac OS X 10_15_7) AppleWebKit/537.36 (KHTML, like Gecko) Chrome/143.0.0.0 Safari/537.36"}
{"error":"Access token required","ip":"127.0.0.1","level":"error","message":"Error occurred:","method":"GET","stack":"Error: Access token required\n    at new UnauthorizedError (/Users/pedrodivino/Dev/home_finances/backend/src/core/errors/app-error.ts:27:5)\n    at authenticate (/Users/pedrodivino/Dev/home_finances/backend/src/api/middlewares/auth.ts:51:13)\n    at Layer.handle [as handle_request] (/Users/pedrodivino/Dev/home_finances/backend/node_modules/express/lib/router/layer.js:95:5)\n    at trim_prefix (/Users/pedrodivino/Dev/home_finances/backend/node_modules/express/lib/router/index.js:328:13)\n    at /Users/pedrodivino/Dev/home_finances/backend/node_modules/express/lib/router/index.js:286:9\n    at router.process_params (/Users/pedrodivino/Dev/home_finances/backend/node_modules/express/lib/router/index.js:346:12)\n    at next (/Users/pedrodivino/Dev/home_finances/backend/node_modules/express/lib/router/index.js:280:10)\n    at router.handle (/Users/pedrodivino/Dev/home_finances/backend/node_modules/express/lib/router/index.js:175:3)\n    at router (/Users/pedrodivino/Dev/home_finances/backend/node_modules/express/lib/router/index.js:47:12)\n    at Layer.handle [as handle_request] (/Users/pedrodivino/Dev/home_finances/backend/node_modules/express/lib/router/layer.js:95:5)","timestamp":"2025-12-22T11:18:01.309Z","url":"/api/transactions/summary","userAgent":"Mozilla/5.0 (Macintosh; Intel Mac OS X 10_15_7) AppleWebKit/537.36 (KHTML, like Gecko) Chrome/143.0.0.0 Safari/537.36"}
{"duration":"2ms","ip":"127.0.0.1","level":"info","message":"Request completed","method":"GET","statusCode":401,"timestamp":"2025-12-22T11:18:01.310Z","url":"/api/transactions/summary","userAgent":"Mozilla/5.0 (Macintosh; Intel Mac OS X 10_15_7) AppleWebKit/537.36 (KHTML, like Gecko) Chrome/143.0.0.0 Safari/537.36"}
{"duration":"26ms","ip":"127.0.0.1","level":"info","message":"Request completed","method":"GET","statusCode":304,"timestamp":"2025-12-22T11:18:23.467Z","url":"/plans","userAgent":"Mozilla/5.0 (Macintosh; Intel Mac OS X 10_15_7) AppleWebKit/537.36 (KHTML, like Gecko) Chrome/143.0.0.0 Safari/537.36"}
{"duration":"1ms","ip":"127.0.0.1","level":"info","message":"Request completed","method":"GET","statusCode":304,"timestamp":"2025-12-22T11:18:23.470Z","url":"/plans","userAgent":"Mozilla/5.0 (Macintosh; Intel Mac OS X 10_15_7) AppleWebKit/537.36 (KHTML, like Gecko) Chrome/143.0.0.0 Safari/537.36"}
{"duration":"15ms","ip":"127.0.0.1","level":"info","message":"Request completed","method":"GET","statusCode":304,"timestamp":"2025-12-22T11:18:34.327Z","url":"/plans","userAgent":"Mozilla/5.0 (Macintosh; Intel Mac OS X 10_15_7) AppleWebKit/537.36 (KHTML, like Gecko) Chrome/143.0.0.0 Safari/537.36"}
{"duration":"1ms","ip":"127.0.0.1","level":"info","message":"Request completed","method":"GET","statusCode":304,"timestamp":"2025-12-22T11:18:34.330Z","url":"/plans","userAgent":"Mozilla/5.0 (Macintosh; Intel Mac OS X 10_15_7) AppleWebKit/537.36 (KHTML, like Gecko) Chrome/143.0.0.0 Safari/537.36"}
{"duration":"2ms","ip":"127.0.0.1","level":"info","message":"Request completed","method":"GET","statusCode":200,"timestamp":"2025-12-22T11:18:34.333Z","url":"/plans/3","userAgent":"Mozilla/5.0 (Macintosh; Intel Mac OS X 10_15_7) AppleWebKit/537.36 (KHTML, like Gecko) Chrome/143.0.0.0 Safari/537.36"}
{"duration":"2ms","ip":"127.0.0.1","level":"info","message":"Request completed","method":"GET","statusCode":304,"timestamp":"2025-12-22T11:18:34.337Z","url":"/plans/3","userAgent":"Mozilla/5.0 (Macintosh; Intel Mac OS X 10_15_7) AppleWebKit/537.36 (KHTML, like Gecko) Chrome/143.0.0.0 Safari/537.36"}
{"duration":"18ms","ip":"127.0.0.1","level":"info","message":"Request completed","method":"GET","statusCode":304,"timestamp":"2025-12-22T11:18:51.966Z","url":"/plans","userAgent":"Mozilla/5.0 (Macintosh; Intel Mac OS X 10_15_7) AppleWebKit/537.36 (KHTML, like Gecko) Chrome/143.0.0.0 Safari/537.36"}
{"duration":"1ms","ip":"127.0.0.1","level":"info","message":"Request completed","method":"GET","statusCode":304,"timestamp":"2025-12-22T11:18:51.968Z","url":"/plans","userAgent":"Mozilla/5.0 (Macintosh; Intel Mac OS X 10_15_7) AppleWebKit/537.36 (KHTML, like Gecko) Chrome/143.0.0.0 Safari/537.36"}
{"duration":"7ms","ip":"127.0.0.1","level":"info","message":"Request completed","method":"GET","statusCode":304,"timestamp":"2025-12-22T11:18:55.684Z","url":"/plans","userAgent":"Mozilla/5.0 (Macintosh; Intel Mac OS X 10_15_7) AppleWebKit/537.36 (KHTML, like Gecko) Chrome/143.0.0.0 Safari/537.36"}
{"duration":"1ms","ip":"127.0.0.1","level":"info","message":"Request completed","method":"GET","statusCode":304,"timestamp":"2025-12-22T11:18:55.686Z","url":"/plans","userAgent":"Mozilla/5.0 (Macintosh; Intel Mac OS X 10_15_7) AppleWebKit/537.36 (KHTML, like Gecko) Chrome/143.0.0.0 Safari/537.36"}
{"duration":"2ms","ip":"127.0.0.1","level":"info","message":"Request completed","method":"GET","statusCode":304,"timestamp":"2025-12-22T11:18:58.014Z","url":"/plans","userAgent":"Mozilla/5.0 (Macintosh; Intel Mac OS X 10_15_7) AppleWebKit/537.36 (KHTML, like Gecko) Chrome/143.0.0.0 Safari/537.36"}
{"duration":"4ms","ip":"127.0.0.1","level":"info","message":"Request completed","method":"GET","statusCode":304,"timestamp":"2025-12-22T11:18:58.019Z","url":"/plans","userAgent":"Mozilla/5.0 (Macintosh; Intel Mac OS X 10_15_7) AppleWebKit/537.36 (KHTML, like Gecko) Chrome/143.0.0.0 Safari/537.36"}
{"level":"info","message":"🚀 Server running on port 5001","timestamp":"2025-12-22T11:24:19.854Z"}
{"level":"info","message":"📊 Environment: development","timestamp":"2025-12-22T11:24:19.856Z"}
{"level":"info","message":"🔗 Frontend URL: http://localhost:3000","timestamp":"2025-12-22T11:24:19.856Z"}
{"level":"info","message":"Iniciando job de transações recorrentes","timestamp":"2025-12-22T11:24:19.856Z"}
{"level":"info","message":"Executando job de transações recorrentes","timestamp":"2025-12-22T11:24:19.856Z"}
{"level":"info","message":"Iniciando processamento de transações recorrentes","timestamp":"2025-12-22T11:24:19.856Z"}
{"level":"info","message":"Job agendado para executar a cada 24 horas","timestamp":"2025-12-22T11:24:19.857Z"}
{"level":"info","message":"⏰ Jobs iniciados","timestamp":"2025-12-22T11:24:19.857Z"}
{"level":"info","message":"Processamento concluído: 0 transações criadas","timestamp":"2025-12-22T11:24:19.877Z"}
{"level":"info","message":"Job de transações recorrentes concluído com sucesso","timestamp":"2025-12-22T11:24:19.877Z"}
{"level":"info","message":"SIGTERM received, shutting down gracefully","timestamp":"2025-12-22T11:32:00.172Z"}
{"level":"info","message":"🚀 Server running on port 5001","timestamp":"2025-12-22T11:32:01.159Z"}
{"level":"info","message":"📊 Environment: development","timestamp":"2025-12-22T11:32:01.163Z"}
{"level":"info","message":"🔗 Frontend URL: http://localhost:3000","timestamp":"2025-12-22T11:32:01.163Z"}
{"level":"info","message":"Iniciando job de transações recorrentes","timestamp":"2025-12-22T11:32:01.163Z"}
{"level":"info","message":"Executando job de transações recorrentes","timestamp":"2025-12-22T11:32:01.163Z"}
{"level":"info","message":"Iniciando processamento de transações recorrentes","timestamp":"2025-12-22T11:32:01.163Z"}
{"level":"info","message":"Job agendado para executar a cada 24 horas","timestamp":"2025-12-22T11:32:01.164Z"}
{"level":"info","message":"⏰ Jobs iniciados","timestamp":"2025-12-22T11:32:01.164Z"}
{"level":"info","message":"Processamento concluído: 0 transações criadas","timestamp":"2025-12-22T11:32:01.219Z"}
{"level":"info","message":"Job de transações recorrentes concluído com sucesso","timestamp":"2025-12-22T11:32:01.219Z"}
{"level":"info","message":"SIGTERM received, shutting down gracefully","timestamp":"2025-12-22T11:32:06.727Z"}
{"level":"info","message":"🚀 Server running on port 5001","timestamp":"2025-12-22T11:32:07.556Z"}
{"level":"info","message":"📊 Environment: development","timestamp":"2025-12-22T11:32:07.558Z"}
{"level":"info","message":"🔗 Frontend URL: http://localhost:3000","timestamp":"2025-12-22T11:32:07.558Z"}
{"level":"info","message":"Iniciando job de transações recorrentes","timestamp":"2025-12-22T11:32:07.558Z"}
{"level":"info","message":"Executando job de transações recorrentes","timestamp":"2025-12-22T11:32:07.558Z"}
{"level":"info","message":"Iniciando processamento de transações recorrentes","timestamp":"2025-12-22T11:32:07.558Z"}
{"level":"info","message":"Job agendado para executar a cada 24 horas","timestamp":"2025-12-22T11:32:07.559Z"}
{"level":"info","message":"⏰ Jobs iniciados","timestamp":"2025-12-22T11:32:07.559Z"}
{"level":"info","message":"Processamento concluído: 0 transações criadas","timestamp":"2025-12-22T11:32:07.577Z"}
{"level":"info","message":"Job de transações recorrentes concluído com sucesso","timestamp":"2025-12-22T11:32:07.577Z"}
{"level":"info","message":"SIGTERM received, shutting down gracefully","timestamp":"2025-12-22T11:32:16.810Z"}
{"level":"info","message":"🚀 Server running on port 5001","timestamp":"2025-12-22T11:32:17.661Z"}
{"level":"info","message":"📊 Environment: development","timestamp":"2025-12-22T11:32:17.662Z"}
{"level":"info","message":"🔗 Frontend URL: http://localhost:3000","timestamp":"2025-12-22T11:32:17.662Z"}
{"level":"info","message":"Iniciando job de transações recorrentes","timestamp":"2025-12-22T11:32:17.663Z"}
{"level":"info","message":"Executando job de transações recorrentes","timestamp":"2025-12-22T11:32:17.663Z"}
{"level":"info","message":"Iniciando processamento de transações recorrentes","timestamp":"2025-12-22T11:32:17.663Z"}
{"level":"info","message":"Job agendado para executar a cada 24 horas","timestamp":"2025-12-22T11:32:17.663Z"}
{"level":"info","message":"⏰ Jobs iniciados","timestamp":"2025-12-22T11:32:17.663Z"}
{"level":"info","message":"Processamento concluído: 0 transações criadas","timestamp":"2025-12-22T11:32:18.255Z"}
{"level":"info","message":"Job de transações recorrentes concluído com sucesso","timestamp":"2025-12-22T11:32:18.255Z"}
{"level":"info","message":"SIGTERM received, shutting down gracefully","timestamp":"2025-12-22T11:32:25.906Z"}
{"level":"info","message":"🚀 Server running on port 5001","timestamp":"2025-12-22T11:32:26.846Z"}
{"level":"info","message":"📊 Environment: development","timestamp":"2025-12-22T11:32:26.848Z"}
{"level":"info","message":"🔗 Frontend URL: http://localhost:3000","timestamp":"2025-12-22T11:32:26.848Z"}
{"level":"info","message":"Iniciando job de transações recorrentes","timestamp":"2025-12-22T11:32:26.848Z"}
{"level":"info","message":"Executando job de transações recorrentes","timestamp":"2025-12-22T11:32:26.848Z"}
{"level":"info","message":"Iniciando processamento de transações recorrentes","timestamp":"2025-12-22T11:32:26.848Z"}
{"level":"info","message":"Job agendado para executar a cada 24 horas","timestamp":"2025-12-22T11:32:26.849Z"}
{"level":"info","message":"⏰ Jobs iniciados","timestamp":"2025-12-22T11:32:26.849Z"}
{"level":"info","message":"Processamento concluído: 0 transações criadas","timestamp":"2025-12-22T11:32:26.869Z"}
{"level":"info","message":"Job de transações recorrentes concluído com sucesso","timestamp":"2025-12-22T11:32:26.869Z"}
{"level":"info","message":"SIGTERM received, shutting down gracefully","timestamp":"2025-12-22T11:33:32.508Z"}
{"level":"info","message":"🚀 Server running on port 5001","timestamp":"2025-12-22T11:33:33.430Z"}
{"level":"info","message":"📊 Environment: development","timestamp":"2025-12-22T11:33:33.432Z"}
{"level":"info","message":"🔗 Frontend URL: http://localhost:3000","timestamp":"2025-12-22T11:33:33.433Z"}
{"level":"info","message":"Iniciando job de transações recorrentes","timestamp":"2025-12-22T11:33:33.433Z"}
{"level":"info","message":"Executando job de transações recorrentes","timestamp":"2025-12-22T11:33:33.433Z"}
{"level":"info","message":"Iniciando processamento de transações recorrentes","timestamp":"2025-12-22T11:33:33.433Z"}
{"level":"info","message":"Job agendado para executar a cada 24 horas","timestamp":"2025-12-22T11:33:33.433Z"}
{"level":"info","message":"⏰ Jobs iniciados","timestamp":"2025-12-22T11:33:33.433Z"}
{"level":"info","message":"Processamento concluído: 0 transações criadas","timestamp":"2025-12-22T11:33:33.686Z"}
{"level":"info","message":"Job de transações recorrentes concluído com sucesso","timestamp":"2025-12-22T11:33:33.687Z"}
{"level":"info","message":"🚀 Server running on port 5001","timestamp":"2025-12-22T11:33:53.873Z"}
{"level":"info","message":"📊 Environment: development","timestamp":"2025-12-22T11:33:53.875Z"}
{"level":"info","message":"🔗 Frontend URL: http://localhost:3000","timestamp":"2025-12-22T11:33:53.875Z"}
{"level":"info","message":"Iniciando job de transações recorrentes","timestamp":"2025-12-22T11:33:53.875Z"}
{"level":"info","message":"Executando job de transações recorrentes","timestamp":"2025-12-22T11:33:53.875Z"}
{"level":"info","message":"Iniciando processamento de transações recorrentes","timestamp":"2025-12-22T11:33:53.875Z"}
{"level":"info","message":"Job agendado para executar a cada 24 horas","timestamp":"2025-12-22T11:33:53.875Z"}
{"level":"info","message":"⏰ Jobs iniciados","timestamp":"2025-12-22T11:33:53.875Z"}
{"level":"info","message":"Processamento concluído: 0 transações criadas","timestamp":"2025-12-22T11:33:53.898Z"}
{"level":"info","message":"Job de transações recorrentes concluído com sucesso","timestamp":"2025-12-22T11:33:53.898Z"}
{"duration":"333ms","ip":"127.0.0.1","level":"info","message":"Request completed","method":"POST","statusCode":200,"timestamp":"2025-12-22T12:21:12.752Z","url":"/login","userAgent":"Mozilla/5.0 (Macintosh; Intel Mac OS X 10_15_7) AppleWebKit/537.36 (KHTML, like Gecko) Chrome/143.0.0.0 Safari/537.36"}
{"duration":"13ms","ip":"127.0.0.1","level":"info","message":"Request completed","method":"GET","statusCode":304,"timestamp":"2025-12-22T12:21:12.978Z","url":"/me","userAgent":"Mozilla/5.0 (Macintosh; Intel Mac OS X 10_15_7) AppleWebKit/537.36 (KHTML, like Gecko) Chrome/143.0.0.0 Safari/537.36"}
{"duration":"30ms","ip":"127.0.0.1","level":"info","message":"Request completed","method":"GET","statusCode":304,"timestamp":"2025-12-22T12:21:12.991Z","url":"/","userAgent":"Mozilla/5.0 (Macintosh; Intel Mac OS X 10_15_7) AppleWebKit/537.36 (KHTML, like Gecko) Chrome/143.0.0.0 Safari/537.36"}
{"duration":"29ms","ip":"127.0.0.1","level":"info","message":"Request completed","method":"GET","statusCode":200,"timestamp":"2025-12-22T12:21:12.993Z","url":"/summary","userAgent":"Mozilla/5.0 (Macintosh; Intel Mac OS X 10_15_7) AppleWebKit/537.36 (KHTML, like Gecko) Chrome/143.0.0.0 Safari/537.36"}
{"duration":"28ms","ip":"127.0.0.1","level":"info","message":"Request completed","method":"GET","statusCode":304,"timestamp":"2025-12-22T12:21:12.994Z","url":"/summary","userAgent":"Mozilla/5.0 (Macintosh; Intel Mac OS X 10_15_7) AppleWebKit/537.36 (KHTML, like Gecko) Chrome/143.0.0.0 Safari/537.36"}
{"duration":"34ms","ip":"127.0.0.1","level":"info","message":"Request completed","method":"GET","statusCode":304,"timestamp":"2025-12-22T12:21:59.066Z","url":"/plans","userAgent":"Mozilla/5.0 (Macintosh; Intel Mac OS X 10_15_7) AppleWebKit/537.36 (KHTML, like Gecko) Chrome/143.0.0.0 Safari/537.36"}
{"duration":"0ms","ip":"127.0.0.1","level":"info","message":"Request completed","method":"GET","statusCode":304,"timestamp":"2025-12-22T12:21:59.067Z","url":"/plans","userAgent":"Mozilla/5.0 (Macintosh; Intel Mac OS X 10_15_7) AppleWebKit/537.36 (KHTML, like Gecko) Chrome/143.0.0.0 Safari/537.36"}
{"duration":"33ms","ip":"127.0.0.1","level":"info","message":"Request completed","method":"GET","statusCode":304,"timestamp":"2025-12-22T12:21:59.069Z","url":"/payments","userAgent":"Mozilla/5.0 (Macintosh; Intel Mac OS X 10_15_7) AppleWebKit/537.36 (KHTML, like Gecko) Chrome/143.0.0.0 Safari/537.36"}
{"duration":"30ms","ip":"127.0.0.1","level":"info","message":"Request completed","method":"GET","statusCode":304,"timestamp":"2025-12-22T12:21:59.070Z","url":"/current","userAgent":"Mozilla/5.0 (Macintosh; Intel Mac OS X 10_15_7) AppleWebKit/537.36 (KHTML, like Gecko) Chrome/143.0.0.0 Safari/537.36"}
{"duration":"3ms","ip":"127.0.0.1","level":"info","message":"Request completed","method":"GET","statusCode":304,"timestamp":"2025-12-22T12:21:59.072Z","url":"/payments","userAgent":"Mozilla/5.0 (Macintosh; Intel Mac OS X 10_15_7) AppleWebKit/537.36 (KHTML, like Gecko) Chrome/143.0.0.0 Safari/537.36"}
{"duration":"2ms","ip":"127.0.0.1","level":"info","message":"Request completed","method":"GET","statusCode":304,"timestamp":"2025-12-22T12:21:59.073Z","url":"/current","userAgent":"Mozilla/5.0 (Macintosh; Intel Mac OS X 10_15_7) AppleWebKit/537.36 (KHTML, like Gecko) Chrome/143.0.0.0 Safari/537.36"}
{"duration":"9ms","ip":"127.0.0.1","level":"info","message":"Request completed","method":"GET","statusCode":200,"timestamp":"2025-12-22T12:22:02.268Z","url":"/","userAgent":"Mozilla/5.0 (Macintosh; Intel Mac OS X 10_15_7) AppleWebKit/537.36 (KHTML, like Gecko) Chrome/143.0.0.0 Safari/537.36"}
{"duration":"6ms","ip":"127.0.0.1","level":"info","message":"Request completed","method":"GET","statusCode":304,"timestamp":"2025-12-22T12:22:03.968Z","url":"/summary","userAgent":"Mozilla/5.0 (Macintosh; Intel Mac OS X 10_15_7) AppleWebKit/537.36 (KHTML, like Gecko) Chrome/143.0.0.0 Safari/537.36"}
{"duration":"7ms","ip":"127.0.0.1","level":"info","message":"Request completed","method":"GET","statusCode":304,"timestamp":"2025-12-22T12:22:03.970Z","url":"/","userAgent":"Mozilla/5.0 (Macintosh; Intel Mac OS X 10_15_7) AppleWebKit/537.36 (KHTML, like Gecko) Chrome/143.0.0.0 Safari/537.36"}
{"duration":"18ms","ip":"127.0.0.1","level":"info","message":"Request completed","method":"GET","statusCode":304,"timestamp":"2025-12-22T12:22:03.975Z","url":"/","userAgent":"Mozilla/5.0 (Macintosh; Intel Mac OS X 10_15_7) AppleWebKit/537.36 (KHTML, like Gecko) Chrome/143.0.0.0 Safari/537.36"}
{"duration":"19ms","ip":"127.0.0.1","level":"info","message":"Request completed","method":"GET","statusCode":404,"timestamp":"2025-12-22T12:22:30.307Z","url":"/my","userAgent":"Mozilla/5.0 (Macintosh; Intel Mac OS X 10_15_7) AppleWebKit/537.36 (KHTML, like Gecko) Chrome/143.0.0.0 Safari/537.36"}
{"duration":"44ms","ip":"127.0.0.1","level":"info","message":"Request completed","method":"GET","statusCode":404,"timestamp":"2025-12-22T12:25:46.031Z","url":"/my","userAgent":"Mozilla/5.0 (Macintosh; Intel Mac OS X 10_15_7) AppleWebKit/537.36 (KHTML, like Gecko) Chrome/143.0.0.0 Safari/537.36"}
{"error":"User not found","ip":"127.0.0.1","level":"error","message":"Error occurred:","method":"GET","stack":"Error: User not found\n    at new UnauthorizedError (/Users/pedrodivino/Dev/home_finances/backend/src/core/errors/app-error.ts:27:5)\n    at authenticate (/Users/pedrodivino/Dev/home_finances/backend/src/api/middlewares/auth.ts:61:13)\n    at process.processTicksAndRejections (node:internal/process/task_queues:105:5)","timestamp":"2025-12-22T12:27:34.739Z","url":"/api/organizations/my","userAgent":"Mozilla/5.0 (Macintosh; Intel Mac OS X 10_15_7) AppleWebKit/537.36 (KHTML, like Gecko) Chrome/143.0.0.0 Safari/537.36"}
{"duration":"46ms","ip":"127.0.0.1","level":"info","message":"Request completed","method":"GET","statusCode":401,"timestamp":"2025-12-22T12:27:34.741Z","url":"/api/organizations/my","userAgent":"Mozilla/5.0 (Macintosh; Intel Mac OS X 10_15_7) AppleWebKit/537.36 (KHTML, like Gecko) Chrome/143.0.0.0 Safari/537.36"}
{"duration":"4ms","ip":"127.0.0.1","level":"info","message":"Request completed","method":"GET","statusCode":304,"timestamp":"2025-12-22T12:27:42.482Z","url":"/plans","userAgent":"Mozilla/5.0 (Macintosh; Intel Mac OS X 10_15_7) AppleWebKit/537.36 (KHTML, like Gecko) Chrome/143.0.0.0 Safari/537.36"}
{"duration":"1ms","ip":"127.0.0.1","level":"info","message":"Request completed","method":"GET","statusCode":304,"timestamp":"2025-12-22T12:27:42.484Z","url":"/plans","userAgent":"Mozilla/5.0 (Macintosh; Intel Mac OS X 10_15_7) AppleWebKit/537.36 (KHTML, like Gecko) Chrome/143.0.0.0 Safari/537.36"}
{"duration":"2ms","ip":"127.0.0.1","level":"info","message":"Request completed","method":"GET","statusCode":304,"timestamp":"2025-12-22T12:27:44.772Z","url":"/plans","userAgent":"Mozilla/5.0 (Macintosh; Intel Mac OS X 10_15_7) AppleWebKit/537.36 (KHTML, like Gecko) Chrome/143.0.0.0 Safari/537.36"}
{"duration":"1ms","ip":"127.0.0.1","level":"info","message":"Request completed","method":"GET","statusCode":304,"timestamp":"2025-12-22T12:27:44.774Z","url":"/plans","userAgent":"Mozilla/5.0 (Macintosh; Intel Mac OS X 10_15_7) AppleWebKit/537.36 (KHTML, like Gecko) Chrome/143.0.0.0 Safari/537.36"}
{"duration":"83ms","ip":"127.0.0.1","level":"info","message":"Request completed","method":"GET","statusCode":304,"timestamp":"2025-12-22T12:28:00.792Z","url":"/plans","userAgent":"Mozilla/5.0 (Macintosh; Intel Mac OS X 10_15_7) AppleWebKit/537.36 (KHTML, like Gecko) Chrome/143.0.0.0 Safari/537.36"}
{"duration":"32ms","ip":"127.0.0.1","level":"info","message":"Request completed","method":"GET","statusCode":304,"timestamp":"2025-12-22T12:28:00.825Z","url":"/plans","userAgent":"Mozilla/5.0 (Macintosh; Intel Mac OS X 10_15_7) AppleWebKit/537.36 (KHTML, like Gecko) Chrome/143.0.0.0 Safari/537.36"}
{"duration":"122ms","ip":"127.0.0.1","level":"info","message":"Request completed","method":"GET","statusCode":200,"timestamp":"2025-12-22T12:28:00.917Z","url":"/plans/2","userAgent":"Mozilla/5.0 (Macintosh; Intel Mac OS X 10_15_7) AppleWebKit/537.36 (KHTML, like Gecko) Chrome/143.0.0.0 Safari/537.36"}
{"duration":"3ms","ip":"127.0.0.1","level":"info","message":"Request completed","method":"GET","statusCode":304,"timestamp":"2025-12-22T12:28:00.922Z","url":"/plans/2","userAgent":"Mozilla/5.0 (Macintosh; Intel Mac OS X 10_15_7) AppleWebKit/537.36 (KHTML, like Gecko) Chrome/143.0.0.0 Safari/537.36"}
{"duration":"14ms","ip":"127.0.0.1","level":"info","message":"Request completed","method":"GET","statusCode":304,"timestamp":"2025-12-22T12:28:19.794Z","url":"/plans","userAgent":"Mozilla/5.0 (Macintosh; Intel Mac OS X 10_15_7) AppleWebKit/537.36 (KHTML, like Gecko) Chrome/143.0.0.0 Safari/537.36"}
{"duration":"1ms","ip":"127.0.0.1","level":"info","message":"Request completed","method":"GET","statusCode":304,"timestamp":"2025-12-22T12:28:19.796Z","url":"/plans","userAgent":"Mozilla/5.0 (Macintosh; Intel Mac OS X 10_15_7) AppleWebKit/537.36 (KHTML, like Gecko) Chrome/143.0.0.0 Safari/537.36"}
{"duration":"3ms","ip":"127.0.0.1","level":"info","message":"Request completed","method":"GET","statusCode":304,"timestamp":"2025-12-22T12:28:24.394Z","url":"/plans","userAgent":"Mozilla/5.0 (Macintosh; Intel Mac OS X 10_15_7) AppleWebKit/537.36 (KHTML, like Gecko) Chrome/143.0.0.0 Safari/537.36"}
{"duration":"2ms","ip":"127.0.0.1","level":"info","message":"Request completed","method":"GET","statusCode":304,"timestamp":"2025-12-22T12:28:24.398Z","url":"/plans","userAgent":"Mozilla/5.0 (Macintosh; Intel Mac OS X 10_15_7) AppleWebKit/537.36 (KHTML, like Gecko) Chrome/143.0.0.0 Safari/537.36"}
{"duration":"38ms","ip":"127.0.0.1","level":"info","message":"Request completed","method":"GET","statusCode":304,"timestamp":"2025-12-22T12:28:45.510Z","url":"/plans","userAgent":"Mozilla/5.0 (Macintosh; Intel Mac OS X 10_15_7) AppleWebKit/537.36 (KHTML, like Gecko) Chrome/143.0.0.0 Safari/537.36"}
{"duration":"1ms","ip":"127.0.0.1","level":"info","message":"Request completed","method":"GET","statusCode":304,"timestamp":"2025-12-22T12:28:45.512Z","url":"/plans","userAgent":"Mozilla/5.0 (Macintosh; Intel Mac OS X 10_15_7) AppleWebKit/537.36 (KHTML, like Gecko) Chrome/143.0.0.0 Safari/537.36"}
{"duration":"2ms","ip":"127.0.0.1","level":"info","message":"Request completed","method":"GET","statusCode":304,"timestamp":"2025-12-22T12:28:48.128Z","url":"/plans","userAgent":"Mozilla/5.0 (Macintosh; Intel Mac OS X 10_15_7) AppleWebKit/537.36 (KHTML, like Gecko) Chrome/143.0.0.0 Safari/537.36"}
{"duration":"2ms","ip":"127.0.0.1","level":"info","message":"Request completed","method":"GET","statusCode":304,"timestamp":"2025-12-22T12:28:48.131Z","url":"/plans","userAgent":"Mozilla/5.0 (Macintosh; Intel Mac OS X 10_15_7) AppleWebKit/537.36 (KHTML, like Gecko) Chrome/143.0.0.0 Safari/537.36"}
{"duration":"2ms","ip":"127.0.0.1","level":"info","message":"Request completed","method":"GET","statusCode":304,"timestamp":"2025-12-22T12:28:52.628Z","url":"/plans","userAgent":"Mozilla/5.0 (Macintosh; Intel Mac OS X 10_15_7) AppleWebKit/537.36 (KHTML, like Gecko) Chrome/143.0.0.0 Safari/537.36"}
{"duration":"2ms","ip":"127.0.0.1","level":"info","message":"Request completed","method":"GET","statusCode":304,"timestamp":"2025-12-22T12:28:52.630Z","url":"/plans","userAgent":"Mozilla/5.0 (Macintosh; Intel Mac OS X 10_15_7) AppleWebKit/537.36 (KHTML, like Gecko) Chrome/143.0.0.0 Safari/537.36"}
{"duration":"31ms","ip":"127.0.0.1","level":"info","message":"Request completed","method":"GET","statusCode":304,"timestamp":"2025-12-22T12:29:04.866Z","url":"/plans","userAgent":"Mozilla/5.0 (Macintosh; Intel Mac OS X 10_15_7) AppleWebKit/537.36 (KHTML, like Gecko) Chrome/143.0.0.0 Safari/537.36"}
{"duration":"2ms","ip":"127.0.0.1","level":"info","message":"Request completed","method":"GET","statusCode":304,"timestamp":"2025-12-22T12:29:04.869Z","url":"/plans","userAgent":"Mozilla/5.0 (Macintosh; Intel Mac OS X 10_15_7) AppleWebKit/537.36 (KHTML, like Gecko) Chrome/143.0.0.0 Safari/537.36"}
{"duration":"4ms","ip":"127.0.0.1","level":"info","message":"Request completed","method":"GET","statusCode":304,"timestamp":"2025-12-22T12:29:09.561Z","url":"/plans","userAgent":"Mozilla/5.0 (Macintosh; Intel Mac OS X 10_15_7) AppleWebKit/537.36 (KHTML, like Gecko) Chrome/143.0.0.0 Safari/537.36"}
{"duration":"11ms","ip":"127.0.0.1","level":"info","message":"Request completed","method":"GET","statusCode":304,"timestamp":"2025-12-22T12:29:09.573Z","url":"/plans","userAgent":"Mozilla/5.0 (Macintosh; Intel Mac OS X 10_15_7) AppleWebKit/537.36 (KHTML, like Gecko) Chrome/143.0.0.0 Safari/537.36"}
{"duration":"1ms","ip":"127.0.0.1","level":"info","message":"Request completed","method":"GET","statusCode":304,"timestamp":"2025-12-22T12:29:09.575Z","url":"/plans/3","userAgent":"Mozilla/5.0 (Macintosh; Intel Mac OS X 10_15_7) AppleWebKit/537.36 (KHTML, like Gecko) Chrome/143.0.0.0 Safari/537.36"}
{"duration":"1ms","ip":"127.0.0.1","level":"info","message":"Request completed","method":"GET","statusCode":304,"timestamp":"2025-12-22T12:29:09.577Z","url":"/plans/3","userAgent":"Mozilla/5.0 (Macintosh; Intel Mac OS X 10_15_7) AppleWebKit/537.36 (KHTML, like Gecko) Chrome/143.0.0.0 Safari/537.36"}
{"duration":"322ms","ip":"127.0.0.1","level":"info","message":"Request completed","method":"POST","statusCode":201,"timestamp":"2025-12-22T12:30:13.850Z","url":"/register","userAgent":"Mozilla/5.0 (Macintosh; Intel Mac OS X 10_15_7) AppleWebKit/537.36 (KHTML, like Gecko) Chrome/143.0.0.0 Safari/537.36"}
{"error":"User with this email already exists","ip":"127.0.0.1","level":"error","message":"Error occurred:","method":"POST","stack":"Error: User with this email already exists\n    at new ConflictError (/Users/pedrodivino/Dev/home_finances/backend/src/core/errors/app-error.ts:45:5)\n    at AuthService.register (/Users/pedrodivino/Dev/home_finances/backend/src/domain/services/auth.service.ts:101:15)\n    at process.processTicksAndRejections (node:internal/process/task_queues:105:5)\n    at async register (/Users/pedrodivino/Dev/home_finances/backend/src/api/controllers/auth.controller.ts:20:22)","timestamp":"2025-12-22T12:30:21.467Z","url":"/api/auth/register","userAgent":"Mozilla/5.0 (Macintosh; Intel Mac OS X 10_15_7) AppleWebKit/537.36 (KHTML, like Gecko) Chrome/143.0.0.0 Safari/537.36"}
{"duration":"6ms","ip":"127.0.0.1","level":"info","message":"Request completed","method":"POST","statusCode":409,"timestamp":"2025-12-22T12:30:21.468Z","url":"/api/auth/register","userAgent":"Mozilla/5.0 (Macintosh; Intel Mac OS X 10_15_7) AppleWebKit/537.36 (KHTML, like Gecko) Chrome/143.0.0.0 Safari/537.36"}
{"duration":"63ms","ip":"127.0.0.1","level":"info","message":"Request completed","method":"GET","statusCode":304,"timestamp":"2025-12-22T12:33:31.471Z","url":"/plans","userAgent":"Mozilla/5.0 (Macintosh; Intel Mac OS X 10_15_7) AppleWebKit/537.36 (KHTML, like Gecko) Chrome/143.0.0.0 Safari/537.36"}
{"duration":"7ms","ip":"127.0.0.1","level":"info","message":"Request completed","method":"GET","statusCode":304,"timestamp":"2025-12-22T12:33:31.479Z","url":"/plans","userAgent":"Mozilla/5.0 (Macintosh; Intel Mac OS X 10_15_7) AppleWebKit/537.36 (KHTML, like Gecko) Chrome/143.0.0.0 Safari/537.36"}
{"duration":"33ms","ip":"127.0.0.1","level":"info","message":"Request completed","method":"GET","statusCode":304,"timestamp":"2025-12-22T12:33:31.507Z","url":"/plans/3","userAgent":"Mozilla/5.0 (Macintosh; Intel Mac OS X 10_15_7) AppleWebKit/537.36 (KHTML, like Gecko) Chrome/143.0.0.0 Safari/537.36"}
{"duration":"1ms","ip":"127.0.0.1","level":"info","message":"Request completed","method":"GET","statusCode":304,"timestamp":"2025-12-22T12:33:31.509Z","url":"/plans/3","userAgent":"Mozilla/5.0 (Macintosh; Intel Mac OS X 10_15_7) AppleWebKit/537.36 (KHTML, like Gecko) Chrome/143.0.0.0 Safari/537.36"}
{"duration":"92ms","ip":"127.0.0.1","level":"info","message":"Request completed","method":"GET","statusCode":304,"timestamp":"2025-12-22T12:33:47.500Z","url":"/plans","userAgent":"Mozilla/5.0 (Macintosh; Intel Mac OS X 10_15_7) AppleWebKit/537.36 (KHTML, like Gecko) Chrome/143.0.0.0 Safari/537.36"}
{"duration":"1ms","ip":"127.0.0.1","level":"info","message":"Request completed","method":"GET","statusCode":304,"timestamp":"2025-12-22T12:33:47.505Z","url":"/plans/3","userAgent":"Mozilla/5.0 (Macintosh; Intel Mac OS X 10_15_7) AppleWebKit/537.36 (KHTML, like Gecko) Chrome/143.0.0.0 Safari/537.36"}
{"duration":"13ms","ip":"127.0.0.1","level":"info","message":"Request completed","method":"GET","statusCode":304,"timestamp":"2025-12-22T12:34:06.420Z","url":"/plans","userAgent":"Mozilla/5.0 (Macintosh; Intel Mac OS X 10_15_7) AppleWebKit/537.36 (KHTML, like Gecko) Chrome/143.0.0.0 Safari/537.36"}
{"duration":"3ms","ip":"127.0.0.1","level":"info","message":"Request completed","method":"GET","statusCode":304,"timestamp":"2025-12-22T12:34:06.428Z","url":"/plans/3","userAgent":"Mozilla/5.0 (Macintosh; Intel Mac OS X 10_15_7) AppleWebKit/537.36 (KHTML, like Gecko) Chrome/143.0.0.0 Safari/537.36"}
